# Läkemedel som säljs i Sverige – Läkemedelsverket, CC BY 4.0 (https://www.lakemedelsverket.se/sv/om-webbplatsen/oppna-data)
# updated 2026-10-10
Abacavir/Lamivudine Accord	600 mg/300 mg	Filmdragerad tablett
Abacavir/Lamivudine Glenmark	600 mg/300 mg	Filmdragerad tablett
Abacavir/Lamivudine Medical Valley	600 mg/300 mg	Filmdragerad tablett
Abacavir/Lamivudine Sandoz	600 mg/300 mg	Filmdragerad tablett
Abacavir/Lamivudine STADA	600 mg/300 mg	Filmdragerad tablett
Abakavir/Lamivudin Viatris	600 mg/300 mg	Filmdragerad tablett
ABASAGLAR	100 enheter/ml	Injektionsvätska, lösning i cylinderampull
ABASAGLAR KwikPen	100 enheter/ml	Injektionsvätska, lösning i förfylld injektionspenna
Abbonate	20 mg	Filmdragerad tablett
Abboticin	1 g	Pulver till infusionsvätska, lösning
Abboticin	250 mg	Filmdragerad tablett
Abdomin Junior Neutral		Pulver till oral lösning i dospåse
Abdomin Neutral		Pulver till oral lösning i dospåse
Abecol	180 mg/43,7 mg	Tuggtablett
Abetip	10 mg	Filmdragerad tablett
Abetip	20 mg	Filmdragerad tablett
Abevmy	25 mg/ml	Koncentrat till infusionsvätska, lösning
Abilify	1 mg/ml	Oral lösning
Abilify	5 mg	Tablett
Abilify	7,5 mg/ml	Injektionsvätska, lösning
Abilify	10 mg	Munsönderfallande tablett
Abilify	10 mg	Tablett
Abilify	15 mg	Munsönderfallande tablett
Abilify	15 mg	Tablett
Abilify	30 mg	Tablett
ABILIFY MAINTENA	400 mg	Pulver och vätska till injektionsvätska, depotsuspension
ABILIFY MAINTENA	400 mg	Pulver och vätska till injektionsvätska, depotsuspension i förfylld spruta
ABILIFY MAINTENA	720 mg	Injektionsvätska, depotsuspension i förfylld spruta
ABILIFY MAINTENA	960 mg	Injektionsvätska, depotsuspension i förfylld spruta
Abirateron Avansor	500 mg	Filmdragerad tablett
Abirateron Medical Valley	500 mg	Filmdragerad tablett
Abirateron Sandoz	500 mg	Filmdragerad tablett
Abirateron Teva	500 mg	Filmdragerad tablett
Abiraterone Accord	500 mg	Filmdragerad tablett
Abiraterone Glenmark	500 mg	Filmdragerad tablett
Abiraterone Krka	500 mg	Filmdragerad tablett
Abiraterone Mylan	500 mg	Filmdragerad tablett
Abiraterone Qilu	500 mg	Filmdragerad tablett
Abiraterone STADA	500 mg	Filmdragerad tablett
Abiraterone Zentiva	500 mg	Filmdragerad tablett
Abraxane	5 mg/ml	Pulver till infusionsvätska, dispersion
Abrysvo		Pulver och vätska till injektionsvätska, lösning
Absenor	60 mg/ml	Oral lösning
Absenor	100 mg	Enterotablett
Absenor	200 mg/ml	Orala droppar, lösning
Absenor	300 mg	Enterotablett
Absenor	500 mg	Enterotablett
Absenor Depot	300 mg	Depottablett
Absenor Depot	500 mg	Depottablett
Abstral	100 mikrogram	Resoriblett, sublingual
Abstral	200 mikrogram	Resoriblett, sublingual
Abstral	300 mikrogram	Resoriblett, sublingual
Abstral	400 mikrogram	Resoriblett, sublingual
Abstral	600 mikrogram	Resoriblett, sublingual
Abstral	800 mikrogram	Resoriblett, sublingual
ACARIZAX	12 SQ-HDM	Frystorkad sublingual tablett
Accofil	12 ME/0,2 ml	Injektions- / infusionsvätska, lösning i förfylld spruta
Accofil	30 ME/0,5 ml	Injektions- / infusionsvätska, lösning i förfylld spruta
Accofil	48 ME/0,5 ml	Injektions- / infusionsvätska, lösning i förfylld spruta
Accofil	70 ME/0,73 ml	Injektions- / infusionsvätska, lösning i förfylld spruta
Acetylcystein 1A Farma	200 mg	Brustablett
Acetylcystein Alternova	200 mg	Brustablett
Acetylcystein Viatris	200 mg	Brustablett
Acetylcystein Viatris	200 mg/ml	Lösning för nebulisator
Acetylcysteine Macure	200 mg/ml	Koncentrat till infusionsvätska, lösning
Acetylsalicylsyra ABECE	500 mg	Tablett
Acetylsalicylsyra Evolan	75 mg	Filmdragerad tablett
Acetylsalicylsyra G.L. Pharma	75 mg	Tablett
Acetylsalicylsyra Teva	75 mg	Tablett
Aciclovir Accord	25 mg/ml	Koncentrat till infusionsvätska, lösning
Aciclovir Orion	200 mg	Tablett
Aciclovir Orion	400 mg	Tablett
Aciclovir Pfizer	25 mg/ml	Koncentrat till infusionsvätska, lösning
Aciclovir Sandoz	200 mg	Tablett
Aciclovir Sandoz	400 mg	Tablett
Aciclovir SUN	200 mg	Tablett
Aciclovir SUN	400 mg	Tablett
Aciclovir SUN	800 mg	Tablett
Aciklovir ABECE	50 mg/g	Kutant stift
Aciklovir STADA	200 mg	Tablett
Aciklovir STADA	400 mg	Tablett
Aciklovir STADA	800 mg	Tablett
Acitretin Orifarm	10 mg	Kapsel, hård
Acitretin Orifarm	25 mg	Kapsel, hård
Aclasta	5 mg	Infusionsvätska, lösning
Acnatac	10 mg/g + 0,25 mg/g	Gel
Aco Acnegel	20 mg/g	Gel
Act-HIB		Pulver och vätska till injektionsvätska, lösning
Actikerall	5 mg/g + 100 mg/g	Kutan lösning
Actilyse		Pulver och vätska till injektions-/infusionsvätska, lösning
Actilyse	2 mg	Pulver till injektions-/infusionsvätska, lösning
Actiq	200 mikrogram	Komprimerad sugtablett
Actiq	400 mikrogram	Komprimerad sugtablett
Actiq	600 mikrogram	Komprimerad sugtablett
Actiq	800 mikrogram	Komprimerad sugtablett
Activelle	1 mg/0,5 mg	Filmdragerad tablett
Actos	45 mg	Tablett
Adalat Oros	30 mg	Depottablett
Adapalene/Benzoyl peroxide Orifarm	1 mg/g + 25 mg/g	Gel
ADARTREL	0,5 mg	Filmdragerad tablett
ADARTREL	0,25 mg	Filmdragerad tablett
ADARTREL	2 mg	Filmdragerad tablett
ADCETRIS	50 mg	Pulver till koncentrat till infusionsvätska, lösning
Addaven		Koncentrat till infusionsvätska, lösning
Addens-Kaliumklorid B. Braun	1 mmol/ml	Koncentrat till infusionsvätska, lösning
Addens-Kaliumklorid B. Braun	2 mmol/ml	Koncentrat till infusionsvätska, lösning
Addens-Natriumklorid B. Braun	4 mmol/ml	Koncentrat till infusionsvätska, lösning
Addex-Ammoniumklorid	4 mmol/ml	Koncentrat till infusionsvätska, lösning
Addex-Kalium	2 mmol/ml	Koncentrat till infusionsvätska, lösning
Addex-Kaliumklorid	2 mmol/ml	Koncentrat till infusionsvätska, lösning
Addex-Magnesium	1 mmol/ml	Koncentrat till infusionsvätska, lösning
Addex-Natriumklorid	4 mmol/ml	Koncentrat till infusionsvätska, lösning
Addex-THAM	3,3 mmol/ml	Koncentrat till infusionsvätska, lösning
Adempas	0,5 mg	Filmdragerad tablett
Adempas	1 mg	Filmdragerad tablett
Adempas	1,5 mg	Filmdragerad tablett
Adempas	2 mg	Filmdragerad tablett
Adempas	2,5 mg	Filmdragerad tablett
Adenosin Life Medical	5 mg/ml	Injektions-/infusionsvätska, lösning
Adenosin Macure	5 mg/ml	Injektions-/infusionsvätska, lösning
ADENURIC	80 mg	Filmdragerad tablett
ADENURIC	120 mg	Filmdragerad tablett
Adoport	0,5 mg	Kapsel, hård
Adoport	0,75 mg	Kapsel, hård
Adoport	1 mg	Kapsel, hård
Adoport	5 mg	Kapsel, hård
Adport	0,5 mg	Kapsel, hård
Adport	0,75 mg	Kapsel, hård
Adport	1 mg	Kapsel, hård
Adport	2 mg	Kapsel, hård
Adport	5 mg	Kapsel, hård
Adrenalin 2care4	1 mg/ml	Injektionsvätska, lösning
Adrenalin Aguettant	0,1 mg/ml	Injektionsvätska, lösning i förfylld spruta
Adrenalin Bradex	1 mg/ml	Injektionsvätska, lösning
Adrenalin Martindale Pharma	0,1 mg/ml	Injektionsvätska, lösning
Adrenalin Viatris	1 mg/ml	Injektionsvätska, lösning
Adtralza	150 mg	Injektionsvätska, lösning i förfylld spruta
Adtralza	300 mg	Injektionsvätska, lösning i förfylld injektionspenna
Advagraf	0,5 mg	Depotkapsel, hård
Advagraf	1 mg	Depotkapsel, hård
Advagraf	3 mg	Depotkapsel, hård
Advagraf	5 mg	Depotkapsel, hård
ADVATE	250 IE (2 ml)	Pulver och vätska till injektionsvätska, lösning
ADVATE	1000 IE (2 ml)	Pulver och vätska till injektionsvätska, lösning
ADVATE	1500 IE (2 ml)	Pulver och vätska till injektionsvätska, lösning
ADVATE	2000 IE	Pulver och vätska till injektionsvätska, lösning
ADVATE	3000 IE	Pulver och vätska till injektionsvätska, lösning
ADYNOVI	500 IE/2 ml	Pulver och vätska till injektionsvätska, lösning
ADYNOVI	1000 IE/2 ml	Pulver och vätska till injektionsvätska, lösning
ADYNOVI	2000 IE/5 ml	Pulver och vätska till injektionsvätska, lösning
ADYNOVI	3000 IE/5 ml	Pulver och vätska till injektionsvätska, lösning
ADZYNMA	500 IE	Pulver och vätska till injektionsvätska, lösning
ADZYNMA	1500 IE	Pulver och vätska till injektionsvätska, lösning
Aerius	0,5 mg/ml	Oral lösning
Aerius	5 mg	Filmdragerad tablett
AeroBec	100 mikrogram/dos	Inhalationsspray, lösning
AeroBec Autohaler	50 mikrogram/dos	Inhalationsspray, lösning
AeroBec Autohaler	100 mikrogram/dos	Inhalationsspray, lösning
Aethoxysklerol	5 mg/ml	Injektionsvätska, lösning
Aethoxysklerol	10 mg/ml	Injektionsvätska, lösning
Aethoxysklerol	30 mg/ml	Injektionsvätska, lösning
Affenid	10 mg	Kapsel med modifierad frisättning, hård
Affenid	20 mg	Kapsel med modifierad frisättning, hård
Affenid	30 mg	Kapsel med modifierad frisättning, hård
Affenid	40 mg	Kapsel med modifierad frisättning, hård
Affenid	60 mg	Kapsel med modifierad frisättning, hård
Afinitor	5 mg	Tablett
Afinitor	10 mg	Tablett
Aforbe	100 mikrogram/6 mikrogram/dos	Inhalationsspray, lösning
Aforbe	200 mikrogram/6 mikrogram/dos	Inhalationsspray, lösning
Afqlir	40 mg/ml	Injektionsvätska, lösning i förfylld spruta
AFSTYLA	250 IE	Pulver och vätska till injektionsvätska, lösning
AFSTYLA	500 IE	Pulver och vätska till injektionsvätska, lösning
AFSTYLA	1000 IE	Pulver och vätska till injektionsvätska, lösning
AFSTYLA	1500 IE	Pulver och vätska till injektionsvätska, lösning
AFSTYLA	2000 IE	Pulver och vätska till injektionsvätska, lösning
AFSTYLA	2500 IE	Pulver och vätska till injektionsvätska, lösning
AFSTYLA	3000 IE	Pulver och vätska till injektionsvätska, lösning
AGAMREE	40 mg/ml	Oral suspension
Aggrastat	50 mikrogram/ml	Infusionsvätska, lösning
Agilus	120 mg	Pulver till injektionsvätska, lösning
Agomelatin Glenmark	25 mg	Filmdragerad tablett
Agomelatine STADA	25 mg	Filmdragerad tablett
Agomelatine Viatris	25 mg	Filmdragerad tablett
Aimovig	70 mg	Injektionsvätska, lösning i förfylld injektionspenna
Aimovig	140 mg	Injektionsvätska, lösning i förfylld injektionspenna
Airapy	100 %	Medicinsk gas, komprimerad
Airflusal Forspiro	50 mikrogram/250 mikrogram/dos	Inhalationspulver, avdelad dos
Airflusal Forspiro	50 mikrogram/500 mikrogram/dos	Inhalationspulver, avdelad dos
Airomir	0,1 mg/dos	Inhalationsspray, suspension
Airomir	1 mg/ml	Lösning för nebulisator
Airomir	2 mg/ml	Lösning för nebulisator
Airomir Autohaler	0,1 mg/dos	Inhalationsspray, suspension
Aitgrys	100 RI + 300 RI	Resoriblett, sublingual
Aitgrys	300 RI	Resoriblett, sublingual
Aitmyte	100 RI	Resoriblett, sublingual
Aitmyte	100 RI + 300 RI	Resoriblett, sublingual
Aitmyte	300 RI	Resoriblett, sublingual
AJOVY	225 mg	Injektionsvätska, lösning i förfylld injektionspenna
AJOVY	225 mg	Injektionsvätska, lösning i förfylld spruta
Akamprosat Viatris	333 mg	Enterotablett
AKANTIOR	0,8 mg/ml	Ögondroppar, lösning i endosbehållare
Akeega	50 mg/500 mg	Filmdragerad tablett
Akeega	100 mg/500 mg	Filmdragerad tablett
Akineton	2 mg	Tablett
Akineton	5 mg/ml	Injektionsvätska, lösning
Aklief	50 mikrogram/g	Kräm
Akynzeo	300 mg/0,5 mg	Kapsel, hård
Albumin Baxalta	50 g/l	Infusionsvätska, lösning
Albumin Baxalta	200 g/l	Infusionsvätska, lösning
Albunorm	40 g/l	Infusionsvätska, lösning
Albunorm	50 g/l	Infusionsvätska, lösning
Albunorm	200 g/l	Infusionsvätska, lösning
Alburex	50 g/l	Infusionsvätska, lösning
Alburex	200 g/l	Infusionsvätska, lösning
Albutein	50 g/l	Infusionsvätska, lösning
Albutein	200 g/l	Infusionsvätska, lösning
Alcosanal	110 mg/g	Rektalsalva
ALDARA	5 %	Kräm
Aldurazyme	100 U/ml	Koncentrat till infusionsvätska, lösning
Alecensa	150 mg	Kapsel, hård
Alendronat Abacus Medicine Veckotablett	70 mg	Tablett
Alendronat Aurobindo Veckotablett	70 mg	Tablett
Alendronat Bluefish Veckotablett	70 mg	Tablett
Alendronat Ebb Veckotablett	70 mg	Tablett
Alendronat Sandoz Veckotablett	70 mg	Filmdragerad tablett
Alendronat STADA Veckotablett	70 mg	Tablett
Alendronat Teva Veckotablett	70 mg	Tablett
Alendronat Viatris Veckotablett	70 mg	Tablett
Alensol	70 mg	Oral lösning
Alfacalcidol Strides	0,5 mikrogram	Kapsel, mjuk
Alfacalcidol Strides	0,25 mikrogram	Kapsel, mjuk
Alfadil	4 mg	Depottablett
Alfadil	8 mg	Depottablett
Alfadil BPH	4 mg	Depottablett
Alfadil BPH	8 mg	Depottablett
Alfentanil Hameln	0,5 mg/ml	Injektionsvätska, lösning
Alfentanil Kalceks	0,5 mg/ml	Injektions-/infusionsvätska, lösning
Alfuzosin Orion	10 mg	Depottablett
Alfuzosin Rivopharm	10 mg	Depottablett
Alfuzosin Sandoz	10 mg	Depottablett
Alfuzosin STADA	10 mg	Depottablett
Alfuzosin Teva	10 mg	Depottablett
Alfuzosin Viatris	10 mg	Depottablett
Alganex	20 mg	Tablett
Alhemo	60 mg/1,5 ml	Injektionsvätska, lösning i förfylld injektionspenna
Alhemo	150 mg/1,5 ml	Injektionsvätska, lösning i förfylld injektionspenna
Alhemo	300 mg/3 ml	Injektionsvätska, lösning i förfylld injektionspenna
Alimemazin Evolan	20 mg	Kapsel, hård
Alimemazin Evolan	40 mg/ml	Orala droppar, lösning
Alimemazin Orifarm	40 mg/ml	Orala droppar, lösning
Alitretinoin 2care4	10 mg	Kapsel, mjuk
Alitretinoin 2care4	30 mg	Kapsel, mjuk
Alitretinoin Ebb	10 mg	Kapsel, mjuk
Alitretinoin Ebb	30 mg	Kapsel, mjuk
Alitretinoin Orifarm	10 mg	Kapsel, mjuk
Alitretinoin Orifarm	30 mg	Kapsel, mjuk
ALK-Diluent		Spädningsvätska för parenteral användning
Alkacit	10 mEq	Tablett med modifierad frisättning
Alkeran	2 mg	Filmdragerad tablett
Alkeran	50 mg	Pulver och vätska till injektionsvätska, lösning
Alkindi	0,5 mg	Granulat i kapsel avsedd att öppnas
Alkindi	1 mg	Granulat i kapsel avsedd att öppnas
Alkindi	2 mg	Granulat i kapsel avsedd att öppnas
Alkindi	5 mg	Granulat i kapsel avsedd att öppnas
Allegra	120 mg	Filmdragerad tablett
Allgil	20 mg/ml	Ögondroppar, lösning
Allopurinol Accord	100 mg	Tablett
Allopurinol Accord	300 mg	Tablett
Allopurinol Nordic Drugs	100 mg	Tablett
Allopurinol Nordic Drugs	300 mg	Tablett
Allopurinol Orifarm	100 mg	Tablett
Allopurinol Orifarm	300 mg	Tablett
Allopurinol Orion	100 mg	Tablett
Allopurinol Orion	300 mg	Tablett
Allopurinol Sandoz	100 mg	Tablett
Allopurinol Sandoz	300 mg	Tablett
Allopurinol Teva	100 mg	Tablett
Allopurinol Teva	300 mg	Tablett
Alluzience	200 Speywood-enheter/ml	Injektionsvätska, lösning
Almogran	12,5 mg	Filmdragerad tablett
Aloxi	250 mikrogram	Injektionsvätska, lösning
Aloxi	500 mikrogram	Kapsel, mjuk
Alphagan	0,2 % (2 mg/ml)	Ögondroppar, lösning
Alprazolam Grindeks	0,5 mg	Tablett
Alprazolam Grindeks	0,25 mg	Tablett
Alprazolam Grindeks	1 mg	Tablett
Alprazolam Krka	0,5 mg	Depottablett
Alprazolam Krka	1 mg	Depottablett
Alprazolam Krka	2 mg	Depottablett
Alprazolam Krka d.d.	0,5 mg	Tablett
Alprazolam Krka d.d.	0,25 mg	Tablett
Alprazolam Krka d.d.	1 mg	Tablett
Alprazolam Krka d.d.	2 mg	Tablett
Alprazolam Orion	0,5 mg	Tablett
Alprazolam Orion	0,25 mg	Tablett
Alprazolam Orion	1 mg	Tablett
ALPROLIX	250 IE	Pulver och vätska till injektionsvätska, lösning
ALPROLIX	500 IE	Pulver och vätska till injektionsvätska, lösning
ALPROLIX	1000 IE	Pulver och vätska till injektionsvätska, lösning
ALPROLIX	2000 IE	Pulver och vätska till injektionsvätska, lösning
ALPROLIX	3000 IE	Pulver och vätska till injektionsvätska, lösning
Alprostadil Ebb	0,5 mg/ml	Koncentrat till infusionsvätska, lösning
Altermol	500 mg/30 mg	Tablett
Altifex	120 mg	Filmdragerad tablett
Altifex	180 mg	Filmdragerad tablett
ALTUVOCT	250 IE	Pulver och vätska till injektionsvätska, lösning
ALTUVOCT	500 IE	Pulver och vätska till injektionsvätska, lösning
ALTUVOCT	1000 IE	Pulver och vätska till injektionsvätska, lösning
ALTUVOCT	2000 IE	Pulver och vätska till injektionsvätska, lösning
ALTUVOCT	3000 IE	Pulver och vätska till injektionsvätska, lösning
ALTUVOCT	4000 IE	Pulver och vätska till injektionsvätska, lösning
Alunbrig	30 mg	Filmdragerad tablett
Alunbrig	90 mg	Filmdragerad tablett
Alunbrig	90 mg + 180 mg	Filmdragerad tablett
Alunbrig	180 mg	Filmdragerad tablett
Alutard SQ 2-Dermatophagoides Kvalster	100 000 SQ-E/ml	Injektionsvätska, suspension
Alutard SQ 2-Dermatophagoides Kvalster	Styrkeserie	Injektionsvätska, suspension
Alutard SQ Bigift	100 000 SQ-E/ml	Injektionsvätska, suspension
Alutard SQ Bigift	Styrkeserie	Injektionsvätska, suspension
Alutard SQ Björk	100 000 SQ-E/ml	Injektionsvätska, suspension
Alutard SQ Björk	Styrkeserie	Injektionsvätska, suspension
Alutard SQ Dermatophagoides Pteronyssinus	100 000 SQ-E/ml	Injektionsvätska, suspension
Alutard SQ Getinggift	100 000 SQ-E/ml	Injektionsvätska, suspension
Alutard SQ Getinggift	Styrkeserie	Injektionsvätska, suspension
Alutard SQ Hundhår	100 000 SQ-E/ml	Injektionsvätska, suspension
Alutard SQ Hundhår	Styrkeserie	Injektionsvätska, suspension
Alutard SQ Katthår	100 000 SQ-E/ml	Injektionsvätska, suspension
Alutard SQ Katthår	Styrkeserie	Injektionsvätska, suspension
Alutard SQ Timotej	100 000 SQ-E/ml	Injektionsvätska, suspension
Alutard SQ Timotej	Styrkeserie	Injektionsvätska, suspension
Alvedon	24 mg/ml	Oral suspension
Alvedon	60 mg	Suppositorium
Alvedon	125 mg	Suppositorium
Alvedon	250 mg	Munsönderfallande tablett
Alvedon	250 mg	Suppositorium
Alvedon	500 mg	Brustablett
Alvedon	500 mg	Filmdragerad tablett
Alvedon	500 mg	Munsönderfallande tablett
Alvedon	500 mg	Suppositorium
Alvedon forte	1 g	Filmdragerad tablett
Alvedon Novum	500 mg	Filmdragerad tablett
Alvesco	80 mikrogram/dos	Inhalationsspray, lösning
Alvesco	160 mikrogram/dos	Inhalationsspray, lösning
Alyftrek	50 mg/20 mg/4 mg	Filmdragerad tablett
Alyftrek	125 mg/50 mg/10 mg	Filmdragerad tablett
Alymsys	25 mg/ml	Koncentrat till infusionsvätska, lösning
Ambirix		Injektionsvätska, suspension, förfylld spruta
AmBisome liposomal	50 mg	Pulver till infusionsvätska, dispersion
Ambofoz	100 mikrogram/6 mikrogram per dos	Inhalationsspray, lösning
Ambofoz	200 mikrogram/6 mikrogram/dos	Inhalationsspray, lösning
Ambrisentan Accord	5 mg	Filmdragerad tablett
Ambrisentan Accord	10 mg	Filmdragerad tablett
Ambrisentan Bluefish	5 mg	Filmdragerad tablett
Ambrisentan Bluefish	10 mg	Filmdragerad tablett
Ambrisentan Sandoz	5 mg	Filmdragerad tablett
Ambrisentan Sandoz	10 mg	Filmdragerad tablett
Ambrisentan Viatris	5 mg	Filmdragerad tablett
Ambrisentan Viatris	10 mg	Filmdragerad tablett
Amelgen	400 mg	Vagitorium
Ameluz	78 mg/g	Gel
AMGEVITA	20 mg	Injektionsvätska, lösning i förfylld spruta
AMGEVITA	20 mg/0,2 ml	Injektionsvätska, lösning i förfylld spruta
AMGEVITA	40 mg/0,4 ml	Injektionsvätska, lösning i förfylld injektionspenna
AMGEVITA	40 mg/0,4 ml	Injektionsvätska, lösning i förfylld spruta
Amikacin Macure	250 mg/ml	Injektionsvätska, lösning
Amiloferm	5 mg/50 mg	Tablett
Amiloferm mite	2,5 mg/25 mg	Tablett
Amimox	50 mg/ml	Granulat till oral suspension
Amimox	100 mg/ml	Granulat till oral suspension
Amimox	500 mg	Filmdragerad tablett
Amimox	750 mg	Filmdragerad tablett
Amiodaron Evolan	100 mg	Tablett
Amiodaron Evolan	200 mg	Tablett
Amiodaron hameln	50 mg/ml	Koncentrat till injektions-/infusionsvätska, lösning
Amitriptylin Abcur	10 mg	Filmdragerad tablett
Amitriptylin Abcur	25 mg	Filmdragerad tablett
Amitriptylin Abcur	50 mg	Filmdragerad tablett
Amitriptylin Orifarm	10 mg	Filmdragerad tablett
Amitriptylin Orifarm	25 mg	Filmdragerad tablett
Amlodipin Accord	5 mg	Tablett
Amlodipin Accord	10 mg	Tablett
Amlodipin Amarox	5 mg	Tablett
Amlodipin Amarox	10 mg	Tablett
Amlodipin Bluefish	5 mg	Tablett
Amlodipin Bluefish	10 mg	Tablett
Amlodipin Krka	5 mg	Tablett
Amlodipin Krka	10 mg	Tablett
Amlodipin Medical Valley	5 mg	Tablett
Amlodipin Medical Valley	10 mg	Tablett
Amlodipin Sandoz	5 mg	Tablett
Amlodipin Sandoz	10 mg	Tablett
Amlodipin Zentiva	5 mg	Tablett
Amlodipin Zentiva	10 mg	Tablett
Amlodipin/Valsartan Krka	5 mg/80 mg	Filmdragerad tablett
Amlodipin/Valsartan Krka	5 mg/160 mg	Filmdragerad tablett
Amlodipin/Valsartan Krka	10 mg/160 mg	Filmdragerad tablett
Amlodipin/Valsartan STADA	5 mg/80 mg	Filmdragerad tablett
Amlodipin/Valsartan STADA	5 mg/160 mg	Filmdragerad tablett
Amlodipin/Valsartan STADA	10 mg/160 mg	Filmdragerad tablett
Amlodipine Teva	5 mg	Tablett
Amlodipine Teva	10 mg	Tablett
Amlodipine Vitabalans	5 mg	Tablett
Amlodipine Vitabalans	10 mg	Tablett
Amlodistad	5 mg	Tablett
Amlodistad	10 mg	Tablett
Ammonaps	500 mg	Tablett
Amorest 28	250 mikrogram/35 mikrogram	Tablett
Amorolfin ABECE	5 %	Medicinskt nagellack
Amorolfin Apofri	5 %	Medicinskt nagellack
Amorolfin Viatris	5 %	Medicinskt nagellack
Amotaks	1 g	Tablett
Amotaks	500 mg	Tablett
Amotaks	750 mg	Tablett
Amoxicillin 2care4	750 mg	Filmdragerad tablett
Amoxicillin Abacus Medicine	750 mg	Filmdragerad tablett
Amoxicillin Ebb	1 g	Dispergerbar tablett
Amoxicillin Ebb	100 mg/ml	Pulver till oral suspension
Amoxicillin Ebb	750 mg	Filmdragerad tablett
Amoxicillin Krka	1 g	Dispergerbar tablett
Amoxicillin Sandoz	100 mg/ml	Pulver till oral suspension
Amoxicillin Sandoz	500 mg	Filmdragerad tablett
Amoxicillin Sandoz	750 mg	Dispergerbar tablett
Amoxicillin Sandoz	750 mg	Filmdragerad tablett
Amoxicillin/Clavulanic acid Aurobindo	500 mg/125 mg	Filmdragerad tablett
Amoxicillin/Clavulanic acid Aurobindo	875 mg/125 mg	Filmdragerad tablett
Amoxicillin/Clavulanic acid BB	500 mg/125 mg	Filmdragerad tablett
Amoxicillin/Clavulanic acid BB	875 mg/125 mg	Filmdragerad tablett
Amoxicillin/Clavulanic acid Bioglan	875 mg/125 mg	Filmdragerad tablett
Amoxicillin/Klavulansyra Ebb	875 mg/125 mg	Filmdragerad tablett
Amphotericin B liposomal Tillomed	50 mg	Pulver till koncentrat till infusionsvätska, dispersion
Ampitar	1 g	Pulver till injektions-/infusionsvätska, lösning
Ampitar	2 g	Pulver till injektions-/infusionsvätska, lösning
Ampres	10 mg/ml	Injektionsvätska, lösning
Amsalyo	75 mg	Pulver till koncentrat till infusionsvätska, lösning
Amvuttra	25 mg	Injektionsvätska, lösning i förfylld spruta
Amzolynic	500 mg	Pulver till koncentrat till infusionsvätska, lösning
Anafranil	10 mg	Dragerad tablett
Anafranil	12,5 mg/ml	Injektionsvätska, lösning
Anafranil	25 mg	Dragerad tablett
Anafranil Retard	75 mg	Depottablett
Anagrelid Accordpharma	0,5 mg	Kapsel, hård
Anagrelid Avansor	0,5 mg	Kapsel, hård
Anagrelide Bluefish	0,5 mg	Kapsel, hård
Anagrelide Glenmark	0,5 mg	Kapsel, hård
Anagrelide Sandoz	0,5 mg	Kapsel, hård
Anagrelide STADA	0,5 mg	Kapsel, hård
Anapen	0,3 mg/dos	Injektionsvätska, lösning i förfylld spruta
Anapen Junior	0,15 mg/dos	Injektionsvätska, lösning i förfylld spruta
Anastelb	1 mg	Filmdragerad tablett
Anastrella 28	150 mikrogram/30 mikrogram	Filmdragerad tablett
Anastrozol Medical Valley	1 mg	Filmdragerad tablett
Anastrozol Sandoz	1 mg	Filmdragerad tablett
Anastrozole Accord	1 mg	Filmdragerad tablett
Anastrozole Bluefish	1 mg	Filmdragerad tablett
Anastrozole TEVA	1 mg	Filmdragerad tablett
Andapsin	1 g	Tablett
Andapsin	200 mg/ml	Oral suspension
ANDEMBRY	200 mg	Injektionsvätska, lösning i förfylld injektionspenna
Andolex	1,5 mg/ml	Munsköljvätska
Androcur	50 mg	Tablett
Angusta	25 mikrogram	Tablett
Anidulafungin Accord	100 mg	Pulver till koncentrat till infusionsvätska, lösning
Anidulafungin Sandoz	100 mg	Pulver till koncentrat till infusionsvätska, lösning
Anidulafungin STADA	100 mg	Pulver till koncentrat till infusionsvätska, lösning
Anivo	300 mg	Kapsel, hård
Anivo	400 mg	Kapsel, hård
Anksilon	5 mg	Tablett
Anksilon	10 mg	Tablett
Anoctarin	60 mikrogram	Frystorkad sublingual tablett
Anoctarin	120 mikrogram	Frystorkad sublingual tablett
Anoctarin	240 mikrogram	Frystorkad sublingual tablett
ANORO ELLIPTA	55 mikrogram/22 mikrogram	Inhalationspulver, avdelad dos
Ansatipin	150 mg	Kapsel, hård
Antabus	200 mg	Brustablett
Antabus	400 mg	Brustablett
Antabuse	400 mg	Brustablett
Anti	5 %	Kräm
Antithrombin III Baxalta		Pulver och vätska till injektions-/infusionsvätska, lösning
Anzupgo	20 mg/g	Kräm
Apexelsin	5 mg/ml	Pulver till infusionsvätska, dispersion
Aphiahsone	50 mikrogram/dos	Nässpray, suspension
Apidra	100 enheter/ml	Injektionsvätska, lösning
Apidra (SoloStar)	100 enheter/ml	Injektionsvätska, lösning i förfylld injektionspenna
Apliora	8 mg	Tablett
APO-go PEN	10 mg/ml	Injektionsvätska, lösning
APO-go Pumpfill	5 mg/ml	Infusionsvätska, lösning i förfylld spruta
Apomorfin PharmSwed	5 mg/ml	Infusionsvätska, lösning
Apremilast Accord	10 mg + 20 mg + 30 mg	Filmdragerad tablett
Apremilast Accord	30 mg	Filmdragerad tablett
Apremilast Avansor	30 mg	Filmdragerad tablett
Apremilast Hexal	30 mg	Filmdragerad tablett
Apremilast Krka	10 mg + 20 mg + 30 mg	Filmdragerad tablett
Apremilast Krka	30 mg	Filmdragerad tablett
Apremilast STADA	10 mg + 20 mg + 30 mg	Filmdragerad tablett
Apremilast STADA	30 mg	Filmdragerad tablett
Apremilast Teva	30 mg	Filmdragerad tablett
Apremilast Zentiva	10 mg + 20 mg + 30 mg	Filmdragerad tablett
Apremilast Zentiva	30 mg	Filmdragerad tablett
Aprepitant Medical Valley	125 mg + 80 mg	Kapsel, hård
Aprepitant STADA	80 mg	Kapsel, hård
Aprepitant STADA	125 mg	Kapsel, hård
Aprepitant STADA	125 mg + 80 mg	Kapsel, hård
Apresolin	25 mg	Tablett
Aprokam	50 mg	Pulver till injektionsvätska, lösning
Aquagen SQ Bigift	100 000 SQ-E/ml	Pulver och vätska till injektionsvätska, lösning
Aquagen SQ Getinggift	100 000 SQ-E/ml	Pulver och vätska till injektionsvätska, lösning
AQUIPTA	10 mg	Tablett
AQUIPTA	60 mg	Tablett
AQUMELDI	0,25 mg	Munsönderfallande tablett
AQUMELDI	1 mg	Munsönderfallande tablett
Aranesp	10 mikrogram	Injektionsvätska, lösning i förfylld spruta
Aranesp	20 mikrogram	Injektionsvätska, lösning i förfylld injektionspenna
Aranesp	20 mikrogram	Injektionsvätska, lösning i förfylld spruta
Aranesp	30 mikrogram	Injektionsvätska, lösning i förfylld spruta
Aranesp	40 mikrogram	Injektionsvätska, lösning i förfylld injektionspenna
Aranesp	40 mikrogram	Injektionsvätska, lösning i förfylld spruta
Aranesp	50 mikrogram	Injektionsvätska, lösning i förfylld spruta
Aranesp	60 mikrogram	Injektionsvätska, lösning i förfylld injektionspenna
Aranesp	60 mikrogram	Injektionsvätska, lösning i förfylld spruta
Aranesp	80 mikrogram	Injektionsvätska, lösning i förfylld injektionspenna
Aranesp	80 mikrogram	Injektionsvätska, lösning i förfylld spruta
Aranesp	100 mikrogram	Injektionsvätska, lösning i förfylld injektionspenna
Aranesp	100 mikrogram	Injektionsvätska, lösning i förfylld spruta
Aranesp	130 mikrogram	Injektionsvätska, lösning i förfylld spruta
Aranesp	150 mikrogram	Injektionsvätska, lösning i förfylld injektionspenna
Aranesp	150 mikrogram	Injektionsvätska, lösning i förfylld spruta
Aranesp	300 mikrogram	Injektionsvätska, lösning i förfylld injektionspenna
Aranesp	300 mikrogram	Injektionsvätska, lösning i förfylld spruta
Aranesp	500 mikrogram	Injektionsvätska, lösning i förfylld injektionspenna
Aranesp	500 mikrogram	Injektionsvätska, lösning i förfylld spruta
Arcoxia	30 mg	Filmdragerad tablett
Arcoxia	60 mg	Filmdragerad tablett
Arcoxia	90 mg	Filmdragerad tablett
Arcoxia	120 mg	Filmdragerad tablett
Arctic Root		Dragerad tablett
Arexvy		Pulver och suspension till injektionsvätska, suspension
Aridol		Inhalationspulver, hård kapsel
ARIKAYCE liposomal	590 mg	Dispersion för nebulisator
Arimidex	1 mg	Filmdragerad tablett
Aripiprazol Abacus Medicine	1 mg/ml	Oral lösning
Aripiprazol Ebb	1 mg/ml	Oral lösning
Aripiprazol Ebb	10 mg	Tablett
Aripiprazol Krka	5 mg	Tablett
Aripiprazol Krka	10 mg	Tablett
Aripiprazol Krka	15 mg	Tablett
Aripiprazol Krka	30 mg	Tablett
Aripiprazol STADA	1 mg/ml	Oral lösning
Aripiprazol STADA	5 mg	Tablett
Aripiprazol STADA	10 mg	Munsönderfallande tablett
Aripiprazol STADA	10 mg	Tablett
Aripiprazol STADA	15 mg	Munsönderfallande tablett
Aripiprazol STADA	15 mg	Tablett
Aripiprazol STADA	30 mg	Tablett
Aripiprazole Accord	5 mg	Tablett
Aripiprazole Accord	10 mg	Tablett
Aripiprazole Accord	15 mg	Tablett
Aripiprazole Accord	30 mg	Tablett
Aripiprazole Medical Valley	5 mg	Tablett
Aripiprazole Medical Valley	10 mg	Tablett
Aripiprazole Medical Valley	15 mg	Tablett
Aripiprazole Medical Valley	20 mg	Tablett
Aripiprazole Medical Valley	30 mg	Tablett
Aripiprazole Mylan Pharma	5 mg	Tablett
Aripiprazole Mylan Pharma	10 mg	Tablett
Aripiprazole Mylan Pharma	15 mg	Tablett
Aripiprazole Sandoz	5 mg	Tablett
Aripiprazole Sandoz	10 mg	Tablett
Aripiprazole Sandoz	15 mg	Tablett
Aripiprazole Teva	5 mg	Tablett
Aripiprazole Teva	10 mg	Tablett
Aripiprazole Teva	15 mg	Tablett
Aripiprazole Zentiva	5 mg	Tablett
Aripiprazole Zentiva	10 mg	Tablett
Aripiprazole Zentiva	15 mg	Tablett
Aritavi	30 mg	Enterokapsel, hård
Aritavi	60 mg	Enterokapsel, hård
Aritonin	2 mg	Filmdragerad tablett
Aritonin	3 mg	Filmdragerad tablett
Aritonin	4 mg	Filmdragerad tablett
Aritonin	5 mg	Filmdragerad tablett
Arixtra	1,5 mg/0,3 ml	Injektionsvätska, lösning i förfylld spruta
Arixtra	2,5 mg/0,5 ml	Injektionsvätska, lösning i förfylld spruta
Arixtra	7,5 mg/0,6 ml	Injektionsvätska, lösning i förfylld spruta
Arlevert	20 mg/40 mg	Tablett
Armoneve	5 mg/2,5 mg	Depottablett
Armoneve	10 mg/5 mg	Depottablett
Arsenic Trioxide Accord	1 mg/ml	Koncentrat till infusionsvätska, lösning
Artelac		Ögondroppar, lösning
Artelac		Ögondroppar, lösning i endosbehållare
Artesunate Amivas	110 mg	Pulver och vätska till injektionsvätska, lösning
Artiss		Lösningar till vävnadslim
Artroxan	625 mg	Kapsel, hård
Arupsan	200 mg	Tablett
Arupsan	800 mg	Tablett
Asacol	1 g	Rektalsuspension
Asacol	1 g	Suppositorium
Asacol	400 mg	Enterotablett
Asacol	500 mg	Suppositorium
Asacol	800 mg	Enterotablett
Asacol	1600 mg	Tablett med modifierad frisättning
Ascorbic acid Pascoe	150 mg/ml	Koncentrat till injektions-/infusionsvätska, lösning
Asmoken	1,5 mg	Tablett
ASPAVELI	1080 mg	Infusionsvätska, lösning
Aspirin	500 mg	Tablett
Atacand	4 mg	Tablett
Atacand	8 mg	Tablett
Atacand	16 mg	Tablett
Atacand	32 mg	Tablett
Atacand Plus	16 mg/12,5 mg	Tablett
Atacand Plus	32 mg/12,5 mg	Tablett
Atacand Plus	32 mg/25 mg	Tablett
Atarax	2 mg/ml	Oral lösning
Atarax	10 mg	Filmdragerad tablett
Atarax	25 mg	Filmdragerad tablett
Atazanavir STADA	200 mg	Kapsel, hård
Atazanavir STADA	300 mg	Kapsel, hård
Atectura Breezhaler	125 mikrogram/127,5 mikrogram	Inhalationspulver, hård kapsel
Atectura Breezhaler	125 mikrogram/260 mikrogram	Inhalationspulver, hård kapsel
Atenativ	50 IE/ml	Pulver och vätska till infusionsvätska, lösning
Atenolol Accord	25 mg	Tablett
Atenolol Accord	50 mg	Tablett
Atenolol Accord	100 mg	Tablett
Atenolol Medical Valley	25 mg	Filmdragerad tablett
Atenolol Medical Valley	50 mg	Filmdragerad tablett
Atenolol Medical Valley	100 mg	Filmdragerad tablett
Atenolol Orifarm	25 mg	Tablett
Atenolol Orifarm	50 mg	Tablett
Atenolol Orifarm	100 mg	Tablett
Atenolol Teva	25 mg	Filmdragerad tablett
Atenolol Teva	50 mg	Filmdragerad tablett
Atenolol Teva	100 mg	Filmdragerad tablett
Atenolol Viatris	25 mg	Tablett
Atenolol Viatris	50 mg	Tablett
Atgam	50 mg/ml	Koncentrat till infusionsvätska, lösning
Atomoxetin Actavis	10 mg	Kapsel, hård
Atomoxetin Actavis	18 mg	Kapsel, hård
Atomoxetin Actavis	25 mg	Kapsel, hård
Atomoxetin Actavis	40 mg	Kapsel, hård
Atomoxetin Actavis	60 mg	Kapsel, hård
Atomoxetin Actavis	80 mg	Kapsel, hård
Atomoxetin Ebb	60 mg	Kapsel, hård
Atomoxetin Ebb	80 mg	Kapsel, hård
Atomoxetin Glenmark	10 mg	Kapsel, hård
Atomoxetin Glenmark	18 mg	Kapsel, hård
Atomoxetin Glenmark	25 mg	Kapsel, hård
Atomoxetin Glenmark	40 mg	Kapsel, hård
Atomoxetin Glenmark	60 mg	Kapsel, hård
Atomoxetin Glenmark	80 mg	Kapsel, hård
Atomoxetin Glenmark	100 mg	Kapsel, hård
Atomoxetin Medical Valley	10 mg	Kapsel, hård
Atomoxetin Medical Valley	18 mg	Kapsel, hård
Atomoxetin Medical Valley	25 mg	Kapsel, hård
Atomoxetin Medical Valley	40 mg	Kapsel, hård
Atomoxetin Medical Valley	60 mg	Kapsel, hård
Atomoxetin Medical Valley	80 mg	Kapsel, hård
Atomoxetin Medical Valley	100 mg	Kapsel, hård
Atomoxetin Orion	10 mg	Kapsel, hård
Atomoxetin Orion	18 mg	Kapsel, hård
Atomoxetin Orion	25 mg	Kapsel, hård
Atomoxetin Orion	40 mg	Kapsel, hård
Atomoxetin Orion	60 mg	Kapsel, hård
Atomoxetin Orion	80 mg	Kapsel, hård
Atomoxetin Orion	100 mg	Kapsel, hård
Atomoxetin Viatris	10 mg	Kapsel, hård
Atomoxetin Viatris	25 mg	Kapsel, hård
Atomoxetin Viatris	40 mg	Kapsel, hård
Atomoxetin Viatris	80 mg	Kapsel, hård
Atomoxetine Accord	10 mg	Kapsel, hård
Atomoxetine Accord	18 mg	Kapsel, hård
Atomoxetine Accord	25 mg	Kapsel, hård
Atomoxetine Accord	40 mg	Kapsel, hård
Atomoxetine Accord	60 mg	Kapsel, hård
Atomoxetine Accord	80 mg	Kapsel, hård
Atomoxetine Accord	100 mg	Kapsel, hård
Atomoxetine Sandoz	25 mg	Kapsel, hård
Atomoxetine Sandoz	40 mg	Kapsel, hård
Atomoxetine Sandoz	60 mg	Kapsel, hård
Atomoxetine Sandoz	80 mg	Kapsel, hård
Atomoxetine STADA	10 mg	Kapsel, hård
Atomoxetine STADA	18 mg	Kapsel, hård
Atomoxetine STADA	25 mg	Kapsel, hård
Atomoxetine STADA	40 mg	Kapsel, hård
Atomoxetine STADA	60 mg	Kapsel, hård
Atomoxetine STADA	80 mg	Kapsel, hård
Atorbir	10 mg	Filmdragerad tablett
Atorbir	20 mg	Filmdragerad tablett
Atorbir	40 mg	Filmdragerad tablett
Atorbir	80 mg	Filmdragerad tablett
Atorvastatin Accord	10 mg	Filmdragerad tablett
Atorvastatin Accord	20 mg	Filmdragerad tablett
Atorvastatin Accord	40 mg	Filmdragerad tablett
Atorvastatin Accord	80 mg	Filmdragerad tablett
Atorvastatin Amarox	10 mg	Filmdragerad tablett
Atorvastatin Amarox	20 mg	Filmdragerad tablett
Atorvastatin Amarox	40 mg	Filmdragerad tablett
Atorvastatin Amarox	80 mg	Filmdragerad tablett
Atorvastatin Ebb	40 mg	Filmdragerad tablett
Atorvastatin Krka	10 mg	Filmdragerad tablett
Atorvastatin Krka	20 mg	Filmdragerad tablett
Atorvastatin Krka	40 mg	Filmdragerad tablett
Atorvastatin Krka	80 mg	Filmdragerad tablett
Atorvastatin Krka d.d.	10 mg	Filmdragerad tablett
Atorvastatin Krka d.d.	20 mg	Filmdragerad tablett
Atorvastatin Krka d.d.	40 mg	Filmdragerad tablett
Atorvastatin Oresund Pharma	10 mg	Filmdragerad tablett
Atorvastatin Oresund Pharma	20 mg	Filmdragerad tablett
Atorvastatin Oresund Pharma	40 mg	Filmdragerad tablett
Atorvastatin Oresund Pharma	80 mg	Filmdragerad tablett
Atorvastatin SUN	10 mg	Filmdragerad tablett
Atorvastatin SUN	20 mg	Filmdragerad tablett
Atorvastatin SUN	40 mg	Filmdragerad tablett
Atorvastatin SUN	80 mg	Filmdragerad tablett
Atorvastatin Teva	20 mg	Filmdragerad tablett
Atorvastatin Teva	40 mg	Filmdragerad tablett
Atorvastatin Teva B.V.	10 mg	Filmdragerad tablett
Atorvastatin Teva B.V.	20 mg	Filmdragerad tablett
Atorvastatin Teva B.V.	40 mg	Filmdragerad tablett
Atorvastatin Teva B.V.	80 mg	Filmdragerad tablett
Atorvastatin Viatris	10 mg	Filmdragerad tablett
Atorvastatin Viatris	20 mg	Filmdragerad tablett
Atorvastatin Viatris	40 mg	Filmdragerad tablett
Atorvastatin Viatris	80 mg	Filmdragerad tablett
Atorvastatin Xiromed	10 mg	Filmdragerad tablett
Atorvastatin Xiromed	20 mg	Filmdragerad tablett
Atorvastatin Xiromed	40 mg	Filmdragerad tablett
Atorvastatin Xiromed	80 mg	Filmdragerad tablett
Atosiban Accord	37,5 mg/5 ml	Koncentrat till infusionsvätska, lösning
Atosiban EVER Pharma	37,5 mg/5 ml	Koncentrat till infusionsvätska, lösning
Atosiban SUN	6,75 mg/0,9 ml	Injektionsvätska, lösning
Atosiban SUN	37,5 mg/5 ml	Koncentrat till infusionsvätska, lösning
Atovaquone 2care4	150 mg/ml	Oral suspension
Atovaquone Glenmark	150 mg/ml	Oral suspension
Atovaquone Medartuum	150 mg/ml	Oral suspension
Atovaquone/Proguanil Glenmark	250 mg/100 mg	Filmdragerad tablett
Atozet	10 mg/80 mg	Filmdragerad tablett
Atracurium Kalceks	10 mg/ml	Injektions-/infusionsvätska, lösning
Atracurium-hameln	10 mg/ml	Injektions-/infusionsvätska, lösning
ATRIANCE	5 mg/ml	Infusionsvätska, lösning
Atropin Abboxia	0,5 mg/ml	Injektionsvätska, lösning
Atropin Aguettant	0,1 mg/ml	Injektionsvätska, lösning i förfylld spruta
Atropin Aguettant	0,2 mg/ml	Injektionsvätska, lösning i förfylld spruta
Atropin Bausch & Lomb	1 % (10 mg/ml)	Ögondroppar, lösning i endosbehållare
Atropin Viatris	0,5 mg/ml	Injektionsvätska, lösning
Atropin Viatris	0,5 mg/ml	Injektionsvätska, lösning i cylinderampull
Atropine Accord	0,1 mg/ml	Injektionsvätska, lösning i förfylld spruta
Atrovent	0,5 mg/ml	Lösning för nebulisator
Atrovent	0,25 mg/ml	Lösning för nebulisator
Atrovent	20 mikrogram/dos	Inhalationsspray, lösning
Attentin	5 mg	Tablett
Attentin	10 mg	Tablett
Attentin	20 mg	Tablett
Attrogy	250 mg	Filmdragerad tablett
AUBAGIO	14 mg	Filmdragerad tablett
Augermid	2,5 mg	Tablett
Augermid	5 mg	Tablett
Aurorix	150 mg	Filmdragerad tablett
Avamys	27,5 mikrogram/spraydos	Nässpray, suspension
Avastin	25 mg/ml	Koncentrat till infusionsvätska, lösning
Avelox	400 mg	Filmdragerad tablett
Avodart	0,5 mg	Kapsel, mjuk
AVONEX	30 mikrogram/0,5 ml	Injektionsvätska, lösning i förfylld injektionspenna
Avtozma	20 mg/ml	Koncentrat till infusionsvätska, lösning
Avtozma	162 mg	Injektionsvätska, lösning i förfylld injektionspenna
Avtozma	162 mg	Injektionsvätska, lösning i förfylld spruta
Awiqli	700 IE/ml	Injektionsvätska, lösning i förfylld injektionspenna
Axhidrox	2,2 mg/pumpning	Kräm
Axitinib Accord	1 mg	Filmdragerad tablett
Axitinib Accord	3 mg	Filmdragerad tablett
Axitinib Accord	5 mg	Filmdragerad tablett
Axitinib Avansor	5 mg	Filmdragerad tablett
Axitinib Sandoz	1 mg	Filmdragerad tablett
Axitinib Sandoz	3 mg	Filmdragerad tablett
Axitinib Sandoz	5 mg	Filmdragerad tablett
Axitinib STADA	1 mg	Filmdragerad tablett
Axitinib STADA	3 mg	Filmdragerad tablett
Axitinib STADA	5 mg	Filmdragerad tablett
Axitinib STADA	7 mg	Filmdragerad tablett
Axitinib Teva	1 mg	Filmdragerad tablett
Axitinib Teva	3 mg	Filmdragerad tablett
Axitinib Teva	5 mg	Filmdragerad tablett
Aybintio	25 mg/ml	Koncentrat till infusionsvätska, lösning
AYVAKYT	25 mg	Filmdragerad tablett
AYVAKYT	50 mg	Filmdragerad tablett
AYVAKYT	100 mg	Filmdragerad tablett
AYVAKYT	200 mg	Filmdragerad tablett
AYVAKYT	300 mg	Filmdragerad tablett
Azacitidine Accord	25 mg/ml	Pulver till injektionsvätska, suspension
Azacitidine betapharm	25 mg/ml	Pulver till injektionsvätska, suspension
Azacitidine Kabi	25 mg/ml	Pulver till injektionsvätska, suspension
Azacitidine Mylan	25 mg/ml	Pulver till injektionsvätska, suspension
Azacitidine Sandoz	25 mg/ml	Pulver till injektionsvätska, suspension
Azacitidine STADA	25 mg/ml	Pulver till injektionsvätska, suspension
Azacitidine SUN	25 mg/ml	Pulver till injektionsvätska, suspension
Azacitidine Zentiva	25 mg/ml	Pulver till injektionsvätska, suspension
Azactam		Pulver till injektions-/infusionsvätska, lösning
Azalia	75 mikrogram	Filmdragerad tablett
Azalonum	20 mg/40 mg	Tablett
AZARGA	10 mg/ml + 5 mg/ml	Ögondroppar, suspension
Azathioprin 1A Farma	75 mg	Filmdragerad tablett
Azathioprin 1A Farma	100 mg	Filmdragerad tablett
Azathioprin Actavis	50 mg	Filmdragerad tablett
Azathioprin Orifarm	50 mg	Filmdragerad tablett
Azatioprin Viatris	25 mg	Filmdragerad tablett
Azatioprin Viatris	50 mg	Filmdragerad tablett
Azeflone	125 mikrogram + 50 mikrogram/sprayning	Nässpray, suspension
Azelastin/Flutikason Teva	125 mikrogram + 50 mikrogram/sprayning	Nässpray, suspension
Azelastine/Fluticasone Newbury	125 mikrogram + 50 mikrogram/sprayning	Nässpray, suspension
Azelastine/Fluticasone Sandoz	125 mikrogram + 50 mikrogram/sprayning	Nässpray, suspension
Azithromycin 2care4	40 mg/ml	Pulver till oral suspension
Azithromycin Bijon	500 mg	Filmdragerad tablett
Azithromycin Jubilant	250 mg	Filmdragerad tablett
Azithromycin Jubilant	500 mg	Filmdragerad tablett
Azithromycin Krka	250 mg	Filmdragerad tablett
Azithromycin Krka	500 mg	Filmdragerad tablett
Azithromycin Sandoz	250 mg	Filmdragerad tablett
Azithromycin Sandoz	500 mg	Filmdragerad tablett
Azithromycin STADA	250 mg	Filmdragerad tablett
Azithromycin STADA	500 mg	Filmdragerad tablett
Azithromycin Viatris	250 mg	Filmdragerad tablett
Azitromax	40 mg/ml	Pulver till oral suspension
Azitromax	500 mg	Pulver till koncentrat till infusionsvätska, lösning
Azitromycin Ebb	40 mg/ml	Pulver till oral suspension
AZOPT	10 mg/ml	Ögondroppar, suspension
Azyter	15 mg/g	Ögondroppar, lösning i endosbehållare
Azzalure	125 Speywoodenheter	Pulver till injektionsvätska, lösning
Azzavix	1 g	Suppositorium
Baclofen Medical Valley	10 mg	Tablett
Baclofen Medical Valley	25 mg	Tablett
Baclofen Sintetica	0,5 mg/ml	Infusionsvätska, lösning
Baclofen Sintetica	2 mg/ml	Infusionsvätska, lösning
Baclofen Sintetica	50 mikrogram/ml	Injektionsvätska, lösning
Bactrim	40 mg/ml + 8 mg/ml	Oral suspension
Bactrim	400 mg/80 mg	Tablett
Bactrim forte	800 mg/160 mg	Tablett
Bactroban	2 %	Salva
Bactroban Nasal	2 %	Salva
Baklofen Alternova	10 mg	Tablett
Baklofen Alternova	25 mg	Tablett
Baklofen Ebb	0,5 mg/ml	Injektions-/infusionsvätska, lösning
Baklofen Ebb	2 mg/ml	Injektions-/infusionsvätska, lösning
Baklofen Viatris	10 mg	Tablett
Baklofen Viatris	25 mg	Tablett
balance 1.5 % glucose 1.25 mmol/l calcium		Peritonealdialysvätska
balance 1.5 % glucose 1.75 mmol/l calcium		Peritonealdialysvätska
balance 2.3 % glucose 1.25 mmol/l calcium		Peritonealdialysvätska
balance 2.3 % glucose 1.75 mmol/l calcium		Peritonealdialysvätska
balance 4.25 % glucose 1.25 mmol/l calcium		Peritonealdialysvätska
Balversa	3 mg	Filmdragerad tablett
Balversa	4 mg	Filmdragerad tablett
Balversa	5 mg	Filmdragerad tablett
Bamyl	500 mg	Brustablett
Bamyl koffein	500 mg/50 mg	Brustablett
Baqsimi	3 mg	Näspulver i endosbehållare
Baraclude	0,5 mg	Filmdragerad tablett
Baraclude	0,05 mg/ml	Oral lösning
Bascellex	50 mg/g	Kräm
Basiron AC	5 %	Gel
Basiron AC	10 %	Gel
Basiron AC Wash	5 %	Gel
Bavencio	20 mg/ml	Koncentrat till infusionsvätska, lösning
Baxil	1 mg/ml	Ögondroppar, lösning i endosbehållare
BCG-medac		Pulver och vätska till intravesikal suspension
BCG-vaccin AJVaccines		Pulver och vätska till injektionsvätska, suspension
Beacita	120 mg	Kapsel, hård
Beclomet Easyhaler	200 mikrogram/dos	Inhalationspulver
Befoair	100 mikrogram/6 mikrogram per dos	Inhalationsspray, lösning
Befoair	200 mikrogram/6 mikrogram per dos	Inhalationsspray, lösning
BEKEMV	300 mg	Koncentrat till infusionsvätska, lösning
Belnifrem	1,5 mg	Filmdragerad tablett
Bemfola	75 IE/0,125 ml	Injektionsvätska, lösning i förfylld injektionspenna
Bemfola	150 IE/0,25 ml	Injektionsvätska, lösning i förfylld injektionspenna
Bemfola	225 IE/0,375 ml	Injektionsvätska, lösning i förfylld injektionspenna
Bemfola	300 IE/0,50 ml	Injektionsvätska, lösning i förfylld injektionspenna
Bemfola	450 IE/0,75 ml	Injektionsvätska, lösning i förfylld injektionspenna
Bencium	500 mg/800 IE	Tuggtablett
Bendamustine Accord	2,5 mg/ml	Pulver till koncentrat till infusionsvätska, lösning
Bendamustine Accord	25 mg/ml	Koncentrat till infusionsvätska, lösning
Bendamustine Fresenius Kabi	2,5 mg/ml	Pulver till koncentrat till infusionsvätska, lösning
Bendamustine medac	2,5 mg/ml	Pulver till koncentrat till infusionsvätska, lösning
Bendozid	2,5 mg	Tablett
Bendozid	5 mg	Tablett
Bendroflumetiazid Alternova	2,5 mg	Tablett
Bendroflumetiazid Alternova	5 mg	Tablett
Bendroflumetiazid Evolan	2,5 mg	Tablett
Bendroflumetiazid Evolan	5 mg	Tablett
BeneFIX	2000 IE	Pulver och vätska till injektionsvätska, lösning
BeneFIX	3000 IE	Pulver och vätska till injektionsvätska, lösning
Benelyte		Infusionsvätska, lösning
Benepali	25 mg	Injektionsvätska, lösning i förfylld spruta
Benepali	50 mg	Injektionsvätska, lösning i förfylld injektionspenna
Benepali	50 mg	Injektionsvätska, lösning i förfylld spruta
Benferol	400 IE	Kapsel, mjuk
Benferol	800 IE	Kapsel, mjuk
Benferol	5600 IE	Kapsel, mjuk
Benferol	25000 IE	Kapsel, mjuk
Benferol	50000 IE	Kapsel, mjuk
Benlysta	120 mg	Pulver till koncentrat till infusionsvätska, lösning
Benlysta	200 mg	Injektionsvätska, lösning i förfylld injektionspenna
Benlysta	400 mg	Pulver till koncentrat till infusionsvätska, lösning
Bensylpenicillin Viatris		Pulver till injektions-/infusionsvätska, lösning
Benzylpenicillin Panpharma		Pulver till injektions-/infusionsvätska, lösning
Beovu	120 mg/ml	Injektionsvätska, lösning i förfylld spruta
Berinert	500 IE	Pulver och vätska till injektions-/infusionsvätska, lösning
Berinert	1500 IE	Pulver och vätska till injektionsvätska, lösning
Berinert	2000 IE	Pulver och vätska till injektionsvätska, lösning
Berinert	3000 IE	Pulver och vätska till injektionsvätska, lösning
BEROMUN	1 mg	Pulver till infusionsvätska, lösning
Bertolix	3 mg/ml	Munhålespray, lösning
BESPONSA	1 mg	Pulver till koncentrat till infusionsvätska, lösning
Besremi	250 mikrogram/0,5 ml	Injektionsvätska, lösning i förfylld injektionspenna
Betaferon	250 mikrogram/ml	Pulver och vätska till injektionsvätska, lösning
Betahistin 2care4	8 mg	Tablett
Betahistin 2care4	16 mg	Tablett
Betahistin Abacus Medicine	8 mg	Tablett
Betahistin Abacus Medicine	16 mg	Tablett
Betahistin Ebb	8 mg	Tablett
Betahistin Ebb	16 mg	Tablett
Betahistine STADA	8 mg	Tablett
Betahistine STADA	16 mg	Tablett
Betaklav	500 mg/125 mg	Filmdragerad tablett
Betaklav	875 mg/125 mg	Filmdragerad tablett
Betametason Evolan	0,5 mg	Tablett
Betametason Evolan	1 mg/ml	Kutan lösning
Betapred	0,5 mg	Tablett
Betapred	4 mg/ml	Injektionsvätska, lösning
Betmiga	25 mg	Depottablett
Betmiga	50 mg	Depottablett
Betnovat	0,1 %	Kräm
Betnovat	0,1 %	Salva
Betnovat	1 mg/ml	Kutan emulsion
Betnovat	1 mg/ml	Kutan lösning
Betolvan	1 mg	Filmdragerad tablett
Betolvex	1 mg	Filmdragerad tablett
Betolvidon	1 mg	Tablett
Betoptic	5 mg/ml	Ögondroppar, lösning
Bevespi Aerosphere	7,2 mikrogram/5 mikrogram	Inhalationsspray, suspension
Bevione	50 mg/ml	Injektionsvätska, lösning
Beviplex Comp		Filmdragerad tablett
Beviplex forte		Filmdragerad tablett
Bexarotene Amdipharm	75 mg	Kapsel, mjuk
BEXSERO		Injektionsvätska, suspension
Beyfortus	50 mg	Injektionsvätska, lösning i förfylld spruta
Beyfortus	100 mg	Injektionsvätska, lösning i förfylld spruta
BEYONTTRA	356 mg	Filmdragerad tablett
Bezalip	200 mg	Filmdragerad tablett
Bezalip Retard	400 mg	Depottablett
Bicalustad	50 mg	Filmdragerad tablett
Bicalustad	150 mg	Filmdragerad tablett
Bicalutamid Sandoz	50 mg	Filmdragerad tablett
Bicalutamid Sandoz	150 mg	Filmdragerad tablett
Bicalutamide Accord	150 mg	Filmdragerad tablett
Bicalutamide Bluefish	50 mg	Filmdragerad tablett
Bicalutamide Bluefish	150 mg	Filmdragerad tablett
Bicalutamide Orion	150 mg	Filmdragerad tablett
Bicalutamide Teva	50 mg	Filmdragerad tablett
Bicalutamide Teva	150 mg	Filmdragerad tablett
bicaVera 1,5% Glucose, 1,25 mmol/l Calcium		Peritonealdialysvätska
bicaVera 1,5% Glucose, 1,75 mmol/l Calcium		Peritonealdialysvätska
bicaVera 2,3% Glucose, 1,25 mmol/l Calcium		Peritonealdialysvätska
bicaVera 2,3% Glucose, 1,75 mmol/l Calcium		Peritonealdialysvätska
bicaVera 4,25% Glucose, 1,25 mmol/l Calcium		Peritonealdialysvätska
Biklin	250 mg/ml	Injektionsvätska, lösning
Biktarvy	30 mg/120 mg/15 mg	Filmdragerad tablett
Biktarvy	50 mg/200 mg/25 mg	Filmdragerad tablett
Bimabloc	0,3 mg/ml + 5 mg/ml	Ögondroppar, lösning
Bimaprez	0,1 mg/ml	Ögondroppar, lösning
Bimatix	100 mg	Filmdragerad tablett
Bimatix	400 mg	Filmdragerad tablett
Bimatoprost STADA	0,1 mg/ml	Ögondroppar, lösning
Bimatoprost STADA	0,3 mg/ml	Ögondroppar, lösning
Bimatoprost STADA	0,3 mg/ml	Ögondroppar, lösning i endosbehållare
Bimatoprost/Timolol STADA	0,3 mg/ml + 5 mg/ml	Ögondroppar, lösning
Bimatoprost/Timolol STADA	0,3 mg/ml + 5 mg/ml	Ögondroppar, lösning i endosbehållare
Bimatoprost/Timolol Zentiva	0,3 mg/ml + 5 mg/ml	Ögondroppar, lösning
BIMERVAX LP.8.1	40 mikrogram	Injektionsvätska, emulsion
BIMERVAX XFG.1.1	40 mikrogram	Injektionsvätska, emulsion
Bimtim	0,3 mg/ml + 5 mg/ml	Ögondroppar, lösning i endosbehållare
Bimzelx	160 mg	Injektionsvätska, lösning i förfylld injektionspenna
Bimzelx	160 mg	Injektionsvätska, lösning i förfylld spruta
Bimzelx	320 mg	Injektionsvätska, lösning i förfylld injektionspenna
Binocrit	10 000 IE/ 1 ml	Injektionsvätska, lösning i förfylld spruta
Binocrit	20 000 IE/0,5 ml	Injektionsvätska, lösning i förfylld spruta
Binocrit	30 000 IE/0,75 ml	Injektionsvätska, lösning i förfylld spruta
Binocrit	40 000 IE/1 ml	Injektionsvätska, lösning i förfylld spruta
Binocrit	1000 IE/ 0,5 ml	Injektionsvätska, lösning i förfylld spruta
Binocrit	2000 IE/ 1 ml	Injektionsvätska, lösning i förfylld spruta
Binocrit	3000 IE/ 0,3 ml	Injektionsvätska, lösning i förfylld spruta
Binocrit	4000 IE/ 0,4 ml	Injektionsvätska, lösning i förfylld spruta
Binocrit	5000 IE/ 0,5 ml	Injektionsvätska, lösning i förfylld spruta
Binocrit	6000 IE/ 0,6 ml	Injektionsvätska, lösning i förfylld spruta
Binocrit	8000 IE/ 0,8 ml	Injektionsvätska, lösning i förfylld spruta
Bio-Biloba		Filmdragerad tablett
Bioclavid	500 mg/125 mg	Filmdragerad tablett
Bioclavid	875 mg/125 mg	Filmdragerad tablett
Biphozyl		Hemodialysvätska/hemofiltrationsvätska
Biquetan	50 mg	Depottablett
Biquetan	150 mg	Depottablett
Biquetan	200 mg	Depottablett
Biquetan	300 mg	Depottablett
Biquetan	400 mg	Depottablett
Biseltoc	2,13 mg/ml	Oral lösning
Bisolvon	0,8 mg/ml	Oral lösning
Bisolvon	1,6 mg/ml	Oral lösning
Bisolvon	8 mg	Tablett
Bisolvon Citron	8 mg	Löslig tablett
Bisolvon Jordgubb	0,8 mg/ml	Oral lösning
Bisoprolol Abacus Medicine	1,25 mg	Filmdragerad tablett
Bisoprolol Abacus Medicine	2,5 mg	Filmdragerad tablett
Bisoprolol Abacus Medicine	5 mg	Filmdragerad tablett
Bisoprolol Accord	2,5 mg	Filmdragerad tablett
Bisoprolol Accord	5 mg	Filmdragerad tablett
Bisoprolol Accord	10 mg	Filmdragerad tablett
Bisoprolol Ebb	1,25 mg	Filmdragerad tablett
Bisoprolol Krka	2,5 mg	Filmdragerad tablett
Bisoprolol Krka	5 mg	Filmdragerad tablett
Bisoprolol Krka	10 mg	Filmdragerad tablett
Bisoprolol Medical Valley	1,25 mg	Filmdragerad tablett
Bisoprolol Medical Valley	2,5 mg	Filmdragerad tablett
Bisoprolol Medical Valley	5 mg	Filmdragerad tablett
Bisoprolol Medical Valley	10 mg	Filmdragerad tablett
Bisoprolol Sandoz	1,25 mg	Filmdragerad tablett
Bisoprolol Sandoz	2,5 mg	Filmdragerad tablett
Bisoprolol Sandoz	5 mg	Filmdragerad tablett
Bisoprolol Sandoz	10 mg	Filmdragerad tablett
Bisoprolol STADA	5 mg	Filmdragerad tablett
Bisoprolol STADA	10 mg	Filmdragerad tablett
Bisoprolol Teva	1,25 mg	Tablett
Bisoprolol Teva	2,5 mg	Tablett
Bisoprolol Teva	5 mg	Tablett
Bisoprolol Teva	10 mg	Tablett
Bisoprolol Viatris	1,25 mg	Filmdragerad tablett
Bisoprolol Viatris	2,5 mg	Filmdragerad tablett
Bisoprolol Viatris	5 mg	Filmdragerad tablett
Bisoprolol Vitabalans	5 mg	Tablett
Bisoprolol Vitabalans	10 mg	Tablett
Bisoprolol Zentiva	1,25 mg	Tablett
Bisoprolol Zentiva	2,5 mg	Tablett
Bisoprolol Zentiva	5 mg	Tablett
Bisoprolol Zentiva	10 mg	Tablett
Bisostad	1,25 mg	Tablett
Bisostad	2,5 mg	Tablett
Bivalirudin Reig Jofre	250 mg	Pulver till koncentrat till injektions-/infusionsvätska, lösning
Bladex	1 mg	Tablett
Bladex	5 mg	Tablett
Blenrep	70 mg	Pulver till koncentrat till infusionsvätska, lösning
Blenrep	100 mg	Pulver till koncentrat till infusionsvätska, lösning
Bleomycin Accord	15000 IE	Pulver till injektions-/infusionsvätska, lösning
Bleomycin Baxter	15000 IE	Pulver till injektions-/infusionsvätska, lösning
BLINCYTO	38,5 mikrogram	Pulver till koncentrat och lösning till infusionsvätska, lösning
Blissel	50 mikrogram/g	Vaginalgel
Bloxazoc	25 mg	Depottablett
Bloxazoc	50 mg	Depottablett
Bloxazoc	100 mg	Depottablett
Bloxazoc	200 mg	Depottablett
Bocouture	50 enheter	Pulver till injektionsvätska, lösning
Bocouture	100 enheter	Pulver till injektionsvätska, lösning
Bomyntra	120 mg	Injektionsvätska, lösning
Bomyntra	120 mg	Injektionsvätska, lösning i förfylld spruta
Bondronat	6 mg	Koncentrat till infusionsvätska, lösning
Bondronat	50 mg	Filmdragerad tablett
Bondulc	40 mikrogram/ml	Ögondroppar, lösning
Bonjesta	20 mg/20 mg	Tablett med modifierad frisättning
Boostrix		Injektionsvätska, suspension, förfylld spruta
Boostrix Polio		Injektionsvätska, suspension, förfylld spruta
Bortezomib Accord	2,5 mg/ml	Injektionsvätska, lösning
Bortezomib Accord	3,5 mg	Pulver till injektionsvätska, lösning
Bortezomib Avansor	2,5 mg	Pulver till injektionsvätska, lösning
Bortezomib Fresenius Kabi	3,5 mg	Pulver till injektionsvätska, lösning
Bortezomib medac	3,5 mg	Pulver till injektionsvätska, lösning
Bortezomib Reddy	3,5 mg	Pulver till injektionsvätska, lösning
Bortezomib STADA	2,5 mg/ml	Injektionsvätska, lösning
Bortezomib SUN	3,5 mg	Pulver till injektionsvätska, lösning
Bosentan Accord	62,5 mg	Filmdragerad tablett
Bosentan Accord	125 mg	Filmdragerad tablett
Bosentan Aurobindo	62,5 mg	Filmdragerad tablett
Bosentan Sandoz	62,5 mg	Filmdragerad tablett
Bosentan Sandoz	125 mg	Filmdragerad tablett
Bosulif	100 mg	Filmdragerad tablett
Bosulif	400 mg	Filmdragerad tablett
Bosulif	500 mg	Filmdragerad tablett
Bosutinib Sandoz	100 mg	Filmdragerad tablett
Bosutinib Sandoz	400 mg	Filmdragerad tablett
Bosutinib Sandoz	500 mg	Filmdragerad tablett
Bosutinib STADA	100 mg	Filmdragerad tablett
Bosutinib STADA	400 mg	Filmdragerad tablett
Bosutinib STADA	500 mg	Filmdragerad tablett
Bosutinib Teva	100 mg	Filmdragerad tablett
Bosutinib Teva	400 mg	Filmdragerad tablett
Bosutinib Teva	500 mg	Filmdragerad tablett
Bosutinib Zentiva	100 mg	Filmdragerad tablett
Bosutinib Zentiva	400 mg	Filmdragerad tablett
Bosutinib Zentiva	500 mg	Filmdragerad tablett
Botox	50 Allergan-enheter	Pulver till injektionsvätska, lösning
Botox	100 Allergan-enheter	Pulver till injektionsvätska, lösning
Botox	200 Allergan-enheter	Pulver till injektionsvätska, lösning
Braftovi	50 mg	Kapsel, hård
Braftovi	75 mg	Kapsel, hård
Braltus	10 mikrogram/dos	Inhalationspulver, hård kapsel
Bramitob	300 mg	Lösning för nebulisator
Bretaris Genuair	322 mikrogram	Inhalationspulver
Brevibloc	10 mg/ml	Infusionsvätska, lösning
Brevibloc	10 mg/ml	Injektionsvätska, lösning
Brexidol	20 mg	Tablett
Breyanzi	1,1-70 miljoner celler/mL / 1,1-70 miljoner celler/mL	Infusionsvätska, dispersion
Bricanyl	0,5 mg/ml	Injektionsvätska/koncentrat till infusionsvätska, lösning
Bricanyl Turbuhaler	0,5 mg/dos	Inhalationspulver
Bricanyl Turbuhaler	0,25 mg/dos	Inhalationspulver
Bridion	100 mg/ml	Injektionsvätska, lösning
Brieka	25 mg	Kapsel, hård
Brieka	50 mg	Kapsel, hård
Brieka	75 mg	Kapsel, hård
Brieka	100 mg	Kapsel, hård
Brieka	150 mg	Kapsel, hård
Brieka	300 mg	Kapsel, hård
Brilique	60 mg	Filmdragerad tablett
Brilique	90 mg	Filmdragerad tablett
Brimonidin Bluefish	2 mg/ml	Ögondroppar, lösning
BRINAVESS	20 mg/ml	Koncentrat till infusionsvätska, lösning
Brineura	150 mg	Infusionsvätska, lösning
Brintellix	5 mg	Filmdragerad tablett
Brintellix	10 mg	Filmdragerad tablett
Brintellix	15 mg	Filmdragerad tablett
Brintellix	20 mg	Filmdragerad tablett
Brintellix	20 mg/ml	Orala droppar, lösning
Brinzolamid Stada	10 mg/ml	Ögondroppar, suspension
Brinzolamid/Brimonidin Medical Valley	10 mg/ml + 2 mg/ml	Ögondroppar, suspension
Brinzolamid/Brimonidin Zentiva	10 mg/ml + 2 mg/ml	Ögondroppar, suspension
Brinzolamid/Timolol Medical Valley	10 mg/ml + 5 mg/ml	Ögondroppar, suspension
Brinzolamide Accord	10 mg/ml	Ögondroppar, suspension
Brinzolamide Sandoz	10 mg/ml	Ögondroppar, suspension
Brinzolamide/Brimonidine STADA	10 mg/ml + 2 mg/ml	Ögondroppar, suspension
Brinzolamide/Timolol Abacus Medicine	10 mg/ml + 5 mg/ml	Ögondroppar, suspension
Brinzolamide/Timolol Accord	10 mg/ml + 5 mg/ml	Ögondroppar, suspension
Brinzolamide/Timolol STADA	10 mg/ml + 5 mg/ml	Ögondroppar, suspension
Brinzolamide/Timolol Zentiva	10 mg/ml + 5 mg/ml	Ögondroppar, suspension
Brivaracetam Amarox	10 mg	Filmdragerad tablett
Brivaracetam Amarox	25 mg	Filmdragerad tablett
Brivaracetam Amarox	50 mg	Filmdragerad tablett
Brivaracetam Amarox	75 mg	Filmdragerad tablett
Brivaracetam Amarox	100 mg	Filmdragerad tablett
Brivaracetam Holsten	25 mg	Filmdragerad tablett
Brivaracetam Holsten	50 mg	Filmdragerad tablett
Brivaracetam Holsten	75 mg	Filmdragerad tablett
Brivaracetam Holsten	100 mg	Filmdragerad tablett
Brivaracetam Orion	10 mg	Filmdragerad tablett
Brivaracetam Orion	25 mg	Filmdragerad tablett
Brivaracetam Orion	50 mg	Filmdragerad tablett
Brivaracetam Orion	75 mg	Filmdragerad tablett
Brivaracetam Orion	100 mg	Filmdragerad tablett
Brivaracetam Teva	25 mg	Filmdragerad tablett
Brivaracetam Teva	50 mg	Filmdragerad tablett
Brivaracetam Teva	75 mg	Filmdragerad tablett
Brivaracetam Teva	100 mg	Filmdragerad tablett
Brivaracetam Zentiva	10 mg	Filmdragerad tablett
Brivaracetam Zentiva	25 mg	Filmdragerad tablett
Brivaracetam Zentiva	50 mg	Filmdragerad tablett
Brivaracetam Zentiva	75 mg	Filmdragerad tablett
Brivaracetam Zentiva	100 mg	Filmdragerad tablett
Briviact	10 mg	Filmdragerad tablett
Briviact	10 mg/ml	Injektions-/infusionsvätska, lösning
Briviact	10 mg/ml	Oral lösning
Briviact	25 mg	Filmdragerad tablett
Briviact	50 mg	Filmdragerad tablett
Briviact	75 mg	Filmdragerad tablett
Briviact	100 mg	Filmdragerad tablett
Bromhexin ABECE	0,8 mg/ml	Oral lösning
Bromhexin ABECE	1,6 mg/ml	Oral lösning
Bromhexin Apofri	0,8 mg/ml	Oral lösning
Bromhexin Apofri	1,6 mg/ml	Oral lösning
Bronwel Comp		Oral lösning
Bronwel Comp		Sugtablett
Brufen	20 mg/ml	Oral suspension
Brufen	200 mg	Filmdragerad tablett
Brufen	400 mg	Filmdragerad tablett
Brufen	600 mg	Filmdragerad tablett
Brufen Retard	800 mg	Depottablett
BRUKINSA	80 mg	Kapsel, hård
Brukinsa	160 mg	Filmdragerad tablett
Brymont	2 mg/ml	Ögondroppar, lösning
BUCCOLAM	2,5 mg	Munhålelösning
BUCCOLAM	5 mg	Munhålelösning
BUCCOLAM	7,5 mg	Munhålelösning
BUCCOLAM	10 mg	Munhålelösning
Budenofalk	2 mg/dos	Rektalskum
Budenofalk	3 mg	Enterokapsel, hård
Budenofalk	4 mg	Suppositorium
Budenofalk	9 mg	Enterogranulat
Budesonid Medical Valley	3 mg	Kapsel med modifierad frisättning, hård
Budesonid Orifarm	3 mg	Depotkapsel, hård
Budesonid Orifarm	64 mikrogram/dos	Nässpray, suspension
Budesonid Teva	3 mg	Enterokapsel, hård
Budesonid Zentiva	0,5 mg/ml	Suspension för nebulisator
Budesonid Zentiva	0,25 mg/ml	Suspension för nebulisator
Budesonide STADA	0,5 mg/ml	Suspension för nebulisator
Budesonide STADA	0,25 mg/ml	Suspension för nebulisator
Budesonide Teva Pharma	0,5 mg/ml	Suspension för nebulisator
Budesonide Teva Pharma	0,25 mg/ml	Suspension för nebulisator
Budesonide Teva Pharma	0,125 mg/ml	Suspension för nebulisator
Bufomix Easyhaler	80 mikrogram/4,5 mikrogram/inhalation	Inhalationspulver
Bufomix Easyhaler	160 mikrogram/4,5 mikrogram/inhalation	Inhalationspulver
Bufomix Easyhaler	320 mikrogram/9 mikrogram/inhalation	Inhalationspulver
Bugvi	5 mg/ml	Pulver till infusionsvätska, dispersion
Bumacor	20 mg/ml	Injektionsvätska, lösning
Buminifom	200 mg	Kapsel, mjuk
Bunalict	2 mg/0,5 mg	Resoriblett, sublingual
Bunalict	8 mg/2 mg	Resoriblett, sublingual
Bupivacaine Baxter	2,5 mg/ml	Injektionsvätska, lösning
Bupivacaine Baxter	5 mg/ml	Injektionsvätska, lösning
Bupivacaine Noridem	2,5 mg/ml	Injektionsvätska, lösning
Bupivacaine Noridem	5 mg/ml	Injektionsvätska, lösning
Bupivacaine Spinal Tung Grindeks	5 mg/ml	Injektionsvätska, lösning
Buprefarm	20 mikrogram/timme	Depotplåster
Buprenorfin Actavis	2 mg	Resoriblett, sublingual
Buprenorfin Actavis	8 mg	Resoriblett, sublingual
Buprenorphine Bluefish	2 mg	Resoriblett, sublingual
Buprenorphine Bluefish	8 mg	Resoriblett, sublingual
Buprenorphine G.L. Pharma	0,2 mg	Resoriblett, sublingual
Buprenorphine G.L. Pharma	0,4 mg	Resoriblett, sublingual
Buprenorphine G.L. Pharma	2 mg	Resoriblett, sublingual
Buprenorphine G.L. Pharma	8 mg	Resoriblett, sublingual
Buprenorphine Orifarm	2 mg	Resoriblett, sublingual
Buprenorphine Orifarm	8 mg	Resoriblett, sublingual
Buprenorphine Sandoz	2 mg	Resoriblett, sublingual
Buprenorphine Sandoz	5 mikrogram/timme	Depotplåster
Buprenorphine Sandoz	8 mg	Resoriblett, sublingual
Buprenorphine Sandoz	10 mikrogram/timme	Depotplåster
Buprenorphine Sandoz	15 mikrogram/timme	Depotplåster
Buprenorphine Sandoz	20 mikrogram/timme	Depotplåster
Buprenorphine Sandoz	30 mikrogram/timme	Depotplåster
Buprenorphine Sandoz	40 mikrogram/timme	Depotplåster
Buprenorphine STADA	5 mikrogram/timme	Depotplåster
Buprenorphine STADA	10 mikrogram/timme	Depotplåster
Buprenorphine STADA	20 mikrogram/timme	Depotplåster
Buprenorphine Teva	20 mikrogram/timme	Depotplåster
Buprenorphine/Naloxone G.L. Pharma	2 mg/0,5 mg	Resoriblett, sublingual
Buprenorphine/Naloxone G.L. Pharma	8 mg/2 mg	Resoriblett, sublingual
Buprenorphine/Naloxone Viatris	2 mg/0,5 mg	Resoriblett, sublingual
Buprenorphine/Naloxone Viatris	8 mg/2 mg	Resoriblett, sublingual
Bupropion Accord	150 mg	Tablett med modifierad frisättning
Bupropion Accord	300 mg	Tablett med modifierad frisättning
Bupropion Bluefish	300 mg	Tablett med modifierad frisättning
Bupropion Omet Pharma	150 mg	Tablett med modifierad frisättning
Bupropion Orion	150 mg	Tablett med modifierad frisättning
Bupropion Sandoz	150 mg	Tablett med modifierad frisättning
Bupropion Sandoz	300 mg	Tablett med modifierad frisättning
Bupropion SUN	150 mg	Tablett med modifierad frisättning
Bupropion SUN	300 mg	Tablett med modifierad frisättning
Bupropion Teva	150 mg	Tablett med modifierad frisättning
Bupropion Teva	300 mg	Tablett med modifierad frisättning
Bupropion Zentiva	300 mg	Tablett med modifierad frisättning
Burinex	0,5 mg/ml	Injektionsvätska, lösning
Burinex	1 mg	Tablett
Buripal	5 mg	Tablett
Buripal	10 mg	Tablett
Buronil	25 mg	Filmdragerad tablett
Buscopan	20 mg/ml	Injektionsvätska, lösning
Buspiron Actavis	5 mg	Tablett
Buspiron Actavis	10 mg	Tablett
Buspiron Ebb	5 mg	Tablett
Buspiron Ebb	10 mg	Tablett
Buspiron Newbury	5 mg	Tablett
Buspiron Newbury	10 mg	Tablett
Busulfan Fresenius Kabi	6 mg/ml	Koncentrat till infusionsvätska, lösning
Busulfan Zentiva	6 mg/ml	Koncentrat till infusionsvätska, lösning
Buventol Easyhaler	100 mikrogram/dos	Inhalationspulver
Buventol Easyhaler	200 mikrogram/dos	Inhalationspulver
Buvidal	8 mg	Injektionsvätska, depotlösning
Buvidal	16 mg	Injektionsvätska, depotlösning
Buvidal	24 mg	Injektionsvätska, depotlösning
Buvidal	32 mg	Injektionsvätska, depotlösning
Buvidal	64 mg	Injektionsvätska, depotlösning
Buvidal	96 mg	Injektionsvätska, depotlösning
Buvidal	128 mg	Injektionsvätska, depotlösning
Buvidal	160 mg	Injektionsvätska, depotlösning
Byfavo	20 mg	Pulver till injektionsvätska, lösning
Byfavo	50 mg	Pulver till koncentrat till injektions-/infusionsvätska, lösning
Bylvay	200 mikrogram	Kapsel, hård
Bylvay	400 mikrogram	Kapsel, hård
Bylvay	600 mikrogram	Kapsel, hård
Bylvay	1200 mikrogram	Kapsel, hård
Byooviz	10 mg/ml	Injektionsvätska, lösning i förfylld spruta
Cabazitaxel EVER Pharma	10 mg/ml	Koncentrat till infusionsvätska, lösning
Cabazitaxel Glenmark	20 mg/ml	Koncentrat till infusionsvätska, lösning
Cabazitaxel Sandoz	10 mg/ml	Koncentrat till infusionsvätska, lösning
Cabazitaxel STADA	20 mg/ml	Koncentrat till infusionsvätska, lösning
Cabazitaxel Teva B.V.	10 mg/ml	Koncentrat till infusionsvätska, lösning
Cabenex	0,5 mg	Tablett
Cabergoline 2care4	0,5 mg	Tablett
Cabergoline ratiopharm	0,5 mg	Tablett
Cabergoline Teva	0,5 mg	Tablett
Cablivi	10 mg	Pulver och vätska till injektionsvätska, lösning
CABOMETYX	20 mg	Filmdragerad tablett
CABOMETYX	40 mg	Filmdragerad tablett
CABOMETYX	60 mg	Filmdragerad tablett
Caelyx pegylated liposomal	2 mg/ml	Koncentrat till infusionsvätska, lösning
Calcichew-D3 Citron	500 mg/400 IE	Tuggtablett
Calcichew-D3 Citron	500 mg/800 IE	Tuggtablett
Calcichew-D3 Melon	500 mg/400 IE	Tuggtablett
Calcichew-D3 Mite Citron	500 mg/200 IE	Tuggtablett
Calcichew-D3 Spearmint	500 mg/400 IE	Tuggtablett
Calcipotriol/Betamethasone Abacus Medicine	50 mikrogram/g + 0,5 mg/g	Salva
Calcipotriol/Betamethasone Aristo	50 mikrogram/g + 0,5 mg/g	Gel
Calcipotriol/Betamethasone Orifarm	50 mikrogram/g + 0,5 mg/g	Gel
Calcipotriol/Betamethasone Sandoz	50 mikrogram/g + 0,5 mg/g	Salva
Calcipotriol/Betamethasone Teva	50 mikrogram/g + 0,5 mg/g	Salva
Calcitugg	1 g	Tuggtablett
Calcitugg	500 mg	Tuggtablett
Calcium folinate Kalceks	10 mg/ml	Injektions-/infusionsvätska, lösning
Calcium-Sandoz	500 mg	Brustablett
Calciumfolinate Teva	10 mg/ml	Injektionsvätska, lösning
Calma	20 mg	Medicinskt tuggummi
Calmuril		Kräm
Caloket	30 mg/ml	Injektions-/infusionsvätska, lösning
Calquence	100 mg	Filmdragerad tablett
Calrecia	100 mmol/l	Infusionsvätska, lösning
Camcevi	42 mg	Injektionsvätska, depotsuspension
Campral	333 mg	Enterotablett
CAMZYOS	2,5 mg	Kapsel, hård
CAMZYOS	5 mg	Kapsel, hård
CAMZYOS	10 mg	Kapsel, hård
CAMZYOS	15 mg	Kapsel, hård
Candemox Comp	16 mg/12,5 mg	Tablett
Candemox Comp	32 mg/12,5 mg	Tablett
Candemox Comp	32 mg/25 mg	Tablett
Candesarstad	4 mg	Tablett
Candesarstad	8 mg	Tablett
Candesarstad	16 mg	Tablett
Candesarstad	32 mg	Tablett
Candesarstad Comp	16 mg/12,5 mg	Tablett
Candesartan Krka	4 mg	Tablett
Candesartan Krka	8 mg	Tablett
Candesartan Krka	16 mg	Tablett
Candesartan Krka	32 mg	Tablett
Candesartan Medical Valley	4 mg	Tablett
Candesartan Medical Valley	8 mg	Tablett
Candesartan Medical Valley	16 mg	Tablett
Candesartan Medical Valley	32 mg	Tablett
Candesartan Orion	8 mg	Tablett
Candesartan Sandoz	4 mg	Tablett
Candesartan Sandoz	8 mg	Tablett
Candesartan Sandoz	16 mg	Tablett
Candesartan Sandoz	32 mg	Tablett
Candesartan STADA	4 mg	Tablett
Candesartan STADA	8 mg	Tablett
Candesartan STADA	16 mg	Tablett
Candesartan STADA	32 mg	Tablett
Candesartan/Hydrochlorothiazide 2care4	32 mg/25 mg	Tablett
Candesartan/Hydrochlorothiazide Krka	8 mg/12,5 mg	Tablett
Candesartan/Hydrochlorothiazide Krka	16 mg/12,5 mg	Tablett
Candesartan/Hydrochlorothiazide Krka	32 mg/12,5 mg	Tablett
Candesartan/Hydrochlorothiazide Krka	32 mg/25 mg	Tablett
Candesartan/Hydrochlorothiazide Orion	16 mg/12,5 mg	Tablett
Candesartan/Hydrochlorothiazide Orion	32 mg/12,5 mg	Tablett
Candesartan/Hydrochlorothiazide Orion	32 mg/25 mg	Tablett
Candesartan/Hydrochlorothiazide STADA	32 mg/12,5 mg	Tablett
Candesartan/Hydrochlorothiazide STADA	32 mg/25 mg	Tablett
Candesartan/Hydrochlorothiazide Teva	32 mg/12,5 mg	Tablett
Candesartan/Hydrochlorothiazide Teva	32 mg/25 mg	Tablett
Candexetil	4 mg	Tablett
Candexetil	8 mg	Tablett
Candexetil	16 mg	Tablett
Candexetil	32 mg	Tablett
Candexetil comp	8 mg/12,5 mg	Tablett
Candexetil comp	16 mg/12,5 mg	Tablett
Canesten	10 mg/g	Kräm
Canesten	200 mg + 10 mg/g	Vaginaltablett och kräm
Canesten	500 mg	Vaginaltablett
Canesten	500 mg + 10 mg/g	Vaginalkapsel, mjuk + kräm
Canesten	500 mg + 10 mg/g	Vaginaltablett och kräm
Canoderm	5 %	Kräm
Canoderm	5 %	Kutan emulsion
Canoderm Duo	50 mg/g + 200 mg/g	Kutan emulsion
Capecitabin STADA	150 mg	Filmdragerad tablett
Capecitabin STADA	500 mg	Filmdragerad tablett
Capecitabine Accord	150 mg	Filmdragerad tablett
Capecitabine Accord	300 mg	Filmdragerad tablett
Capecitabine Accord	500 mg	Filmdragerad tablett
Capecitabine Orion	150 mg	Filmdragerad tablett
Capecitabine Orion	500 mg	Filmdragerad tablett
Capecitabine Teva	500 mg	Filmdragerad tablett
Capecitabine Zentiva	150 mg	Filmdragerad tablett
Capecitabine Zentiva	500 mg	Filmdragerad tablett
Caprelsa	100 mg	Filmdragerad tablett
Caprelsa	300 mg	Filmdragerad tablett
Capsina	0,075 %	Kräm
Captopril Viatris	25 mg	Tablett
Captopril Viatris	50 mg	Tablett
CAPVAXIVE		Injektionsvätska, lösning i förfylld spruta
Carbaglu	200 mg	Dispergerbar tablett
Carbamazepine Essential Pharma	125 mg	Suppositorium
Carbamazepine Essential Pharma	250 mg	Suppositorium
Carbetocin Aguettant	100 mikrogram	Injektionsvätska, lösning i förfylld spruta
Carbidopa/Levodopa Fair-Med	12,5 mg/50 mg	Tablett
Carbidopa/Levodopa Fair-Med	25 mg/100 mg	Tablett
Carbidopa/Levodopa Orifarm	12,5 mg/50 mg	Tablett
Carbidopa/Levodopa Orifarm	25 mg/100 mg	Tablett
Carbidopa/Levodopa Orion	12,5 mg/50 mg	Tablett
Carbidopa/Levodopa Orion	25 mg/100 mg	Tablett
Carblit	300 mg (8,1 mmol)	Tablett
Carbo medicinalis	250 mg	Tablett
Carbocain	10 mg/ml	Injektionsvätska, lösning
Carbocain	20 mg/ml	Injektionsvätska, lösning
Carbocain adrenalin	5 mg/ml + 5 mikrogram/ml	Injektionsvätska, lösning
Carbocain adrenalin	10 mg/ml + 5 mikrogram/ml	Injektionsvätska, lösning
Carbocain adrenalin	20 mg/ml + 5 mikrogram/ml	Injektionsvätska, lösning
Carbocain dental	30 mg/ml	Injektionsvätska, lösning
Carbomedac	10 mg/ml	Koncentrat till infusionsvätska, lösning
Carbomix		Granulat till oral suspension
Carboplatin Accord	10 mg/ml	Koncentrat till infusionsvätska, lösning
Carboplatin Actavis	10 mg/ml	Koncentrat till infusionsvätska, lösning
Carboplatin Ebewe	10 mg/ml	Koncentrat till infusionsvätska, lösning
Cardiogen-82	3,3-5,6 GBq	Radionuklidgenerator
Cardura	8 mg	Depottablett
Carduran	8 mg	Depottablett
Caredin	2,5 mg	Munsönderfallande tablett
Caredin	5 mg	Munsönderfallande tablett
Carmustine Accord	100 mg	Pulver och vätska till koncentrat till infusionsvätska, lösning
Carmustine Accordpharma	300 mg	Pulver och vätska till koncentrat till infusionsvätska, lösning
Carmustine Macure	100 mg	Pulver och vätska till koncentrat till infusionsvätska, lösning
Carmustine medac	100 mg	Pulver och vätska till koncentrat till infusionsvätska, lösning
Carmyne	40 mg	Injektionsvätska, lösning
Caruxin	150 mikrogram/ml	Injektionsvätska, lösning
Carvedilol Abacus Medicine	6,25 mg	Tablett
Carvedilol Abacus Medicine	12,5 mg	Tablett
Carvedilol Abacus Medicine	25 mg	Tablett
Carvedilol Aurobindo	6,25 mg	Filmdragerad tablett
Carvedilol Aurobindo	12,5 mg	Filmdragerad tablett
Carvedilol Aurobindo	25 mg	Filmdragerad tablett
Carvedilol Ebb	6,25 mg	Tablett
Carvedilol Ebb	12,5 mg	Tablett
Carvedilol Ebb	25 mg	Tablett
Carvedilol HEXAL	3,125 mg	Tablett
Carvedilol HEXAL	6,25 mg	Tablett
Carvedilol HEXAL	12,5 mg	Tablett
Carvedilol HEXAL	25 mg	Tablett
Carveratio	6,25 mg	Tablett
Carveratio	12,5 mg	Tablett
Carveratio	25 mg	Tablett
CARVYKTI	3,2 - 100 miljoner celler	Infusionsvätska, dispersion
Casodex	50 mg	Filmdragerad tablett
Casodex	150 mg	Filmdragerad tablett
Caspofungin Sandoz	50 mg	Pulver till koncentrat till infusionsvätska, lösning
Caspofungin Sandoz	70 mg	Pulver till koncentrat till infusionsvätska, lösning
Caspofungin STADA	50 mg	Pulver till koncentrat till infusionsvätska, lösning
Caspofungin STADA	70 mg	Pulver till koncentrat till infusionsvätska, lösning
Caspofungin Tillomed	50 mg	Pulver till koncentrat till infusionsvätska, lösning
Caspofungin Tillomed	70 mg	Pulver till koncentrat till infusionsvätska, lösning
Catapresan	150 mikrogram/ml	Injektionsvätska, lösning
Catiolanze	50 mikrogram/ml	Ögondroppar, emulsion
Caverject Dual	10 mikrogram	Pulver och vätska till injektionsvätska, lösning
Caverject Dual	20 mikrogram	Pulver och vätska till injektionsvätska, lösning
Cayston	75 mg	Pulver till lösning för nebulisator
Cefadroxil Sandoz	500 mg	Kapsel, hård
Cefadroxil Viatris	100 mg/ml	Pulver till oral suspension
Cefadroxil Viatris	500 mg	Kapsel, hård
Cefamox löslig	1 g	Löslig tablett
Cefepim MIP	1 g	Pulver till injektions-/infusionsvätska, lösning
Cefepim MIP	2 g	Pulver till injektions-/infusionsvätska, lösning
Cefixime FrostPharma	20 mg/ml	Granulat till oral suspension
Cefixime Medochemie	400 mg	Filmdragerad tablett
Cefotaxim MIP	1 g	Pulver till injektions-/infusionsvätska, lösning
Cefotaxim MIP	2 g	Pulver till injektions-/infusionsvätska, lösning
Cefotaxim Navamedic	0,5 g	Pulver till injektionsvätska, lösning
Cefotaxim Navamedic	1 g	Pulver till injektions-/infusionsvätska, lösning
Cefotaxim Navamedic	2 g	Pulver till injektions-/infusionsvätska, lösning
Ceftriaxon Fresenius Kabi	1 g	Pulver till injektions-/infusionsvätska, lösning
Ceftriaxon Fresenius Kabi	2 g	Pulver till infusionsvätska, lösning
Ceftriaxon MIP	1 g	Pulver till injektions-/infusionsvätska, lösning
Ceftriaxon MIP	2 g	Pulver till infusionsvätska, lösning
Ceftriaxon Navamedic	1 g	Pulver till injektions-/infusionsvätska, lösning
Ceftriaxon Navamedic	2 g	Pulver till infusionsvätska, lösning
Cefuroxim MIP	750 mg	Pulver till injektionsvätska, lösning
Cefuroxim MIP	1500 mg	Pulver till injektions-/infusionsvätska, lösning
Cefuroxim Navamedic	250 mg	Pulver till injektions-/infusionsvätska, lösning
Cefuroxim Navamedic	750 mg	Pulver till injektions-/infusionsvätska, lösning
Cefuroxim Navamedic	1500 mg	Pulver till injektions-/infusionsvätska, lösning
Celebra	100 mg	Kapsel, hård
Celebra	200 mg	Kapsel, hård
Celecoxib Accord	100 mg	Kapsel, hård
Celecoxib Accord	200 mg	Kapsel, hård
Celecoxib Krka	100 mg	Kapsel, hård
Celecoxib Krka	200 mg	Kapsel, hård
Celecoxib Medical Valley	100 mg	Kapsel, hård
Celecoxib Medical Valley	200 mg	Kapsel, hård
Celecoxib Sandoz	200 mg	Kapsel, hård
Celecoxib STADA	100 mg	Kapsel, hård
Celecoxib STADA	200 mg	Kapsel, hård
Celeston bifas	5,7 mg/ml	Injektionsvätska, suspension
CellCept	1 g/5 ml	Pulver till oral suspension
CellCept	250 mg	Kapsel, hård
CellCept	500 mg	Filmdragerad tablett
CellCept	500 mg	Pulver till koncentrat till infusionsvätska, lösning
Celluvisc		Ögondroppar, lösning i endosbehållare
Celocurin	50 mg/ml	Injektionsvätska, lösning
CELSENTRI	150 mg	Filmdragerad tablett
CELSENTRI	300 mg	Filmdragerad tablett
Centyl K	2,5 mg/573 mg	Filmdragerad tablett
Centyl K mite	1,25 mg/573 mg	Filmdragerad tablett
Ceplene	0,5 mg/0,5 ml	Injektionsvätska, lösning
Ceprotin	500 IE	Pulver och vätska till injektionsvätska, lösning
Ceprotin	1000 IE	Pulver och vätska till injektionsvätska, lösning
Ceranor	75 mikrogram	Filmdragerad tablett
Cerazette	75 mikrogram	Filmdragerad tablett
Cerdelga	84 mg	Kapsel, hård
Ceretec Stabilised	0,50 mg	Beredningssats för radioaktivt läkemedel
Cerezyme		Pulver till koncentrat till infusionsvätska, lösning
Cernevit		Pulver till injektions-/infusionsvätska, lösning
Cernitol Novum		Filmdragerad tablett
Certican	0,1 mg	Dispergerbar tablett
Certican	0,5 mg	Tablett
Certican	0,25 mg	Dispergerbar tablett
Certican	0,25 mg	Tablett
Certican	0,75 mg	Tablett
Cerubidin	20 mg	Pulver till infusionsvätska, lösning
Cetimax	10 mg	Filmdragerad tablett
Cetirizin ABECE	10 mg	Filmdragerad tablett
Cetirizin Apofri	10 mg	Filmdragerad tablett
Cetirizin Sandoz	10 mg	Filmdragerad tablett
Cetirizin STADA	10 mg	Filmdragerad tablett
Cetirizin Viatris	10 mg	Filmdragerad tablett
Cetirizine Teva	10 mg	Filmdragerad tablett
Cetraxal	2 mg/ml	Örondroppar, lösning i endosbehållare
Cetraxal Comp	3 mg/ml + 0,25 mg/ml	Örondroppar, lösning
Cetraxal Comp	3 mg/ml + 0,25 mg/ml	Örondroppar, lösning i endosbehållare
CHAMPIX	0,5 mg	Filmdragerad tablett
CHAMPIX	0,5 mg + 1 mg	Filmdragerad tablett
CHAMPIX	1 mg	Filmdragerad tablett
Chisan		Oral suspension
Chloraprep	20 mg/ml + 0,70 ml/ml	Impregnerad kutan svabb
Chloraprep	20 mg/ml + 0,70 ml/ml	Kutan lösning
Chloraprep färgad	20 mg/ml + 0,70 ml/ml	Kutan lösning
Cholestagel	625 mg	Filmdragerad tablett
Cialis	5 mg	Filmdragerad tablett
Cialis	10 mg	Filmdragerad tablett
Cialis	20 mg	Filmdragerad tablett
Cibinqo	50 mg	Filmdragerad tablett
Cibinqo	100 mg	Filmdragerad tablett
Cibinqo	200 mg	Filmdragerad tablett
Ciclesonide Glenmark	80 mikrogram/dos	Inhalationsspray, lösning
Ciclesonide Orifarm	160 mikrogram/dos	Inhalationsspray, lösning
Ciclesonide Orifarm	320 mikrogram/dos	Inhalationsspray, lösning
Ciclesonide Sandoz	80 mikrogram/dos	Inhalationsspray, lösning
Ciclesonide Sandoz	160 mikrogram/dos	Inhalationsspray, lösning
Cidofovir Macure	75 mg/ml	Koncentrat till infusionsvätska, lösning
Ciklosporin 2care4	25 mg	Kapsel, mjuk
Ciklosporin 2care4	50 mg	Kapsel, mjuk
Ciklosporin Ebb	25 mg	Kapsel, mjuk
Ciklosporin Ebb	50 mg	Kapsel, mjuk
Ciklosporin Ebb	100 mg	Kapsel, mjuk
Ciklosporin IVAX	25 mg	Kapsel, mjuk
Ciklosporin IVAX	50 mg	Kapsel, mjuk
Ciklosporin IVAX	100 mg	Kapsel, mjuk
Ciklosporin IVAX	100 mg/ml	Oral lösning
Ciklosporin Medartuum	50 mg	Kapsel, mjuk
Ciklosporin Medartuum	100 mg	Kapsel, mjuk
Ciklosporin Orifarm	100 mg	Kapsel, mjuk
Cilostazol Ebb	100 mg	Tablett
Ciloxan	3 mg/g	Ögonsalva
Ciloxan	3 mg/ml	Ögondroppar, lösning
Ciloxan	3 mg/ml	Örondroppar, lösning
Cimzia	200 mg	Injektionsvätska, lösning i förfylld injektionspenna
Cimzia	200 mg	Injektionsvätska, lösning i förfylld spruta
Cinacalcet Accordpharma	30 mg	Filmdragerad tablett
Cinacalcet Accordpharma	60 mg	Filmdragerad tablett
Cinacalcet Accordpharma	90 mg	Filmdragerad tablett
Cinacalcet Amarox	30 mg	Filmdragerad tablett
Cinacalcet Amarox	60 mg	Filmdragerad tablett
Cinacalcet Amarox	90 mg	Filmdragerad tablett
Cinacalcet Orion	30 mg	Filmdragerad tablett
Cinacalcet Orion	60 mg	Filmdragerad tablett
Cinacalcet STADA	30 mg	Filmdragerad tablett
Cinacalcet STADA	60 mg	Filmdragerad tablett
Cinacalcet STADA	90 mg	Filmdragerad tablett
Cinacalcet Teva	30 mg	Filmdragerad tablett
Cinacalcet Teva	60 mg	Filmdragerad tablett
Cinacalcet Teva	90 mg	Filmdragerad tablett
Cinacalcet Viatris	30 mg	Filmdragerad tablett
Cinacalcet Viatris	60 mg	Filmdragerad tablett
Cinacalcet Viatris	90 mg	Filmdragerad tablett
Cinnarizin/Dimenhydrinat Ebb	20 mg/40 mg	Tablett
CINQAERO	10 mg/ml	Koncentrat till infusionsvätska, lösning
Cinryze	500 IE	Pulver och vätska till injektionsvätska, lösning
Cipralex	5 mg	Filmdragerad tablett
Cipralex	10 mg	Filmdragerad tablett
Cipralex	15 mg	Filmdragerad tablett
Cipralex	20 mg	Filmdragerad tablett
Cipralex	20 mg/ml	Orala droppar, lösning
Cipramil	10 mg	Filmdragerad tablett
Cipramil	20 mg	Filmdragerad tablett
Ciprofloxacin 2care4	500 mg	Filmdragerad tablett
Ciprofloxacin Abacus Medicine	500 mg	Filmdragerad tablett
Ciprofloxacin Accord	250 mg	Filmdragerad tablett
Ciprofloxacin Accord	500 mg	Filmdragerad tablett
Ciprofloxacin Accord	750 mg	Filmdragerad tablett
Ciprofloxacin Bluefish	500 mg	Filmdragerad tablett
Ciprofloxacin Ebb	500 mg	Filmdragerad tablett
Ciprofloxacin Fresenius Kabi	2 mg/ml	Infusionsvätska, lösning
Ciprofloxacin Hexal	500 mg	Filmdragerad tablett
Ciprofloxacin Hexal	750 mg	Filmdragerad tablett
Ciprofloxacin Krka	250 mg	Filmdragerad tablett
Ciprofloxacin Krka	500 mg	Filmdragerad tablett
Ciprofloxacin Krka	750 mg	Filmdragerad tablett
Ciprofloxacin Navamedic	2 mg/ml	Infusionsvätska, lösning
Ciprofloxacin Orion	250 mg	Filmdragerad tablett
Ciprofloxacin Orion	500 mg	Filmdragerad tablett
Ciprofloxacin Orion	750 mg	Filmdragerad tablett
Ciprofloxacin SUN	500 mg	Filmdragerad tablett
Ciprofloxacin Viatris	500 mg	Filmdragerad tablett
Ciprofloxacin Viatris	750 mg	Filmdragerad tablett
Ciproxin	50 mg/ml	Granulat och vätska till oral suspension
Ciqorin	25 mg	Kapsel, mjuk
Ciqorin	50 mg	Kapsel, mjuk
Ciqorin	100 mg	Kapsel, mjuk
Circadin	2 mg	Depottablett
Cisordinol	2 mg	Filmdragerad tablett
Cisordinol	10 mg	Filmdragerad tablett
Cisordinol	20 mg/ml	Orala droppar, lösning
Cisordinol	25 mg	Filmdragerad tablett
Cisordinol Depot	200 mg/ml	Injektionsvätska, lösning
Cisordinol-Acutard	50 mg/ml	Injektionsvätska, lösning
Cisplatin Accord	1 mg/ml	Koncentrat till infusionsvätska, lösning
Cisplatin Ebewe	1 mg/ml	Koncentrat till infusionsvätska, lösning
Citalopram Ebb	20 mg	Filmdragerad tablett
Citalopram Ebb	30 mg	Filmdragerad tablett
Citalopram Jubilant	30 mg	Filmdragerad tablett
Citalopram Orion	10 mg	Filmdragerad tablett
Citalopram Orion	20 mg	Filmdragerad tablett
Citalopram Orion	40 mg	Filmdragerad tablett
Citalopram Sandoz	10 mg	Filmdragerad tablett
Citalopram Sandoz	20 mg	Filmdragerad tablett
Citalopram Sandoz	30 mg	Filmdragerad tablett
Citalopram Sandoz	40 mg	Filmdragerad tablett
Citalopram Teva	10 mg	Filmdragerad tablett
Citalopram Teva	20 mg	Filmdragerad tablett
Citalopram Teva	40 mg	Filmdragerad tablett
Citalopram Viatris	10 mg	Filmdragerad tablett
Citalopram Viatris	20 mg	Filmdragerad tablett
Citalopram Viatris	30 mg	Filmdragerad tablett
Citalopram Viatris	40 mg	Filmdragerad tablett
Citalopram Vitabalans	20 mg	Filmdragerad tablett
Citanest	5 mg/ml	Injektionsvätska, lösning
Citanest Dental Octapressin	30 mg/ml + 0,54 mikrogram/ml	Injektionsvätska, lösning
Citodon	500 mg/30 mg	Brustablett
Citodon	500 mg/30 mg	Tablett
Citodon forte	1 g/60 mg	Suppositorium
CitraFleet		Pulver till oral lösning i dospåse
Civaron	136 mmol/l	Infusionsvätska, lösning
Clariscan	0,5 mmol/ml	Injektionsvätska, lösning
Clariscan	0,5 mmol/ml	Injektionsvätska, lösning i förfylld spruta
Clarithromycin Aurobindo	250 mg	Filmdragerad tablett
Clarithromycin Aurobindo	500 mg	Filmdragerad tablett
Clarithromycin Krka	250 mg	Filmdragerad tablett
Clarithromycin Krka	500 mg	Filmdragerad tablett
Clarityn	1 mg/ml	Sirap
Clarityn	10 mg	Tablett
Claversal	500 mg	Suppositorium
Cleari	0,12 mg/ml	Ögondroppar, lösning
Clindamycin Abcur	150 mg/ml	Injektions-/infusionsvätska, lösning
Clindamycin Actavis	300 mg	Kapsel, hård
Clindamycin Bijon	150 mg	Kapsel, hård
Clindamycin Bijon	300 mg	Kapsel, hård
Clindamycin EQL Pharma	150 mg	Kapsel, hård
Clindamycin EQL Pharma	300 mg	Kapsel, hård
Clindamycin hameln	150 mg/ml	Injektions-/infusionsvätska, lösning
Clindamycin Navamedic	300 mg	Infusionsvätska, lösning
Clindamycin Navamedic	600 mg	Infusionsvätska, lösning
Clindamycin Orifarm	150 mg	Kapsel, hård
Clindamycin Orifarm	300 mg	Kapsel, hård
Clinimix N17G35E		Infusionsvätska, lösning
Clinoleic	200 mg/ml	Infusionsvätska, emulsion
Clinzoyl	50 mg/g + 10 mg/g	Gel
Cliovelle	1 mg/0,5 mg	Tablett
Clobetasol Teva	0,05 %	Kräm
Clobetasol Teva	0,05 %	Salva
Clobex	500 mikrogram/g	Schampo
Clopidogrel Accord	75 mg	Filmdragerad tablett
Clopidogrel Actavis	75 mg	Filmdragerad tablett
Clopidogrel Krka	75 mg	Filmdragerad tablett
Clopidogrel Medical Valley	75 mg	Filmdragerad tablett
Clopidogrel STADA	75 mg	Filmdragerad tablett
Clopidogrel Zentiva	75 mg	Filmdragerad tablett
Clopixol	2 mg	Filmdragerad tablett
Clopixol	10 mg	Filmdragerad tablett
Clopixol	25 mg	Filmdragerad tablett
Clopixol Depot	200 mg/ml	Injektionsvätska, lösning
Clopixol-Acutard	50 mg/ml	Injektionsvätska, lösning
Cloriocard	75 mg	Filmdragerad tablett
Cloxacillin Navamedic	1 g	Pulver till injektions-/infusionsvätska, lösning
Cloxacillin Navamedic	2 g	Pulver till injektions-/infusionsvätska, lösning
Cloxacillin Stragen	1 g	Pulver till injektions-/infusionsvätska, lösning
Cloxacillin Stragen	2 g	Pulver till injektions-/infusionsvätska, lösning
Cloxacillin Stragen	10 g	Pulver till injektions-/infusionsvätska, lösning
Cloxacillin XGX Pharma	2 g	Pulver till injektions-/infusionsvätska, lösning
Clozapine Accord	25 mg	Tablett
Clozapine Accord	100 mg	Tablett
Clozapine Actavis	100 mg	Tablett
Clozapine Holsten	25 mg	Tablett
Clozapine Holsten	100 mg	Tablett
Clozapine Sandoz	25 mg	Tablett
Clozapine Sandoz	100 mg	Tablett
Cluvot	250 IE	Pulver och vätska till injektions-/infusionsvätska, lösning
Cluvot	1250 IE	Pulver och vätska till injektions-/infusionsvätska, lösning
Coagadex	250 IE	Pulver och vätska till injektionsvätska, lösning
Cocillana-Etyfin		Oral lösning
Colazid	750 mg	Kapsel, hård
Coldycin Citron	5 mg/1 mg	Komprimerad sugtablett
Coldycin Honung	5 mg/1 mg	Komprimerad sugtablett
Coldycin Jordgubb	5 mg/1 mg	Komprimerad sugtablett
Coldycin Mentol	5 mg/1 mg	Komprimerad sugtablett
Colecalciferol EQL Pharma	800 IE	Tablett
Colecalciferol EQL Pharma	2000 IE	Tablett
Colecalciferol Strides	800 IE	Kapsel, mjuk
Colecalciferol Viatris	800 IE	Tablett
Colineb	1 miljon IE	Pulver till lösning för nebulisator
Colineb	2 miljoner IE	Pulver till lösning för nebulisator
Colobreathe	1662500 IE	Inhalationspulver, hård kapsel
Colpermin	187 mg	Enterokapsel, hård
Colrefuz	500 mikrogram	Tablett
Columvi	2,5 mg	Koncentrat till infusionsvätska, lösning
Columvi	10 mg	Koncentrat till infusionsvätska, lösning
Combigan	2 mg/ml + 5 mg/ml	Ögondroppar, lösning
Combivir	150 mg/ 300 mg	Filmdragerad tablett
Comboval	10 mg/ml +3 mg/ml	Infusionsvätska, lösning
Cometriq	20 mg + 80 mg	Kapsel, hård
Comirnaty LP.8.1	30 mikrogram/dos	Injektionsvätska, dispersion
Comirnaty XFG	10 mikrogram/dos	Injektionsvätska, dispersion
Comirnaty XFG	30 mikrogram/dos	Injektionsvätska, dispersion
Comtess	200 mg	Filmdragerad tablett
Concerta	18 mg	Depottablett
Concerta	27 mg	Depottablett
Concerta	36 mg	Depottablett
Concerta	54 mg	Depottablett
Conexxence	60 mg	Injektionsvätska, lösning i förfylld spruta
Confidex	500 IE	Pulver och vätska till injektionsvätska, lösning
Confidex	1000 IE	Pulver och vätska till injektionsvätska, lösning
Conoxia	100 %	Medicinsk gas, komprimerad
Conoxia	100 %	Medicinsk gas, kryogen
Constella	290 mikrogram	Kapsel, hård
Copaxone	20 mg/ml	Injektionsvätska, lösning i förfylld spruta
Copaxone	40 mg/ml	Injektionsvätska, lösning i förfylld spruta
Copneg	0,5 mg/ml + 2,5 mg/ml	Injektionsvätska, lösning
Cordarone	50 mg/ml	Injektionsvätska, lösning
Cordarone	100 mg	Tablett
Cordarone	200 mg	Tablett
Corhum		Lösning för kardioplegi/organförvaring
Corotrop	1 mg/ml	Injektionsvätska, lösning
Corsodyl	1 %	Munhålegel
Corsodyl	2 mg/ml	Munhålelösning
Cortiment	9 mg	Depottablett
Cortimyk	20 mg/g + 10 mg/g	Kräm
Cosentyx	75 mg	Injektionsvätska, lösning i förfylld spruta
Cosentyx	150 mg	Injektionsvätska, lösning i förfylld injektionspenna
Cosentyx	150 mg	Injektionsvätska, lösning i förfylld spruta
Cosentyx	300 mg	Injektionsvätska, lösning i förfylld injektionspenna
Cosmofer	50 mg/ml	Injektions-/infusionsvätska, lösning
Cosopt	20 mg/ml + 5 mg/ml	Ögondroppar, lösning i endosbehållare
Cosopt sine	20 mg/ml + 5 mg/ml	Ögondroppar, lösning
Cozaar	50 mg	Filmdragerad tablett
Cozaar	100 mg	Filmdragerad tablett
Cozaar Comp	50 mg/12,5 mg	Filmdragerad tablett
Cremarol	200 mg/g	Kräm
Creon 10000		Enterokapsel, hård
Creon 25000		Enterokapsel, hård
Creon 35000		Enterokapsel, hård
CRESEMBA	40 mg	Kapsel, hård
CRESEMBA	100 mg	Kapsel, hård
CRESEMBA	200 mg	Pulver till koncentrat till infusionsvätska, lösning
Crestor	5 mg	Filmdragerad tablett
Crestor	10 mg	Filmdragerad tablett
Crestor	20 mg	Filmdragerad tablett
Crestor	40 mg	Filmdragerad tablett
Crinone	8 %	Vaginalgel
CRYSVITA	10 mg	Injektionsvätska, lösning
CRYSVITA	20 mg	Injektionsvätska, lösning
CRYSVITA	30 mg	Injektionsvätska, lösning
Cubicin	350 mg	Pulver till injektions-/infusionsvätska, lösning
Cufence	200 mg	Kapsel, hård
Cuprior	150 mg	Tablett
Curbisal		Kapsel, mjuk
Curemid	50 mg/g	Kräm
Curosurf	80 mg/ml	Instillationsvätska för luftvägarna, suspension
Cutaquig	165 mg/ml	Injektionsvätska, lösning
Cuvitru	200 mg/ml	Injektionsvätska, lösning
Cyanocobalamin Farmacia	1 mg	Filmdragerad tablett
Cyanokit	5 g	Pulver till infusionsvätska, lösning
Cyclogest	400 mg	Vagitorium
Cyclogyl	1 %	Ögondroppar, lösning
Cyclopentolat Bausch & Lomb	1 % (10 mg/ml)	Ögondroppar, lösning i endosbehållare
Cyklo-f	500 mg	Filmdragerad tablett
Cyklokapron	1 g	Brustablett
Cyklokapron	100 mg/ml	Injektions-/infusionsvätska, lösning
Cyklokapron	500 mg	Filmdragerad tablett
Cyklonova	500 mg	Filmdragerad tablett
Cymevene	500 mg	Pulver till koncentrat till infusionsvätska, lösning
Cynaramin		Orala droppar, lösning
Cyproteronacetat Ebb	50 mg	Tablett
Cyramza	10 mg/ml	Koncentrat till infusionsvätska, lösning
Cysarax	1,5 mg	Tablett
CYSTADANE	1 g	Oralt pulver
Cystadrops	3,8 mg/ml	Ögondroppar, lösning
Cystagon	50 mg	Kapsel, hård
Cystagon	150 mg	Kapsel, hård
Cytarabin Hikma	100 mg/ml	Injektions-/infusionsvätska, lösning
Cytarabine Accord	100 mg/ml	Injektions-/infusionsvätska, lösning
Cytarabine STADA	20 mg/ml	Injektionsvätska, lösning
Cytarabine STADA	100 mg/ml	Koncentrat till infusionsvätska, lösning
Cytisiniklin Abacus Medicine	1,5 mg	Tablett
Cytisiniklin Ebb	1,5 mg	Tablett
Cytisiniklin Medartuum	1,5 mg	Tablett
Cytotec	0,2 mg	Tablett
D-Calsor	500 mg/10 mikrogram (400 IE)	Filmdragerad tablett
D-Calsor	500 mg/20 mikrogram (800 IE)	Filmdragerad tablett
D-vitamin Olja Avia	80 IE/droppe	Orala droppar, lösning
D-vitamin Olja Pharmaprim	80 IE/droppe	Orala droppar, lösning
D-vitamin Vatten Avia	80 IE/droppe	Orala droppar, lösning
Dabigatran Etexilate Accord	75 mg	Kapsel, hård
Dabigatran Etexilate Accord	110 mg	Kapsel, hård
Dabigatran Etexilate Accord	150 mg	Kapsel, hård
Dabigatran etexilate Glenmark	75 mg	Kapsel, hård
Dabigatran etexilate Glenmark	110 mg	Kapsel, hård
Dabigatran etexilate Glenmark	150 mg	Kapsel, hård
Dabigatran etexilate Krka	110 mg	Kapsel, hård
Dabigatran etexilate Krka	150 mg	Kapsel, hård
Dabigatran etexilate Medical Valley	75 mg	Kapsel, hård
Dabigatran etexilate Medical Valley	110 mg	Kapsel, hård
Dabigatran etexilate Medical Valley	150 mg	Kapsel, hård
Dabigatran etexilate Orion	75 mg	Kapsel, hård
Dabigatran etexilate Orion	110 mg	Kapsel, hård
Dabigatran etexilate Orion	150 mg	Kapsel, hård
Dabigatran etexilate Sandoz	75 mg	Kapsel, hård
Dabigatran etexilate Sandoz	110 mg	Kapsel, hård
Dabigatran etexilate Sandoz	150 mg	Kapsel, hård
Dabigatran etexilate STADA Nordic	110 mg	Kapsel, hård
Dabigatran etexilate STADA Nordic	150 mg	Kapsel, hård
Dabigatran etexilate Teva	110 mg	Kapsel, hård
Dabigatran etexilate Teva	150 mg	Kapsel, hård
Dabigatran etexilate Zentiva	110 mg	Kapsel, hård
Dabigatran etexilate Zentiva	150 mg	Kapsel, hård
Dacarbazine medac	200 mg	Pulver till injektions-/infusionsvätska, lösning
Dacarbazine medac	500 mg	Pulver till infusionsvätska, lösning
Dacarbazine medac	1000 mg	Pulver till infusionsvätska, lösning
Dacepton	5 mg/ml	Infusionsvätska, lösning
Dacepton	10 mg/ml	Injektionsvätska, lösning i cylinderampull
DACOGEN	50 mg	Pulver till koncentrat till infusionsvätska, lösning
Dailiport	0,5 mg	Depotkapsel, hård
Dailiport	1 mg	Depotkapsel, hård
Dailiport	2 mg	Depotkapsel, hård
Dailiport	3 mg	Depotkapsel, hård
Dailiport	5 mg	Depotkapsel, hård
Daivobet	50 mikrogram/g + 0,5 mg/g	Gel
Daivobet	50 mikrogram/g + 0,5 mg/g	Salva
Daktacort	20 mg/g + 10 mg/g	Kräm
Daktar	2 %	Kräm
Dalacin	2 %	Vaginalkräm
Dalacin	10 mg/ml	Kutan emulsion
Dalacin	15 mg/ml	Granulat till oral lösning
Dalacin	100 mg	Vagitorium
Dalacin	150 mg	Kapsel, hård
Dalacin	150 mg/ml	Injektionsvätska, lösning
Dalacin	300 mg	Kapsel, hård
Dalbavancin Accord	500 mg	Pulver till koncentrat till infusionsvätska, lösning
Dalbavancin Bioglan	500 mg	Pulver till koncentrat till infusionsvätska, lösning
Dalbavancin Zentiva	500 mg	Pulver till koncentrat till infusionsvätska, lösning
Damigra	20 mg	Nässpray, lösning
Daptomycin Accordpharma	350 mg	Pulver till injektions-/infusionsvätska, lösning
Daptomycin Accordpharma	500 mg	Pulver till injektions-/infusionsvätska, lösning
Daptomycin Advanz Pharma	350 mg	Pulver till injektions-/infusionsvätska, lösning
Daptomycin hameln	350 mg	Pulver till injektions-/infusionsvätska, lösning
Daptomycin Reddy	350 mg	Pulver till injektions-/infusionsvätska, lösning
Darunavir Accord	600 mg	Filmdragerad tablett
Darunavir Accord	800 mg	Filmdragerad tablett
Darunavir Amarox	600 mg	Filmdragerad tablett
Darunavir Amarox	800 mg	Filmdragerad tablett
Darunavir Glenmark	600 mg	Filmdragerad tablett
Darunavir Glenmark	800 mg	Filmdragerad tablett
Darunavir Krka	600 mg	Filmdragerad tablett
Darunavir Krka	800 mg	Filmdragerad tablett
Darunavir Medical Valley	800 mg	Filmdragerad tablett
Darunavir STADA	600 mg	Filmdragerad tablett
Darunavir STADA	800 mg	Filmdragerad tablett
DARZALEX	20 mg/ml	Koncentrat till infusionsvätska, lösning
DARZALEX	1800 mg	Injektionsvätska, lösning
Dasatinib Accord Healthcare	20 mg	Filmdragerad tablett
Dasatinib Accord Healthcare	70 mg	Filmdragerad tablett
Dasatinib Accord Healthcare	100 mg	Filmdragerad tablett
Dasatinib Avansor	50 mg	Filmdragerad tablett
Dasatinib Krka	20 mg	Filmdragerad tablett
Dasatinib Krka	50 mg	Filmdragerad tablett
Dasatinib Krka	70 mg	Filmdragerad tablett
Dasatinib Krka	100 mg	Filmdragerad tablett
Dasatinib Krka	140 mg	Filmdragerad tablett
Dasatinib Sandoz	20 mg	Filmdragerad tablett
Dasatinib Sandoz	50 mg	Filmdragerad tablett
Dasatinib Sandoz	70 mg	Filmdragerad tablett
Dasatinib Sandoz	80 mg	Filmdragerad tablett
Dasatinib Sandoz	100 mg	Filmdragerad tablett
Dasatinib Sandoz	140 mg	Filmdragerad tablett
Dasatinib STADA	20 mg	Filmdragerad tablett
Dasatinib STADA	50 mg	Filmdragerad tablett
Dasatinib STADA	70 mg	Filmdragerad tablett
Dasatinib STADA	80 mg	Filmdragerad tablett
Dasatinib STADA	100 mg	Filmdragerad tablett
Dasatinib STADA	140 mg	Filmdragerad tablett
Dasatinib Teva	50 mg	Filmdragerad tablett
Dasatinib Teva	70 mg	Filmdragerad tablett
Dasatinib Teva	100 mg	Filmdragerad tablett
Dasatinib Viatris	20 mg	Filmdragerad tablett
Dasatinib Viatris	50 mg	Filmdragerad tablett
Dasatinib Viatris	70 mg	Filmdragerad tablett
Dasatinib Viatris	100 mg	Filmdragerad tablett
Dasatinib Zentiva	20 mg	Filmdragerad tablett
Dasatinib Zentiva	50 mg	Filmdragerad tablett
Dasatinib Zentiva	70 mg	Filmdragerad tablett
Dasatinib Zentiva	100 mg	Filmdragerad tablett
Dasatinib Zentiva	140 mg	Filmdragerad tablett
Dasselta	5 mg	Filmdragerad tablett
DaTSCAN	74 MBq/ml	Injektionsvätska, lösning
Dawnzera	80 mg	Injektionsvätska, lösning i förfylld injektionspenna
Daxas	250 mikrogram	Tablett
Daxas	500 mikrogram	Filmdragerad tablett
Decitabine Accord	50 mg	Pulver till koncentrat till infusionsvätska, lösning
Dectova	10 mg/ml	Infusionsvätska, lösning
Deferasirox Accord	90 mg	Filmdragerad tablett
Deferasirox Accord	180 mg	Filmdragerad tablett
Deferasirox Accord	360 mg	Filmdragerad tablett
Deferasirox Glenmark	90 mg	Filmdragerad tablett
Deferasirox Glenmark	180 mg	Filmdragerad tablett
Deferasirox Glenmark	360 mg	Filmdragerad tablett
Deferasirox Medical Valley	90 mg	Filmdragerad tablett
Deferasirox Medical Valley	180 mg	Filmdragerad tablett
Deferasirox Medical Valley	360 mg	Filmdragerad tablett
Deferasirox Mylan	360 mg	Filmdragerad tablett
Deferasirox Sandoz	180 mg	Filmdragerad tablett
Deferasirox Sandoz	360 mg	Filmdragerad tablett
Deferasirox STADA	90 mg	Filmdragerad tablett
Deferasirox STADA	180 mg	Filmdragerad tablett
Deferasirox STADA	360 mg	Filmdragerad tablett
Deferipron Ebb	1000 mg	Filmdragerad tablett
Deferipron Evolan	500 mg	Filmdragerad tablett
Deferipron Evolan	1000 mg	Filmdragerad tablett
Defitelio	80 mg/ml	Koncentrat till infusionsvätska, lösning
Deflazacort XGX Pharma	6 mg	Tablett
Delipam	5 mg	Tablett
Delipam	10 mg	Tablett
Delipam	15 mg	Tablett
Delstrigo	100 mg/300 mg/245 mg	Filmdragerad tablett
Demoson	1 mg/g	Salva
Denbrayce	120 mg	Injektionsvätska, lösning
Dentan	0,2 %	Munsköljvätska
Dentan	0,05 %	Munsköljvätska
Dentan Mint	0,2 %	Munsköljvätska
Dentan Mint	0,05 %	Munsköljvätska
Depakine Retard	300 mg	Depottablett
Depakine Retard	500 mg	Depottablett
Depo-Medrol	40 mg/ml	Injektionsvätska, suspension
Depo-Medrol	40 mg/ml	Injektionsvätska, suspension, förfylld spruta
Depo-Medrol cum lidocain	40 mg/ml+10 mg/ml	Injektionsvätska, suspension
Depo-Provera	150 mg/ml	Injektionsvätska, suspension
Depo-Provera	150 mg/ml	Injektionsvätska, suspension, förfylld spruta
Derinik	0,7 mg	Tablett
Derinik	0,18 mg	Tablett
Derinik	0,35 mg	Tablett
Dermovat	0,05 %	Kräm
Dermovat	0,05 %	Salva
Dermovat	0,5 mg/ml	Kutan lösning
Descovy	200 mg/10 mg	Filmdragerad tablett
Descovy	200 mg/25 mg	Filmdragerad tablett
Descutan	4 %	Kutan lösning + medicinerad svamp
Descutan	4 %	Kutan svamp
Desentol		Oral lösning
Desferal	500 mg	Pulver till injektions-/infusionsvätska, lösning
Deslofox	2,5 mg	Munsönderfallande tablett
Deslofox	5 mg	Munsönderfallande tablett
Desloratadin ABECE	5 mg	Filmdragerad tablett
Desloratadin Apofri	5 mg	Filmdragerad tablett
Desloratadin Bijon	5 mg	Munsönderfallande tablett
Desloratadin Ebb	2,5 mg	Munsönderfallande tablett
Desloratadin Ebb	5 mg	Munsönderfallande tablett
Desloratadin NET	0,5 mg/ml	Oral lösning
Desloratadin Punkt	5 mg	Filmdragerad tablett
Desloratadin STADA	5 mg	Filmdragerad tablett
Desloratadin Viatris	5 mg	Filmdragerad tablett
Desloratadine Actavis	5 mg	Filmdragerad tablett
Desloratadine Glenmark	5 mg	Tablett
Desloratadine Sandoz	5 mg	Filmdragerad tablett
Desmopressin Farmacia	60 mikrogram	Resoriblett, sublingual
Desmopressin Farmacia	120 mikrogram	Resoriblett, sublingual
Desmopressin Farmacia	240 mikrogram	Resoriblett, sublingual
Desmopressin Ferring	0,1 mg	Tablett
Desmopressin Newbury	60 mikrogram	Resoriblett, sublingual
Desmopressin Newbury	120 mikrogram	Resoriblett, sublingual
Desmopressin Newbury	240 mikrogram	Resoriblett, sublingual
Desmopressin Orion	60 mikrogram	Resoriblett, sublingual
Desmopressin Orion	120 mikrogram	Resoriblett, sublingual
Desmopressin Orion	240 mikrogram	Resoriblett, sublingual
Desmopressin Sandoz	120 mikrogram	Resoriblett, sublingual
Desmopressin STADA	60 mikrogram	Resoriblett, sublingual
Desmopressin STADA	120 mikrogram	Resoriblett, sublingual
Desmopressin STADA	240 mikrogram	Resoriblett, sublingual
Desmopressin Teva B.V.	60 mikrogram	Resoriblett, sublingual
Desmopressin Teva B.V.	120 mikrogram	Resoriblett, sublingual
Desmopressin Teva B.V.	240 mikrogram	Resoriblett, sublingual
Desmopressin Zentiva	60 mikrogram	Resoriblett, sublingual
Desmopressin Zentiva	120 mikrogram	Resoriblett, sublingual
Desmopressin Zentiva	240 mikrogram	Resoriblett, sublingual
Desogestrel Sandoz	75 mikrogram	Filmdragerad tablett
Desolett		Tablett
Desolett 28		Tablett
Desonix	32 mikrogram/dos	Nässpray, suspension
Desonix	64 mikrogram/dos	Nässpray, suspension
Detremin	800 IE	Kapsel, mjuk
Detremin	800 IE/droppe	Orala droppar, lösning
Detremin	2000 IE	Kapsel, mjuk
Dexacur	4 mg/ml	Injektions-/infusionsvätska, lösning
Dexafree	1 mg/ml	Ögondroppar, lösning i endosbehållare
Dexalcex	4 mg/ml	Injektions-/infusionsvätska, lösning
Dexametason 2care4	4 mg	Tablett
Dexametason Abcur	1 mg	Tablett
Dexametason Abcur	4 mg	Tablett
Dexametason Ebb	4 mg	Tablett
Dexamethasone Abacus Medicine	4 mg	Tablett
Dexamethasone Krka	4 mg	Tablett
Dexamethasone Orifarm	4 mg	Tablett
Dexamethasone Zentiva	1 mg	Tablett
Dexamethasone Zentiva	4 mg	Tablett
Dexamfetamin Sea Pharma	5 mg	Tablett
Dexamfetamin Sea Pharma	10 mg	Tablett
Dexamfetamin Sea Pharma	20 mg	Tablett
Dexamfetamin Waymade	5 mg	Tablett
Dexatin	5 mg	Tablett
Dexatin	10 mg	Tablett
Dexatin	20 mg	Tablett
Dexavit	4 mg/ml	Injektions-/infusionsvätska, lösning
Dexdor	100 mikrogram/ml	Koncentrat till infusionsvätska, lösning
Dexfarm	5 mg	Tablett
Dexfarm	10 mg	Tablett
Dexfarm	20 mg	Tablett
Dexmedetomidine B. Braun	4 mikrogram/ml	Infusionsvätska, lösning
Dexmedetomidine B. Braun	8 mikrogram/ml	Infusionsvätska, lösning
Dexmedetomidine EVER Pharma	100 mikrogram/ml	Koncentrat till infusionsvätska, lösning
Dexmedetomidine Kalceks	100 mikrogram/ml	Koncentrat till infusionsvätska, lösning
Diabact UBT	50 mg	Tablett
Diacomit	250 mg	Kapsel, hård
Diacomit	250 mg	Pulver till oral suspension
Diacomit	500 mg	Kapsel, hård
Diacomit	500 mg	Pulver till oral suspension
Diafer	50 mg/ml	Injektionsvätska, lösning
Diamox	250 mg	Tablett
Diamox	500 mg	Pulver till injektionsvätska, lösning
Diane	2 mg/35 mikrogram	Dragerad tablett
Diavic	6 mg/ml	Injektionsvätska, lösning i förfylld injektionspenna
Diazepam Accord	5 mg	Tablett
Diazepam Desitin	5 mg	Rektallösning
Diazepam Desitin	10 mg	Rektallösning
Diazepam Orifarm	5 mg	Tablett
Diazepam Orifarm	10 mg	Tablett
Dicloabak	1 mg/ml	Ögondroppar, lösning
Diclofenac Bluefish	25 mg	Enterotablett
Diclofenac Bluefish	50 mg	Enterotablett
Diclofenac STADA	23,2 mg/g	Gel
Diclofenac T ratiopharm	50 mg	Filmdragerad tablett
Dicuno	50 mg	Filmdragerad tablett
Dienogest Besins	2 mg	Tablett
Dienorette	2 mg/0,03 mg	Filmdragerad tablett
Differin	1 mg/g	Kräm
DIFICLIR	40 mg/ml	Granulat till oral suspension
DIFICLIR	200 mg	Filmdragerad tablett
Diflucan	10 mg/ml	Pulver till oral suspension
Diflucan	40 mg/ml	Pulver till oral suspension
Digoxin Evolan	0,13 mg	Tablett
Digoxin Evolan	0,25 mg	Tablett
Digoxin Evolan	0,25 mg/ml	Injektionsvätska, lösning
Diklofenak ABECE	11,6 mg/g	Gel
Diklofenak Apofri	23,2 mg/g	Gel
Diklofenak NET	23,2 mg/g	Gel
Diklofenak Orifarm	25 mg	Enterotablett
Diklofenak Orifarm	50 mg	Enterotablett
Diklofenak Teva	11,6 mg/g	Gel
Diklofenak Teva	23,2 mg/g	Gel
Diklofenak Viatris	50 mg	Suppositorium
Diklofenak Viatris	100 mg	Suppositorium
Dimethyl fumarate 1A Farma	240 mg	Enterokapsel, hård
Dimethyl fumarate Accord	240 mg	Enterokapsel, hård
Dimethyl fumarate Glenmark	120 mg	Enterokapsel, hård
Dimethyl fumarate Glenmark	240 mg	Enterokapsel, hård
Dimethyl fumarate Medical Valley	240 mg	Enterokapsel, hård
Dimethyl fumarate Mylan	240 mg	Enterokapsel, hård
Dimethyl fumarate Newbury	240 mg	Enterokapsel, hård
Dimethyl fumarate Orion	240 mg	Enterokapsel, hård
Dimethyl fumarate STADA	120 mg	Enterokapsel, hård
Dimethyl fumarate STADA	240 mg	Enterokapsel, hård
Dimethyl fumarate Teva GmbH	240 mg	Enterokapsel, hård
Dimethyl fumarate Zentiva	120 mg	Enterokapsel, hård
Dimethyl fumarate Zentiva	240 mg	Enterokapsel, hård
Dimetikon Cooper	100 mg	Kapsel, mjuk
Dimetikon Cooper	200 mg	Kapsel, mjuk
Dimetylfumarat Avansor	240 mg	Enterokapsel, hård
Dimor	2 mg	Filmdragerad tablett
Dinetrel	100 mg	Kapsel, hård
Diovan	3 mg/ml	Oral lösning
Diovan	40 mg	Filmdragerad tablett
Diovan	160 mg	Filmdragerad tablett
Diovan Comp	160 mg/12,5 mg	Filmdragerad tablett
Diovan Comp	320 mg/12,5 mg	Filmdragerad tablett
Diovan Comp	320 mg/25 mg	Filmdragerad tablett
Dipentum	250 mg	Kapsel, hård
Dipentum	500 mg	Tablett
Dipeptiven	200 mg/ml	Koncentrat till infusionsvätska, lösning
Diprivan	20 mg/ml	Injektionsvätska/infusionsvätska, emulsion
Diprosalic	0,5 mg/g+20 mg/g	Kutan lösning
Diprosalic	0,5 mg/g+30 mg/g	Salva
Diprotit	0,05 %	Örondroppar, lösning
Dipyridamol Alternova	200 mg	Depotkapsel, hård
diTeBooster		Injektionsvätska, suspension, förfylld spruta
Ditropan	5 mg	Tablett
Divifarm	800 IE	Filmdragerad tablett
Divifarm	2000 IE	Filmdragerad tablett
Divigel	0,5 mg	Gel
Divigel	1 mg	Gel
Divisun	800 IE	Tablett
Divisun	2000 IE	Tablett
Diza	0,02 mg/3 mg	Filmdragerad tablett
Dizmine 28	0,03 mg/3 mg	Filmdragerad tablett
Dizminelle	0,02 mg/3 mg	Filmdragerad tablett
Dobutamin Hameln	12,5 mg/ml	Koncentrat till infusionsvätska, lösning
Docetaxel Accord	80 mg/4 ml	Koncentrat till infusionsvätska, lösning
Docetaxel Accord	160 mg/8 ml	Koncentrat till infusionsvätska, lösning
DOCETAXEL KABI	160 mg/8 ml	Koncentrat till infusionsvätska, lösning
Doktacillin		Pulver till injektions-/infusionsvätska, lösning
Dokusatnatrium/Sorbitol Evolan	1 mg/ml + 250 mg/ml	Rektallösning
Dolatramyl	100 mg	Depottablett
Dolatramyl	150 mg	Depottablett
Dolatramyl	200 mg	Depottablett
Dolcontin	5 mg	Depottablett
Dolcontin	10 mg	Depottablett
Dolcontin	30 mg	Depottablett
Dolcontin	60 mg	Depottablett
Doloproct	1 mg/40 mg	Suppositorium
Doloproct	1 mg/g + 20 mg/g	Rektalkräm
Donaxyl	10 mg	Vaginaltablett
Donepezil Accord	5 mg	Filmdragerad tablett
Donepezil Accord	10 mg	Filmdragerad tablett
Donepezil Actavis	5 mg	Filmdragerad tablett
Donepezil Actavis	10 mg	Filmdragerad tablett
Donepezil Ebb	10 mg	Munsönderfallande tablett
Donepezil Jubilant	5 mg	Filmdragerad tablett
Donepezil Jubilant	10 mg	Filmdragerad tablett
Donepezil Krka	5 mg	Filmdragerad tablett
Donepezil Krka	5 mg	Munsönderfallande tablett
Donepezil Krka	10 mg	Filmdragerad tablett
Donepezil Krka	10 mg	Munsönderfallande tablett
Donepezil Orion	5 mg	Filmdragerad tablett
Donepezil Orion	10 mg	Filmdragerad tablett
Donepezil Sandoz	5 mg	Filmdragerad tablett
Donepezil Sandoz	10 mg	Filmdragerad tablett
Donepezil STADA	5 mg	Filmdragerad tablett
Donepezil STADA	10 mg	Filmdragerad tablett
Donepezil Viatris	5 mg	Filmdragerad tablett
Donepezil Viatris	10 mg	Filmdragerad tablett
Dopital	50 mg	Kapsel, hård
Dopital	100 mg	Kapsel, hård
Dopital	200 mg	Kapsel, hård
Doptelet	20 mg	Filmdragerad tablett
Dorlatim	20 mg/ml + 5 mg/ml	Ögondroppar, lösning
Dormeasan		Orala droppar, lösning
Dorzolamid/Timolol Abacus Medicine	20 mg/ml + 5 mg/ml	Ögondroppar, lösning
Dorzolamid/Timolol Actavis	20 mg/ml + 5 mg/ml	Ögondroppar, lösning
Dorzolamid/Timolol Medical Valley	20 mg/ml +5 mg/ml	Ögondroppar, lösning
Dorzolamide/Timolol STADA	20 mg/ml + 5 mg/ml	Ögondroppar, lösning i endosbehållare
Dostinex	0,5 mg	Tablett
Dotarem	279,3 mg/ml	Injektionsvätska, lösning
Dotarem	279,3 mg/ml	Injektionsvätska, lösning i förfylld spruta
DOVATO	50 mg/300 mg	Filmdragerad tablett
Doxazosin Actavis	4 mg	Depottablett
Doxazosin Ebb	4 mg	Depottablett
Doxazosin Sandoz	4 mg	Depottablett
Doxazosin STADA	4 mg	Depottablett
Doxorubicin Accord	2 mg/ml	Koncentrat till infusionsvätska, lösning
Doxorubicin Teva	2 mg/ml	Injektionsvätska, lösning
Doxycycline Macure	20 mg/ml	Injektionsvätska, lösning
Doxycyklin Abacus Medicine	100 mg	Tablett
Doxycyklin Bijon	100 mg	Tablett
Doxycyklin Ebb	100 mg	Tablett
Doxycyklin EQL Pharma	100 mg	Tablett
Doxyferm	20 mg/ml	Koncentrat till infusionsvätska, lösning
Doxyferm	100 mg	Tablett
Dridol	2,5 mg/ml	Injektionsvätska, lösning
Dronedaron Aristo	400 mg	Filmdragerad tablett
Dronedarone STADA	400 mg	Filmdragerad tablett
Dronedarone Teva	400 mg	Filmdragerad tablett
Droperidol Carinopharm	2,5 mg/ml	Injektionsvätska, lösning
Droperidol Sintetica	0,5 mg/ml	Injektionsvätska, lösning
Dropizol	10 mg/ml	Orala droppar, lösning
Drovelis	3 mg/14,2 mg	Filmdragerad tablett
Duac	50 mg/g + 10 mg/g	Gel
Duaklir Genuair	340 mikrogram/12 mikrogram	Inhalationspulver
Ducressa	1 mg/ml + 5 mg/ml	Ögondroppar, lösning
Dukoral		Bruspulver och suspension till oral suspension
Dulcolax	5 mg	Enterotablett
Dulcolax	10 mg	Suppositorium
Duloxetin Actavis	20 mg	Enterokapsel, hård
Duloxetin Actavis	40 mg	Enterokapsel, hård
Duloxetin Amarox	30 mg	Enterokapsel, hård
Duloxetin Amarox	60 mg	Enterokapsel, hård
Duloxetin STADA	20 mg	Enterokapsel, hård
Duloxetin STADA	30 mg	Enterokapsel, hård
Duloxetin STADA	40 mg	Enterokapsel, hård
Duloxetin STADA	60 mg	Enterokapsel, hård
Duloxetine Accord	30 mg	Enterokapsel, hård
Duloxetine Accord	60 mg	Enterokapsel, hård
Duloxetine Accordpharma	20 mg	Enterokapsel, hård
Duloxetine Accordpharma	40 mg	Enterokapsel, hård
Duloxetine Krka	30 mg	Enterokapsel, hård
Duloxetine Krka	60 mg	Enterokapsel, hård
Duloxetine Medical Valley	30 mg	Enterokapsel, hård
Duloxetine Medical Valley	60 mg	Enterokapsel, hård
Duloxetine Sandoz	30 mg	Enterokapsel, hård
Duloxetine Sandoz	60 mg	Enterokapsel, hård
Duloxetine Viatris	30 mg	Enterokapsel, hård
Duloxetine Viatris	60 mg	Enterokapsel, hård
Duloxetine Zentiva	30 mg	Enterokapsel, hård
Duloxetine Zentiva	60 mg	Enterokapsel, hård
Duodopa	20 mg/ml + 5 mg/ml	Intestinal gel
DuoResp Spiromax	160 mikrogram/4,5 mikrogram	Inhalationspulver
DuoResp Spiromax	320 mikrogram/9 mikrogram	Inhalationspulver
DuoTrav	40 mikrogram/ml + 5 mg/ml	Ögondroppar, lösning
Duoxona	5 mg/2,5 mg	Depottablett
Duoxona	10 mg/5 mg	Depottablett
Duphalac	670 mg/ml	Oral lösning
Dupixent	200 mg	Injektionsvätska, lösning i förfylld injektionspenna
Dupixent	200 mg	Injektionsvätska, lösning i förfylld spruta
Dupixent	300 mg	Injektionsvätska, lösning i förfylld injektionspenna
Dupixent	300 mg	Injektionsvätska, lösning i förfylld spruta
Duraphat	5 mg/g	Tandkräm
Duraphat	22,6 mg/ml	Dentalsuspension
Duroferon	100 mg Fe2+	Depottablett
Dutasteride Medical Valley	0,5 mg	Kapsel, mjuk
Duvyzat	8,86 mg/ml	Oral suspension
Dymista	125 mikrogram + 50 mikrogram/sprayning	Nässpray, suspension
Dynastat	40 mg	Pulver till injektionsvätska, lösning
Dysport	300 enheter	Pulver till injektionsvätska, lösning
Dysport	500 enheter	Pulver till injektionsvätska, lösning
Dzuveo	30 mikrogram	Resoriblett, sublingual
E-vimin	100 mg	Kapsel, mjuk
Ebastin ABECE	10 mg	Munsönderfallande tablett
Ebastin Apofri	10 mg	Munsönderfallande tablett
Ebastin Brown	10 mg	Filmdragerad tablett
Ebastin Brown	20 mg	Filmdragerad tablett
Ebastin Ebb	10 mg	Filmdragerad tablett
Ebastin Ebb	20 mg	Filmdragerad tablett
Ebastin Orifarm	10 mg	Filmdragerad tablett
Ebastin Orifarm	20 mg	Filmdragerad tablett
Ebetrex	2,5 mg	Tablett
Ebglyss	250 mg	Injektionsvätska, lösning i förfylld injektionspenna
Ebglyss	250 mg	Injektionsvätska, lösning i förfylld spruta
Ebilfumin	75 mg	Kapsel, hård
Ebixa	5 mg + 10 mg + 15 mg + 20 mg	Filmdragerad tablett
Ebixa	5 mg/pumpning	Oral lösning
Ebixa	10 mg	Filmdragerad tablett
Ebixa	20 mg	Filmdragerad tablett
Ebvallo	28 - 70 miljoner celler/ml	Injektionsvätska, dispersion
ECALTA	100 mg	Pulver till koncentrat till infusionsvätska, lösning
Ecansya	150 mg	Filmdragerad tablett
Ecansya	500 mg	Filmdragerad tablett
Echinaforce		Orala droppar, lösning
Echinaforce		Tablett
Echinaforce comp		Munhålespray, lösning
Echinaforce Forte		Tablett
Echinagard		Orala droppar, lösning
Ecovag		Vaginalkapsel, hård
Edronax	4 mg	Tablett
EDURANT	25 mg	Filmdragerad tablett
Efastad	75 mg	Depotkapsel, hård
Efastad	150 mg	Depotkapsel, hård
Efavirenz Aurobindo	600 mg	Filmdragerad tablett
Efavirenz Medical Valley	600 mg	Filmdragerad tablett
Efavirenz Sandoz	600 mg	Filmdragerad tablett
Efavirenz Teva	600 mg	Filmdragerad tablett
Efavirenz/Emtricitabine/Tenofovir disoproxil Glenmark	600 mg/200 mg/245 mg	Filmdragerad tablett
Efavirenz/Emtricitabine/Tenofovir disoproxil Krka	600 mg/200 mg/245 mg	Filmdragerad tablett
Efavirenz/Emtricitabine/Tenofovir disoproxil Teva	600 mg/200 mg/245 mg	Filmdragerad tablett
Efavirenz/Emtricitabine/Tenofovir disoproxil Zentiva k.s.	600 mg/200 mg/245 mg	Filmdragerad tablett
Efedrin Abboxia	5 mg/ml	Injektionsvätska, lösning
Efedrin Abboxia	50 mg/ml	Injektionsvätska, lösning
Efedrin Aguettant	3 mg/ml	Injektionsvätska, lösning i förfylld spruta
Efedrin Unimedic	5 mg/ml	Injektionsvätska, lösning
Efedrin Viatris	50 mg/ml	Injektionsvätska, lösning
Effortil	5 mg	Tablett
Efient	5 mg	Filmdragerad tablett
Efient	10 mg	Filmdragerad tablett
Efmody	5 mg	Kapsel med modifierad frisättning, hård
Efmody	10 mg	Kapsel med modifierad frisättning, hård
Ejulir	6 mg/ml	Injektionsvätska, lösning i förfylld injektionspenna
Eklira Genuair	322 mikrogram	Inhalationspulver
ELAHERE	5 mg/ml	Koncentrat till infusionsvätska, lösning
Elaprase	2 mg/ml	Koncentrat till infusionsvätska, lösning
Eldepryl	5 mg	Tablett
Eldepryl	10 mg	Tablett
Eletriptan Orion	40 mg	Filmdragerad tablett
Elfabrio	2 mg/ml	Koncentrat till infusionsvätska, lösning
Elidel	10 mg/g	Kräm
Eligard	22,5 mg	Pulver och vätska till injektionsvätska, lösning
Eligard	45 mg	Pulver och vätska till injektionsvätska, lösning
Eliquis	2,5 mg	Filmdragerad tablett
Eliquis	5 mg	Filmdragerad tablett
ellaOne	30 mg	Filmdragerad tablett
elmiron	100 mg	Kapsel, hård
Elocon	0,1 %	Kräm
Elocon	0,1 %	Kutan lösning
Elocon	0,1 %	Salva
ELOCTA	250 IE	Pulver och vätska till injektionsvätska, lösning
ELOCTA	500 IE	Pulver och vätska till injektionsvätska, lösning
ELOCTA	750 IE	Pulver och vätska till injektionsvätska, lösning
ELOCTA	1000 IE	Pulver och vätska till injektionsvätska, lösning
ELOCTA	1500 IE	Pulver och vätska till injektionsvätska, lösning
ELOCTA	2000 IE	Pulver och vätska till injektionsvätska, lösning
ELOCTA	3000 IE	Pulver och vätska till injektionsvätska, lösning
ELOCTA	4000 IE	Pulver och vätska till injektionsvätska, lösning
ELREXFIO	40 mg/ml	Injektionsvätska, lösning
Eltrombopag Accord	25 mg	Filmdragerad tablett
Eltrombopag Accord	50 mg	Filmdragerad tablett
Eltrombopag Accord	75 mg	Filmdragerad tablett
Eltrombopag Avansor	25 mg	Filmdragerad tablett
Eltrombopag Avansor	50 mg	Filmdragerad tablett
Eltrombopag Avansor	75 mg	Filmdragerad tablett
Eltrombopag Bioglan	25 mg	Filmdragerad tablett
Eltrombopag Bioglan	50 mg	Filmdragerad tablett
Eltrombopag Glenmark	25 mg	Filmdragerad tablett
Eltrombopag Glenmark	50 mg	Filmdragerad tablett
Eltrombopag Glenmark	75 mg	Filmdragerad tablett
Eltrombopag Krka	25 mg	Filmdragerad tablett
Eltrombopag Krka	50 mg	Filmdragerad tablett
Eltrombopag Krka	75 mg	Filmdragerad tablett
Eltrombopag STADA	25 mg	Filmdragerad tablett
Eltrombopag STADA	50 mg	Filmdragerad tablett
Eltrombopag STADA	75 mg	Filmdragerad tablett
Eltrombopag Teva	25 mg	Filmdragerad tablett
Eltrombopag Teva	50 mg	Filmdragerad tablett
Eltrombopag Viatris	25 mg	Filmdragerad tablett
Eltrombopag Viatris	50 mg	Filmdragerad tablett
Eltrombopag Viatris	75 mg	Filmdragerad tablett
Eltrombopag Zentiva	25 mg	Filmdragerad tablett
Eltrombopag Zentiva	50 mg	Filmdragerad tablett
Eltrombopag Zentiva	75 mg	Filmdragerad tablett
Elucirem	0,5 mmol/ml	Injektionsvätska, lösning
Elvanse	20 mg	Kapsel, hård
Elvanse	30 mg	Kapsel, hård
Elvanse	40 mg	Kapsel, hård
Elvanse	50 mg	Kapsel, hård
Elvanse	60 mg	Kapsel, hård
Elvanse	70 mg	Kapsel, hård
Emadine	0,5 mg/ml	Ögondroppar, lösning
Emadine	0,5 mg/ml	Ögondroppar, lösning i endosbehållare
Embesin	40 IE/2 ml	Koncentrat till infusionsvätska, lösning
Emblaveo	1,5 g/0,5 g	Pulver till koncentrat till infusionsvätska, lösning
Emcitate	350 mikrogram	Dispergerbar tablett
Emconcor	5 mg	Filmdragerad tablett
Emconcor CHF	1,25 mg	Filmdragerad tablett
Emconcor CHF	2,5 mg	Filmdragerad tablett
Emconcor CHF	5 mg	Filmdragerad tablett
EMEND	80 mg	Kapsel, hård
EMEND	125 mg	Kapsel, hård
EMEND	125 mg + 80 mg	Kapsel, hård
Emgality	120 mg	Injektionsvätska, lösning i förfylld injektionspenna
EMLA	25 mg/25 mg	Medicinskt plåster
EMLA	25 mg/g + 25 mg/g	Kräm
Emovat	0,05 %	Kräm
Emovat	0,05 %	Salva
Empressin	40 IE/2 ml	Koncentrat till infusionsvätska, lösning
Emselex	7,5 mg	Depottablett
Emselex	15 mg	Depottablett
Emtricitabin/Tenofovirdisoproxil 2care4	200 mg/245 mg	Filmdragerad tablett
Emtricitabin/Tenofovirdisoproxil Orifarm	200 mg/245 mg	Filmdragerad tablett
Emtricitabine/Tenofovir disoproxil Abacus Medicine	200 mg/245 mg	Filmdragerad tablett
Emtricitabine/Tenofovir disoproxil Accordpharma	200 mg/245 mg	Filmdragerad tablett
Emtricitabine/Tenofovir disoproxil Bijon	200mg/245mg	Filmdragerad tablett
Emtricitabine/Tenofovir disoproxil Glenmark	200 mg/245 mg	Filmdragerad tablett
Emtricitabine/tenofovir disoproxil Krka	200 mg/245 mg	Filmdragerad tablett
Emtricitabine/Tenofovir disoproxil Mylan	200 mg/245 mg	Filmdragerad tablett
Emtricitabine/Tenofovir disoproxil Sandoz	200 mg/245 mg	Filmdragerad tablett
Emtricitabine/Tenofovir disoproxil STADA	200 mg/245 mg	Filmdragerad tablett
Emtricitabine/Tenofovir disoproxil Teva	200 mg/245 mg	Filmdragerad tablett
Emtricitabine/Tenofovir disoproxil Tillomed	200 mg/245 mg	Filmdragerad tablett
Emtricitabine/Tenofovir disoproxil Zentiva	200 mg/245 mg	Filmdragerad tablett
Emtriva	200 mg	Kapsel, hård
Enalapril Accord	2,5 mg	Tablett
Enalapril Accord	5 mg	Tablett
Enalapril Accord	10 mg	Tablett
Enalapril Accord	20 mg	Tablett
Enalapril comp ratiopharm	20 mg/12,5 mg	Tablett
Enalapril Comp STADA	20 mg/6 mg	Tablett
Enalapril Comp STADA	20 mg/12,5 mg	Tablett
Enalapril Krka	2,5 mg	Tablett
Enalapril Krka	5 mg	Tablett
Enalapril Krka	10 mg	Tablett
Enalapril Krka	20 mg	Tablett
Enalapril Orion	5 mg	Tablett
Enalapril Orion	10 mg	Tablett
Enalapril Sandoz	2,5 mg	Tablett
Enalapril Sandoz	5 mg	Tablett
Enalapril Sandoz	10 mg	Tablett
Enalapril Sandoz	20 mg	Tablett
Enalapril STADA	5 mg	Tablett
Enalapril STADA	10 mg	Tablett
Enalapril STADA	20 mg	Tablett
Enalapril Teva	2,5 mg	Tablett
Enalapril Teva	5 mg	Tablett
Enalapril Teva	10 mg	Tablett
Enalapril Teva	20 mg	Tablett
Enalapril Vitabalans	5 mg	Tablett
Enalapril Vitabalans	10 mg	Tablett
Enalapril Vitabalans	20 mg	Tablett
Enalapril/Hydrochlorothiazide Medical Valley	20 mg/12,5 mg	Tablett
Enalapril/Hydrochlorothiazide Orion	20 mg/12,5 mg	Tablett
Enalapril/Hydrochlorothiazide Viatris	20 mg/12,5 mg	Tablett
Enanton Depot Dual	3,75 mg	Pulver och vätska till injektionsvätska, suspension i förfylld spruta
Enanton Depot Dual	11,25 mg	Pulver och vätska till injektionsvätska, suspension i förfylld spruta
Enanton Depot Dual	30 mg	Pulver och vätska till injektionsvätska, suspension i förfylld spruta
Enbrel	10 mg	Pulver och vätska till injektionsvätska, lösning
Enbrel	25 mg	Injektionsvätska, lösning i förfylld spruta
Enbrel	25 mg	Pulver och vätska till injektionsvätska, lösning
Enbrel	50 mg	Injektionsvätska, lösning i förfylld injektionspenna
Enbrel	50 mg	Injektionsvätska, lösning i förfylld spruta
Encepur		Injektionsvätska, suspension
Encepur Barn		Injektionsvätska, suspension
Endovelle	2 mg	Tablett
Enerzair Breezhaler	114 mikrogram/46 mikrogram/136 mikrogram	Inhalationspulver, hård kapsel
Engerix-B	10 mikrogram/0,5 ml	Injektionsvätska, suspension, förfylld spruta
Engerix-B	20 mikrogram/1 ml	Injektionsvätska, suspension, förfylld spruta
Enhertu	100 mg	Pulver till koncentrat till infusionsvätska, lösning
Enjaymo	50 mg/ml	Infusionsvätska, lösning
Enoxaparin Becat	2 000 IE (20 mg)/0,2 ml	Injektionsvätska, lösning i förfylld spruta
Enoxaparin Becat	4 000 IE (40 mg)/0,4 ml	Injektionsvätska, lösning i förfylld spruta
Enoxaparin Becat	6 000 IE (60 mg)/0,6 ml	Injektionsvätska, lösning i förfylld spruta
Enoxaparin Becat	8 000 IE (80 mg)/0,8 ml	Injektionsvätska, lösning i förfylld spruta
Enoxaparin Becat	10 000 IE (100 mg)/1 ml	Injektionsvätska, lösning i förfylld spruta
Enoxaparin Ledraxen	2 000 IE (20 mg)/0,2 ml	Injektionsvätska, lösning i förfylld spruta
Enoxaparin Ledraxen	4 000 IE (40 mg)/0,4 ml	Injektionsvätska, lösning i förfylld spruta
Enoxaparin Ledraxen	6 000 IE (60 mg)/0,6 ml	Injektionsvätska, lösning i förfylld spruta
Enoxaparin Ledraxen	8 000 IE (80 mg)/0,8 ml	Injektionsvätska, lösning i förfylld spruta
Enoxaparin Ledraxen	10 000 IE (100 mg)/1 ml	Injektionsvätska, lösning i förfylld spruta
Enrylaze	10 mg/0,5 ml	Injektions-/infusionsvätska, lösning
Enspryng	120 mg	Injektionsvätska, lösning i förfylld spruta
Enstilar	50 mikrogram/g + 0,5 mg/g	Kutant skum
Entacapone Orion	200 mg	Filmdragerad tablett
Entacapone Teva	200 mg	Filmdragerad tablett
Entacapone Viatris	200 mg	Filmdragerad tablett
Entecavir Accord	0,5 mg	Filmdragerad tablett
Entecavir Accord	1 mg	Filmdragerad tablett
Entecavir Amarox	0,5 mg	Filmdragerad tablett
Entecavir Amarox	1 mg	Filmdragerad tablett
Entecavir Medical Valley	0,5 mg	Filmdragerad tablett
Entecavir Sandoz	0,5 mg	Filmdragerad tablett
Entecavir Sandoz	1 mg	Filmdragerad tablett
Entecavir STADA	0,5 mg	Filmdragerad tablett
Entecavir STADA	1 mg	Filmdragerad tablett
Entecavir Viatris	0,5 mg	Filmdragerad tablett
Entekavir Ebb	0,5 mg	Filmdragerad tablett
Entocort	2 mg	Tablett och vätska till rektal suspension
Entocort	3 mg	Depotkapsel, hård
Entresto	6 mg/6 mg	Granulat i kapsel avsedd att öppnas
Entresto	15 mg/16 mg	Granulat i kapsel avsedd att öppnas
Entresto	24 mg/26 mg	Filmdragerad tablett
Entresto	49 mg/51 mg	Filmdragerad tablett
Entresto	97 mg/103 mg	Filmdragerad tablett
Entyvio	108 mg	Injektionsvätska, lösning i förfylld injektionspenna
Entyvio	300 mg	Pulver till koncentrat till infusionsvätska, lösning
Envarsus	0,75 mg	Depottablett
Envarsus	1 mg	Depottablett
Envarsus	4 mg	Depottablett
Enwylma	120 mg	Injektionsvätska, lösning
Epanutin	100 mg	Kapsel, hård
Epclusa	150 mg/37,5 mg	Dragerat granulat i dospåse
Epclusa	200 mg/50 mg	Dragerat granulat i dospåse
Epclusa	200 mg/50 mg	Filmdragerad tablett
Epclusa	400 mg/100 mg	Filmdragerad tablett
Ephedrine Sintetica	50 mg/ml	Injektionsvätska, lösning
Epiduo	0,1 %/2,5 %	Gel
Epiduo	0,3 %/2,5 %	Gel
Epidyolex	100 mg/ml	Oral lösning
EpiPen	300 mikrogram	Injektionsvätska, lösning i förfylld injektionspenna
EpiPen jr	150 mikrogram	Injektionsvätska, lösning i förfylld injektionspenna
Epirubicin Accord	2 mg/ml	Injektions-/infusionsvätska, lösning
Epirubicin Teva	2 mg/ml	Injektions-/infusionsvätska, lösning
Epivir	10 mg/ml	Oral lösning
Epivir	150 mg	Filmdragerad tablett
Epivir	300 mg	Filmdragerad tablett
Eplerenon Accord	25 mg	Filmdragerad tablett
Eplerenon Accord	50 mg	Filmdragerad tablett
Eplerenon Bluefish	25 mg	Filmdragerad tablett
Eplerenon Bluefish	50 mg	Filmdragerad tablett
Eplerenon Krka	25 mg	Filmdragerad tablett
Eplerenon Krka	50 mg	Filmdragerad tablett
Eplerenon Medical Valley	25 mg	Filmdragerad tablett
Eplerenon Medical Valley	50 mg	Filmdragerad tablett
Eplerenon STADA	25 mg	Filmdragerad tablett
Eplerenon STADA	50 mg	Filmdragerad tablett
Eplerenone Sandoz	25 mg	Filmdragerad tablett
Eplerenone Sandoz	50 mg	Filmdragerad tablett
Eplerenone Teva	25 mg	Filmdragerad tablett
Eplerenone Teva	50 mg	Filmdragerad tablett
Eporatio	10 000 IE/1 ml	Injektionsvätska, lösning i förfylld spruta
Eporatio	20 000 IE/1 ml	Injektionsvätska, lösning i förfylld spruta
Eporatio	30 000 IE/1 ml	Injektionsvätska, lösning i förfylld spruta
Eporatio	1000 IE/0,5 ml	Injektionsvätska, lösning i förfylld spruta
Eporatio	2000 IE/0,5 ml	Injektionsvätska, lösning i förfylld spruta
Eporatio	3000 IE/0,5 ml	Injektionsvätska, lösning i förfylld spruta
Eporatio	4000 IE/0,5 ml	Injektionsvätska, lösning i förfylld spruta
Eporatio	5000 IE/0,5 ml	Injektionsvätska, lösning i förfylld spruta
Eposin	20 mg/ml	Koncentrat till infusionsvätska, lösning
Eptifibatide Accord	0,75 mg/ml	Infusionsvätska, lösning
Eptifibatide Accord	2 mg/ml	Injektionsvätska, lösning
Epysqli	300 mg	Koncentrat till infusionsvätska, lösning
Equasym Depot	10 mg	Kapsel med modifierad frisättning, hård
Equasym Depot	20 mg	Kapsel med modifierad frisättning, hård
Equasym Depot	30 mg	Kapsel med modifierad frisättning, hård
Equasym Depot	40 mg	Kapsel med modifierad frisättning, hård
Erbitux	5 mg/ml	Infusionsvätska, lösning
Erelzi	50 mg	Injektionsvätska, lösning i förfylld injektionspenna
Erelzi	50 mg	Injektionsvätska, lösning i förfylld spruta
Ergenyl	400 mg	Pulver och vätska till injektions-/infusionsvätska, lösning
Ergenyl Retard	100 mg	Depotgranulat i dospåse
Ergenyl Retard	250 mg	Depotgranulat i dospåse
Ergenyl Retard	300 mg	Depottablett
Ergenyl Retard	500 mg	Depotgranulat i dospåse
Ergenyl Retard	500 mg	Depottablett
Eribulin Advanz Pharma	0,44 mg/ml	Injektionsvätska, lösning
Eribulin Baxter	0,44 mg/ml	Injektionsvätska, lösning
Eribulin EVER Pharma	0,44 mg/ml	Injektionsvätska, lösning
Eribulin Glenmark	0,44 mg/ml	Injektionsvätska, lösning
Eribulin STADA	0,44 mg/ml	Injektionsvätska, lösning
Eribulin Zentiva	0,44 mg/ml	Injektionsvätska, lösning
Erivedge	150 mg	Kapsel, hård
Erleada	60 mg	Filmdragerad tablett
Erleada	240 mg	Filmdragerad tablett
Erlotinib Krka	150 mg	Filmdragerad tablett
Erlotinib STADA	25 mg	Filmdragerad tablett
Erlotinib STADA	100 mg	Filmdragerad tablett
Erlotinib STADA	150 mg	Filmdragerad tablett
Ertapenem Fresenius Kabi	1 g	Pulver till koncentrat till infusionsvätska, lösning
Ertapenem Qilu	1 g	Pulver till koncentrat till infusionsvätska, lösning
Ertapenem SUN	1 g	Pulver till koncentrat till infusionsvätska, lösning
Erwinase	10000 E	Pulver till injektions-/infusionsvätska, lösning
Ery-Max	100 mg/ml	Granulat till oral suspension
Ery-Max	200 mg	Granulat till oral suspension i dospåse
Erythromycin Panpharma	1 g	Pulver till infusionsvätska, lösning
Esberitox		Tablett
Esberitox forte		Tablett
Escitalopram Abacus Medicine	10 mg	Filmdragerad tablett
Escitalopram Accord	5 mg	Filmdragerad tablett
Escitalopram Accord	10 mg	Filmdragerad tablett
Escitalopram Accord	20 mg	Filmdragerad tablett
Escitalopram Actavis	10 mg	Filmdragerad tablett
Escitalopram Bluefish	5 mg	Filmdragerad tablett
Escitalopram Bluefish	10 mg	Filmdragerad tablett
Escitalopram Bluefish	15 mg	Filmdragerad tablett
Escitalopram Glenmark	5 mg	Filmdragerad tablett
Escitalopram Glenmark	10 mg	Filmdragerad tablett
Escitalopram Glenmark	15 mg	Filmdragerad tablett
Escitalopram Grindeks	5 mg	Filmdragerad tablett
Escitalopram Grindeks	10 mg	Filmdragerad tablett
Escitalopram Grindeks	20 mg	Filmdragerad tablett
Escitalopram Krka	5 mg	Filmdragerad tablett
Escitalopram Krka	10 mg	Filmdragerad tablett
Escitalopram Krka	15 mg	Filmdragerad tablett
Escitalopram Krka	20 mg	Filmdragerad tablett
Escitalopram Lundbeck	5 mg	Filmdragerad tablett
Escitalopram Lundbeck	10 mg	Filmdragerad tablett
Escitalopram Lundbeck	20 mg	Filmdragerad tablett
Escitalopram Sandoz	5 mg	Filmdragerad tablett
Escitalopram Sandoz	10 mg	Filmdragerad tablett
Escitalopram Sandoz	20 mg	Filmdragerad tablett
Escitalopram STADA	5 mg	Filmdragerad tablett
Escitalopram STADA	10 mg	Filmdragerad tablett
Escitalopram STADA	15 mg	Filmdragerad tablett
Escitalopram STADA	20 mg	Filmdragerad tablett
Escitalopram SUN	10 mg	Filmdragerad tablett
Escitalopram SUN	20 mg	Filmdragerad tablett
Escitalopram Teva	5 mg	Filmdragerad tablett
Escitalopram Teva	10 mg	Filmdragerad tablett
Escitalopram Teva	15 mg	Filmdragerad tablett
Escitalopram Teva	20 mg	Filmdragerad tablett
Escitalopram Viatris	5 mg	Filmdragerad tablett
Escitalopram Viatris	10 mg	Filmdragerad tablett
Escitalopram Viatris	20 mg	Filmdragerad tablett
Esidrex	25 mg	Tablett
Esketamine Kalceks	5 mg/ml	Injektions-/infusionsvätska, lösning
Esketamine Kalceks	25 mg/ml	Injektions-/infusionsvätska, lösning
Esketamine Orifarm	5 mg/ml	Injektions-/infusionsvätska, lösning
Esketamine Orifarm	25 mg/ml	Injektions-/infusionsvätska, lösning
Esomeprazol Abacus Medicine	20 mg	Enterokapsel, hård
Esomeprazol Actavis	20 mg	Enterotablett
Esomeprazol Actavis	40 mg	Enterotablett
Esomeprazol Hexal	20 mg	Enterotablett
Esomeprazol Hexal	40 mg	Enterotablett
Esomeprazol Jubilant	20 mg	Enterotablett
Esomeprazol Jubilant	40 mg	Enterotablett
Esomeprazol Krka	20 mg	Enterokapsel, hård
Esomeprazol Krka	40 mg	Enterokapsel, hård
Esomeprazol NET	20 mg	Enterokapsel, hård
Esomeprazol Oresund Pharma	40 mg	Pulver till injektions-/infusionsvätska, lösning
Esomeprazol STADA	40 mg	Enterokapsel, hård
Esomeprazol Stada	40 mg	Pulver till injektions-/infusionsvätska, lösning
Esomeprazol SUN	20 mg	Enterokapsel, hård
Esomeprazol SUN	40 mg	Pulver till injektions-/infusionsvätska, lösning
Esomeprazol SUN Pharma	40 mg	Pulver till injektions-/infusionsvätska, lösning
Esomeprazol Viatris	20 mg	Enterokapsel, hård
Esomeprazol Viatris	40 mg	Enterokapsel, hård
Esomeprazole Orifarm	10 mg	Granulat till oral enterosuspension i dospåse
Esperoct	1000 IE	Pulver och vätska till injektionsvätska, lösning
Esperoct	2000 IE	Pulver och vätska till injektionsvätska, lösning
Esperoct	3000 IE	Pulver och vätska till injektionsvätska, lösning
Esperoct	4000 IE	Pulver och vätska till injektionsvätska, lösning
Espranor	2 mg	Frystorkad tablett
Espranor	8 mg	Frystorkad tablett
Estalis	50 mikrogram/250 mikrogram/24 timmar	Depotplåster
Estivan	10 mg	Filmdragerad tablett
Estivan	20 mg	Filmdragerad tablett
Estradot	25 mikrogram/24 timmar	Depotplåster
Estradot	37,5 mikrogram/24 timmar	Depotplåster
Estradot	50 mikrogram/24 timmar	Depotplåster
Estradot	75 mikrogram/24 timmar	Depotplåster
Estradot	100 mikrogram/24 timmar	Depotplåster
Estrelen	0,02 mg/3 mg	Filmdragerad tablett
Estrogel	0,75 mg/dos	Transdermal gel
Estrokad	0,03 mg	Vagitorium
Estron	0,02 mg/3 mg	Filmdragerad tablett
Etalpha	0,5 mikrogram	Kapsel, mjuk
Etalpha	0,25 mikrogram	Kapsel, mjuk
Etalpha	2 mikrogram/ml	Injektionsvätska, lösning
Etalpha	2 mikrogram/ml	Orala droppar, lösning
Ethosuximide 2care4	250 mg	Kapsel, mjuk
Ethosuximide Orifarm	250 mg	Kapsel, mjuk
Ethosuximide Strides	250 mg	Kapsel, mjuk
Etilbo	32 mg/12,5 mg	Tablett
Etopofos	100 mg	Pulver till infusionsvätska, lösning
Etoposid Fresenius Kabi	20 mg/ml	Koncentrat till infusionsvätska, lösning
Etoposide Accord	20 mg/ml	Koncentrat till infusionsvätska, lösning
Etoricoxib Brown	30 mg	Filmdragerad tablett
Etoricoxib Brown	60 mg	Filmdragerad tablett
Etoricoxib Brown	90 mg	Filmdragerad tablett
Etoricoxib Brown	120 mg	Filmdragerad tablett
Etoricoxib Ebb	30 mg	Filmdragerad tablett
Etoricoxib Ebb	60 mg	Filmdragerad tablett
Etoricoxib Ebb	90 mg	Filmdragerad tablett
Etoricoxib Krka	30 mg	Filmdragerad tablett
Etoricoxib Krka	60 mg	Filmdragerad tablett
Etoricoxib Krka	90 mg	Filmdragerad tablett
Etoricoxib Krka	120 mg	Filmdragerad tablett
Etoricoxib Orion	30 mg	Filmdragerad tablett
Etoricoxib Orion	60 mg	Filmdragerad tablett
Etoricoxib Orion	90 mg	Filmdragerad tablett
Etoricoxib Orion	120 mg	Filmdragerad tablett
Etoricoxib Sandoz	30 mg	Filmdragerad tablett
Etoricoxib Sandoz	60 mg	Filmdragerad tablett
Etoricoxib Sandoz	90 mg	Filmdragerad tablett
Etoricoxib STADA	30 mg	Filmdragerad tablett
Etoricoxib STADA	60 mg	Filmdragerad tablett
Etoricoxib STADA	90 mg	Filmdragerad tablett
Etoricoxib STADA	120 mg	Filmdragerad tablett
Etoricoxib Strides	60 mg	Filmdragerad tablett
Etoricoxib Teva	30 mg	Filmdragerad tablett
Etoricoxib Teva	60 mg	Filmdragerad tablett
Etoricoxib Teva	90 mg	Filmdragerad tablett
Etosuximid 2care4	50 mg/ml	Oral lösning
Etosuximid Ebb	50 mg/ml	Oral lösning
Etosuximid Medartuum	50 mg/ml	Oral lösning
Etrilect	0,5 mg/ml + 1 mg/ml	Oral lösning
Eucreas	50 mg/850 mg	Filmdragerad tablett
Eucreas	50 mg/1000 mg	Filmdragerad tablett
EURneffy	2 mg	Nässpray, lösning i endosbehållare
Eusaprim	16 mg/ml+80 mg/ml	Koncentrat till infusionsvätska, lösning
Eusaprim forte	160 mg/800 mg	Tablett
Euthyrox	25 mikrogram	Tablett
Euthyrox	50 mikrogram	Tablett
Euthyrox	100 mikrogram	Tablett
EVENITY	105 mg	Injektionsvätska, lösning i förfylld injektionspenna
Everolimus Avansor	2,5 mg	Tablett
Everolimus Avansor	5 mg	Tablett
Everolimus Krka	2,5 mg	Tablett
Everolimus Krka	5 mg	Tablett
Everolimus Krka	10 mg	Tablett
Everolimus Sandoz	2,5 mg	Tablett
Everolimus Sandoz	5 mg	Tablett
Everolimus Sandoz	10 mg	Tablett
Everolimus STADA	2,5 mg	Tablett
Everolimus STADA	5 mg	Tablett
Everolimus STADA	10 mg	Tablett
Everolimus Teva	2,5 mg	Tablett
Everolimus Teva	5 mg	Tablett
Everolimus Teva	10 mg	Tablett
Everolimus Viatris	10 mg	Tablett
Everolimus Zentiva	2,5 mg	Tablett
Everolimus Zentiva	5 mg	Tablett
Everolimus Zentiva	10 mg	Tablett
Evfraxy	60 mg	Injektionsvätska, lösning i förfylld spruta
Eviana	0,5 mg/0,1 mg	Filmdragerad tablett
Eviplera	200 mg/25 mg/245 mg	Filmdragerad tablett
Evoltra	1 mg/ml	Koncentrat till infusionsvätska, lösning
Evra	203 mikrogram/24 timmar + 33,9 mikrogram/24 timmar	Depotplåster
Evrenzo	20 mg	Filmdragerad tablett
Evrenzo	50 mg	Filmdragerad tablett
Evrenzo	70 mg	Filmdragerad tablett
Evrenzo	100 mg	Filmdragerad tablett
Evrenzo	150 mg	Filmdragerad tablett
Evrysdi	0,75 mg/ml	Pulver till oral lösning
Evrysdi	5 mg	Filmdragerad tablett
EXBLIFEP	2 g/0,5 g	Pulver till koncentrat till infusionsvätska, lösning
EXDENSUR	100 mg	Injektionsvätska, lösning i förfylld injektionspenna
EXDENSUR	100 mg	Injektionsvätska, lösning i förfylld spruta
Exelon	2 mg/ml	Oral lösning
Exelon	4,6 mg/24 timmar	Depotplåster
Exelon	9,5 mg/24 timmar	Depotplåster
Exelon	13,3 mg/24 timmar	Depotplåster
Exemestan Abacus Medicine	25 mg	Filmdragerad tablett
Exemestan Actavis	25 mg	Filmdragerad tablett
Exemestan Sandoz	25 mg	Filmdragerad tablett
Exemestan Stada	25 mg	Filmdragerad tablett
Exemestane Accord	25 mg	Filmdragerad tablett
Exforge	5 mg/160 mg	Filmdragerad tablett
Exforge	10 mg/160 mg	Filmdragerad tablett
EXJADE	360 mg	Filmdragerad tablett
Exlutena	0,5 mg	Tablett
Extraneal		Peritonealdialysvätska
Eydenzelt	40 mg/ml	Injektionsvätska, lösning
Eylea	40 mg/ml	Injektionsvätska, lösning
Eylea	40 mg/ml	Injektionsvätska, lösning i förfylld spruta
Eylea	114,3 mg/ml	Injektionsvätska, lösning
Eylea	114,3 mg/ml	Injektionsvätska, lösning i förfylld spruta
Ezetimib Actavis	10 mg	Tablett
Ezetimib Krka	10 mg	Tablett
Ezetimib Medical Valley	10 mg	Tablett
Ezetimib Sandoz	10 mg	Tablett
Ezetimib STADA	10 mg	Tablett
Ezetimib/Atorvastatin Abacus Medicine	10 mg/80 mg	Filmdragerad tablett
Ezetimib/Atorvastatin Krka	10 mg/80 mg	Filmdragerad tablett
Ezetimib/Simvastatin Krka	10 mg/20 mg	Tablett
Ezetimib/Simvastatin Krka	10 mg/40 mg	Tablett
Ezetimibe Accord	10 mg	Tablett
Ezetimibe Viatris	10 mg	Tablett
Ezetimibe Zentiva	10 mg	Tablett
Ezetimibe/Simvastatin Accord	10 mg/20 mg	Tablett
Ezetimibe/Simvastatin Accord	10 mg/40 mg	Tablett
Ezetrol	10 mg	Tablett
Ezmekly	1 mg	Dispergerbar tablett
Ezmekly	1 mg	Kapsel, hård
Ezmekly	2 mg	Kapsel, hård
FABHALTA	200 mg	Kapsel, hård
Fabrazyme		Pulver till koncentrat till infusionsvätska, lösning
Fampridin Zentiva	10 mg	Depottablett
Fampridine Accord	10 mg	Depottablett
Fampridine Newbury	10 mg	Depottablett
Fampridine Sandoz	10 mg	Depottablett
Fampyra	10 mg	Depottablett
Famvir	125 mg	Filmdragerad tablett
Famvir	500 mg	Filmdragerad tablett
Fareston	60 mg	Tablett
Farghess	25 mg	Filmdragerad tablett
Farydak	10 mg	Kapsel, hård
Farydak	15 mg	Kapsel, hård
Farydak	20 mg	Kapsel, hård
Fasenra	30 mg	Injektionsvätska, lösning i förfylld injektionspenna
Fasenra	30 mg	Injektionsvätska, lösning i förfylld spruta
Fasturtec	1,5 mg/ml	Pulver och vätska till koncentrat till infusionsvätska, lösning
Fatrino	600 mg/200 mg/245 mg	Filmdragerad tablett
Febuxostat Krka	80 mg	Filmdragerad tablett
Febuxostat Krka	120 mg	Filmdragerad tablett
Feiba	100 E/ml	Pulver och vätska till infusionsvätska, lösning
Felodipin Hexal	2,5 mg	Depottablett
Felodipin HEXAL	5 mg	Depottablett
Felodipin HEXAL	10 mg	Depottablett
Felodipin Holsten	5 mg	Depottablett
Felodipin Holsten	10 mg	Depottablett
Felodipin Omet Pharma	2,5 mg	Depottablett
Felodipin Omet Pharma	10 mg	Depottablett
Felodipin STADA	5 mg	Depottablett
Felodipin STADA	10 mg	Depottablett
Felodipin Teva	2,5 mg	Depottablett
Felodipin Teva	5 mg	Depottablett
Felodipin Teva	10 mg	Depottablett
Femanest	1 mg	Tablett
Femanest	2 mg	Tablett
Femanor		Tablett
Femasekvens		Tablett
Femoston	1 mg + 1 mg/10 mg	Filmdragerad tablett
Femoston	2 mg + 2 mg/10 mg	Filmdragerad tablett
Femostonconti	0,5 mg/2,5 mg	Filmdragerad tablett
Femostonconti	1 mg/5 mg	Filmdragerad tablett
Fendrix	20 mikrogram/0,5 ml	Injektionsvätska, suspension
Fenoximetylpenicillin EQL	800 mg	Filmdragerad tablett
Fenoximetylpenicillin EQL Pharma	1 g	Filmdragerad tablett
Fenoximetylpenicillin EQL Pharma	800 mg	Filmdragerad tablett
Fenoximetylpenicillin Orifarm	1 g	Filmdragerad tablett
Fenoximetylpenicillin Orifarm	800 mg	Filmdragerad tablett
Fentanyl B. Braun	50 mikrogram/ml	Injektionsvätska, lösning
Fentanyl Kalceks	50 mikrogram/ml	Injektionsvätska, lösning
Fentanyl Lavipharm	12 mikrogram/timme	Depotplåster
Fentanyl Lavipharm	25 mikrogram/timme	Depotplåster
Fentanyl Lavipharm	50 mikrogram/timme	Depotplåster
Fentanyl Lavipharm	75 mikrogram/timme	Depotplåster
Fentanyl Lavipharm	100 mikrogram/timme	Depotplåster
Fentanyl Orion	12 mikrogram/timme	Depotplåster
Fentanyl Orion	25 mikrogram/timme	Depotplåster
Fentanyl Orion	50 mikrogram/timme	Depotplåster
Fentanyl Orion	75 mikrogram/timme	Depotplåster
Fentanyl Orion	100 mikrogram/timme	Depotplåster
Fentanyl ratiopharm	12 mikrogram/timme	Depotplåster
Fentanyl ratiopharm	25 mikrogram/timme	Depotplåster
Fentanyl ratiopharm	50 mikrogram/timme	Depotplåster
Fentanyl ratiopharm	75 mikrogram/timme	Depotplåster
Fentanyl ratiopharm	100 mikrogram/timme	Depotplåster
Fentanyl Sandoz	12 mikrogram/timme	Depotplåster
Fentanyl Sandoz	25 mikrogram/timme	Depotplåster
Fentanyl Sandoz	50 mikrogram/timme	Depotplåster
Fentanyl Sandoz	75 mikrogram/timme	Depotplåster
Fentanyl Sandoz	100 mikrogram	Resoriblett, sublingual
Fentanyl Sandoz	100 mikrogram/timme	Depotplåster
Fentanyl Sandoz	200 mikrogram	Resoriblett, sublingual
Fentanyl Sandoz	300 mikrogram	Resoriblett, sublingual
Fentanyl Sandoz	400 mikrogram	Resoriblett, sublingual
Fentanyl Sandoz	600 mikrogram	Resoriblett, sublingual
Fentanyl Sandoz	800 mikrogram	Resoriblett, sublingual
Fenuril		Kräm
Fenylefrin Abcur	0,1 mg/ml	Injektionsvätska, lösning
Fenylefrin Aguettant	50 mikrogram/ml	Injektionsvätska, lösning i förfylld spruta
Fenylefrin Aguettant	100 mikrogram/ml	Injektions-/infusionsvätska, lösning
Fenylefrin Unimedic	0,1 mg/ml	Injektionsvätska, lösning
Fenylefrin Unimedic	10 mg/ml	Koncentrat till injektions-/infusionsvätska, lösning
Feraccru	30 mg	Kapsel, hård
Fercarbos	50 mg Fe/ml	Injektions-/infusionsvätska, dispersion
Feriliva	50 mg Fe/ml	Injektions-/infusionsvätska, dispersion
Ferinject	50 mg Fe/ml	Injektions-/infusionsvätska, dispersion
Ferriprox	100 mg/ml	Oral lösning
Ferriprox	500 mg	Filmdragerad tablett
Ferriprox	1000 mg	Filmdragerad tablett
Fesoterodine Accord	4 mg	Depottablett
Fesoterodine Accord	8 mg	Depottablett
Fesoterodine Medical Valley	4 mg	Depottablett
Fesoterodine Medical Valley	8 mg	Depottablett
Fesoterodine STADA	4 mg	Depottablett
Fesoterodine STADA	8 mg	Depottablett
Fesoterodine Zentiva	4 mg	Depottablett
Fesoterodine Zentiva	8 mg	Depottablett
Fetcroja	1 g	Pulver till koncentrat till infusionsvätska, lösning
Fevarin	50 mg	Filmdragerad tablett
Fevarin	100 mg	Filmdragerad tablett
Fexofenadin ABECE	120 mg	Filmdragerad tablett
Fexofenadin Apofri	120 mg	Filmdragerad tablett
Fexofenadin Cipla	180 mg	Filmdragerad tablett
Fexofenadin Ebb	180 mg	Filmdragerad tablett
Fexofenadine Amarox	120 mg	Filmdragerad tablett
Fexofenadine Amarox	180 mg	Filmdragerad tablett
Fiasp	100 enheter/ml	Injektionsvätska, lösning
Fiasp	100 enheter/ml	Injektionsvätska, lösning i cylinderampull
Fiberform	3,5 g	Granulat i dospåse
Fibryga	1 g	Pulver och vätska till injektions-/infusionsvätska, lösning
Ficortril	0,5 %	Ögonsalva
Filspari	200 mg	Filmdragerad tablett
Filspari	400 mg	Filmdragerad tablett
Filsuvez		Gel
Finacea	15 %	Gel
Finail	5 %	Medicinskt nagellack
Finasterid Amarox	5 mg	Filmdragerad tablett
Finasterid Aurobindo	5 mg	Filmdragerad tablett
Finasterid Ebb	1 mg	Filmdragerad tablett
Finasterid Medartuum	1 mg	Filmdragerad tablett
Finasterid Sandoz	5 mg	Filmdragerad tablett
Finasterid STADA	1 mg	Filmdragerad tablett
Finasterid STADA	5 mg	Filmdragerad tablett
Finasteride Accord	1 mg	Filmdragerad tablett
Finasteride Accord	5 mg	Filmdragerad tablett
Finasteride Medical Valley	5 mg	Filmdragerad tablett
Finasteride Teva	5 mg	Filmdragerad tablett
Fingolimod Accord	0,5 mg	Kapsel, hård
Fingolimod Amarox	0,5 mg	Kapsel, hård
Fingolimod Glenmark	0,5 mg	Kapsel, hård
Fingolimod Krka	0,5 mg	Kapsel, hård
Fingolimod Medical Valley	0,5 mg	Kapsel, hård
Fingolimod Mylan	0,5 mg	Kapsel, hård
Fingolimod Orion	0,5 mg	Kapsel, hård
Fingolimod Reddy	0,5 mg	Kapsel, hård
Fingolimod STADA	0,5 mg	Kapsel, hård
Fingolimod Teva	0,5 mg	Kapsel, hård
Fingolimod Tillomed	0,5 mg	Kapsel, hård
Fingolimod Zentiva	0,5 mg	Kapsel, hård
Finlee	10 mg	Dispergerbar tablett
Finomel		Infusionsvätska, emulsion
Finomel Perifer		Infusionsvätska, emulsion
Fintepla	2,2 mg/ml	Oral lösning
Firazyr	30 mg	Injektionsvätska, lösning i förfylld spruta
Firdapse	10 mg	Tablett
FIRMAGON	80 mg	Pulver och vätska till injektionsvätska, lösning
FIRMAGON	120 mg	Pulver och vätska till injektionsvätska, lösning
Fixopost	50 mikrogram/ml + 5 mg/ml	Ögondroppar, lösning i endosbehållare
Flagyl	40 mg/ml	Oral suspension
Flagyl	400 mg	Tablett
Flebogamma DIF	50 mg/ml	Infusionsvätska, lösning
Flexilev	5 mg/1,25 mg	Dispergerbara tabletter för dosdispenser
Flixabi	100 mg	Pulver till koncentrat till infusionsvätska, lösning
Florinef	0,1 mg	Tablett
Fluad		Injektionsvätska, suspension, förfylld spruta
Fluanxol	0,5 mg	Filmdragerad tablett
Fluanxol	1 mg	Filmdragerad tablett
Fluanxol	5 mg	Filmdragerad tablett
Fluanxol Depot	20 mg/ml	Injektionsvätska, lösning
Fluanxol Depot	100 mg/ml	Injektionsvätska, lösning
Fluarix		Injektionsvätska, suspension, förfylld spruta
Flucloxacillin Orion	1 g	Filmdragerad tablett
Flucloxacillin Orion	500 mg	Filmdragerad tablett
Flucloxacillin Orion	750 mg	Filmdragerad tablett
Fluconazol Actavis	100 mg	Kapsel, hård
Fluconazol Aurobindo	50 mg	Kapsel, hård
Fluconazol Aurobindo	200 mg	Kapsel, hård
Fluconazol Bluefish	150 mg	Kapsel, hård
Fluconazol Fresenius Kabi	2 mg/ml	Infusionsvätska, lösning
Fluconazol HEXAL	100 mg	Kapsel, hård
Fluconazol HEXAL	150 mg	Kapsel, hård
Fluconazol HEXAL	200 mg	Kapsel, hård
Fluconazol Krka	50 mg	Kapsel, hård
Fluconazol Krka	100 mg	Kapsel, hård
Fluconazol Krka	150 mg	Kapsel, hård
Fluconazol Krka	200 mg	Kapsel, hård
Fluconazol Vitabalans	150 mg	Tablett
Fluconazole Abacus Medicine	200 mg	Kapsel, hård
Fluconazole Accord	50 mg	Kapsel, hård
Fluconazole Accord	100 mg	Kapsel, hård
Fluconazole Accord	150 mg	Kapsel, hård
Fluconazole Accord	200 mg	Kapsel, hård
Fluconazole B. Braun	2 mg/ml	Infusionsvätska, lösning
Fluconazole Teva	50 mg	Kapsel, hård
Fluconazole Teva	100 mg	Kapsel, hård
Fluconazole Teva	150 mg	Kapsel, hård
Fluconazole Teva	200 mg	Kapsel, hård
Fludarabin Teva	25 mg/ml	Koncentrat till injektions-/infusionsvätska, lösning
Fludarabine Accord	25 mg/ml	Koncentrat till injektions-/infusionsvätska, lösning
Fludent Hallon	0,25 mg	Sugtablett
Fludent Mint	0,5 mg	Sugtablett
Fludent Mint	0,25 mg	Sugtablett
Fludent Mint	0,75 mg	Sugtablett
Fluenz		Nässpray, suspension
Flukloxacillin Viatris	1 g	Filmdragerad tablett
Flukloxacillin Viatris	750 mg	Filmdragerad tablett
Flukonazol 2care4	200 mg	Kapsel, hård
Flukonazol Ebb	200 mg	Kapsel, hård
Flumazenil hameln	0,1 mg/ml	Injektions-/infusionsvätska, lösning
Fluoresceinnatrium Bausch & Lomb	2 % (20 mg/ml)	Ögondroppar, lösning i endosbehållare
Fluorescite	100 mg/ml	Injektionsvätska, lösning
Fluorin Mint	0,2 %	Munsköljvätska
Fluorouracil Accord	50 mg/ml	Injektions-/infusionsvätska, lösning
Fluorouracil Teva	50 mg/ml	Injektionsvätska, lösning
Fluoxetin Ebb	20 mg	Dispergerbar tablett
Fluoxetin Orifarm	20 mg	Dispergerbar tablett
Fluoxetin ratiopharm	10 mg	Löslig tablett
Fluoxetin ratiopharm	20 mg	Löslig tablett
Fluoxetin Sandoz	20 mg	Dispergerbar tablett
Fluoxetin STADA	20 mg	Dispergerbar tablett
Fluoxetin Teva	20 mg	Kapsel, hård
Fluoxetin Viatris	20 mg	Kapsel, hård
Fluoxetine Accord	20 mg	Kapsel, hård
Fluoxetine Orion	20 mg	Kapsel, hård
Fluoxetine Vitabalans	20 mg	Filmdragerad tablett
Fluticasone Cipla	125 mikrogram/dos	Inhalationsspray, suspension
Fluticasone furoate Evolan	27,5 mikrogram/spraydos	Nässpray, suspension
Flutide Diskus	50 mikrogram/dos	Inhalationspulver, avdelad dos
Flutide Diskus	100 mikrogram/dos	Inhalationspulver, avdelad dos
Flutide Diskus	250 mikrogram/dos	Inhalationspulver, avdelad dos
Flutide Diskus	500 mikrogram/dos	Inhalationspulver, avdelad dos
Flutide Evohaler	50 mikrogram/dos	Inhalationsspray, suspension
Flutide Evohaler	125 mikrogram/dos	Inhalationsspray, suspension
Flutiform	50 mikrogram/5 mikrogram/puff	Inhalationsspray, suspension
Flutiform	125 mikrogram/5 mikrogram/puff	Inhalationsspray, suspension
Flutiform	250 mikrogram/10 mikrogram/puff	Inhalationsspray, suspension
Flutikason Abacus Medicine	50 mikrogram/dos	Nässpray, suspension
Flutikason Ebb	50 mikrogram/dos	Nässpray, suspension
Flutikason Teva	50 mikrogram/dos	Nässpray, suspension
Flutivate	0,05 %	Kräm
Fluttasino	400 mikrogram	Näsdroppar, suspension
Flynise	5 mg	Filmdragerad tablett
Folsyra EQL Pharma	1 mg	Tablett
Folsyra Evolan	5 mg	Tablett
Folsyra Orifarm	1 mg	Tablett
Folsyra Orifarm	5 mg	Tablett
Folsyra Sandoz	1 mg	Tablett
Folsyra Sandoz	5 mg	Tablett
Folsyra Vitabalans	1 mg	Tablett
Folsyra Vitabalans	5 mg	Tablett
Folvidon	1 mg	Tablett
Fomepizole SERB	5 mg/ml	Koncentrat till infusionsvätska, lösning
Fontecare	4 mg/ml	Oral lösning
Forlax	10 g	Pulver till oral lösning i dospåse
Forlax Junior	4 g	Pulver till oral lösning i dospåse
Formatris Novolizer	6 mikrogram/dos	Inhalationspulver
Formatris Novolizer	12 mikrogram/dos	Inhalationspulver
Forminet	500 mg	Filmdragerad tablett
Forminet	850 mg	Filmdragerad tablett
Forminet	1000 mg	Filmdragerad tablett
Forobec	100 mikrogram/6 mikrogram per dos	Inhalationsspray, lösning
Forobec	200 mikrogram/6 mikrogram per dos	Inhalationsspray, lösning
Forsteo	20 mikrogram/80 mikroliter	Injektionsvätska, lösning i förfylld injektionspenna
Fortacin	150 mg/ml + 50 mg/ml	Kutan spray, lösning
Fortibec	100 mikrogram/6 mikrogram per dos	Inhalationsspray, lösning
Fortum	1 g	Pulver till injektionsvätska, lösning
Fortum	2 g	Pulver till injektions-/infusionsvätska, lösning
Fortum	500 mg	Pulver till injektionsvätska, lösning
Forxiga	5 mg	Filmdragerad tablett
Forxiga	10 mg	Filmdragerad tablett
Fosaprepitant Accord	150 mg	Pulver till infusionsvätska, lösning
Fosavance	70 mg/2800 IE	Tablett
Foscarnet Tillomed	24 mg/ml	Infusionsvätska, lösning
Fosfomycin Infectopharm	40 mg/ml	Pulver till infusionsvätska, lösning
Fosrenol	500 mg	Tuggtablett
Fosrenol	750 mg	Oralt pulver
Fosrenol	750 mg	Tuggtablett
Fosrenol	1000 mg	Oralt pulver
Fosrenol	1000 mg	Tuggtablett
Fotil	5 mg/ml + 20 mg/ml	Ögondroppar, lösning
Fotil forte	5 mg/ml + 40 mg/ml	Ögondroppar, lösning
Fragmin	2500 IE	Injektionsvätska, lösning i förfylld spruta
Fragmin	2500 IE/ml	Injektionsvätska, lösning
Fragmin	5000 IE	Injektionsvätska, lösning i förfylld spruta
Fragmin	7500 IE	Injektionsvätska, lösning i förfylld spruta
Fragmin	10000 IE	Injektionsvätska, lösning i förfylld spruta
Fragmin	12500 IE	Injektionsvätska, lösning i förfylld spruta
Fragmin	15000 IE	Injektionsvätska, lösning i förfylld spruta
Fragmin	18000 IE	Injektionsvätska, lösning i förfylld spruta
Fragmin (med konserveringsmedel)	10000 IE/ml	Injektionsvätska, lösning
Fragmin (med konserveringsmedel)	25000 IE/ml	Injektionsvätska, lösning
Frivelle	1,5 mg	Tablett
Froidir	25 mg	Tablett
Froidir	100 mg	Tablett
FRUZAQLA	1 mg	Kapsel, hård
FRUZAQLA	5 mg	Kapsel, hård
FSME-IMMUN Junior		Injektionsvätska, suspension, förfylld spruta
FSME-IMMUN Vuxen		Injektionsvätska, suspension, förfylld spruta
Fucidin	2 %	Kräm
Fucidin	2 %	Salva
Fucidin-Hydrocortison	20 mg/g+10 mg/g	Kräm
Fucidine	2 %	Salva
Fucithalmic	1 %	Ögonsalva
Fulphila	6 mg	Injektionsvätska, lösning i förfylld spruta
Fultium	800 IE	Kapsel, mjuk
Fulvestrant Accord	250 mg	Injektionsvätska, lösning i förfylld spruta
Fulvestrant EVER Pharma	250 mg	Injektionsvätska, lösning i förfylld spruta
Fulvestrant Glenmark	250 mg	Injektionsvätska, lösning i förfylld spruta
Fulvestrant Medical Valley	250 mg	Injektionsvätska, lösning i förfylld spruta
Fulvestrant Reddy	250 mg	Injektionsvätska, lösning i förfylld spruta
Fulvestrant Sandoz	250 mg	Injektionsvätska, lösning i förfylld spruta
Fulvestrant STADA	250 mg	Injektionsvätska, lösning i förfylld spruta
Fulvestrant STADA Nordic	250 mg	Injektionsvätska, lösning i förfylld spruta
Fulvestrant Teva	250 mg	Injektionsvätska, lösning i förfylld spruta
Fungizone	50 mg	Pulver till infusionsvätska, lösning
Fungoral	20 mg/ml	Schampo
Furadantin	5 mg	Tablett
Furadantin	50 mg	Tablett
Furix	10 mg/ml	Injektionsvätska, lösning
Furix	20 mg	Tablett
Furix	40 mg	Tablett
Furix	500 mg	Tablett
Furosemid Accord	10 mg/ml	Injektions-/infusionsvätska, lösning
Furosemid Hexal	40 mg	Tablett
Furosemid Medical Valley	20 mg	Tablett
Furosemid Medical Valley	40 mg	Tablett
Furosemid Teva	40 mg	Tablett
Furosemid Teva B.V.	500 mg	Tablett
Furosemide Kalceks	10 mg/ml	Injektions-/infusionsvätska, lösning
Fusidinsyra/Betametason Ebb	20 mg/g + 1 mg/g	Kräm
Fycompa	0,5 mg/ml	Oral suspension
Fycompa	2 mg	Filmdragerad tablett
Fycompa	4 mg	Filmdragerad tablett
Fycompa	6 mg	Filmdragerad tablett
Fycompa	8 mg	Filmdragerad tablett
Fycompa	10 mg	Filmdragerad tablett
Fycompa	12 mg	Filmdragerad tablett
FYLREVY	14,2 mg	Filmdragerad tablett
FYLREVY	18,9 mg	Filmdragerad tablett
Fyremadel	0,25 mg/0,5 ml	Injektionsvätska, lösning i förfylld spruta
Fyro	500 mg/50 mg	Brustablett
Gabapentin 1A Farma	100 mg	Kapsel, hård
Gabapentin 1A Farma	300 mg	Kapsel, hård
Gabapentin 1A Farma	400 mg	Kapsel, hård
Gabapentin 1A Farma	600 mg	Filmdragerad tablett
Gabapentin 1A Farma	800 mg	Filmdragerad tablett
Gabapentin 2care4	800 mg	Filmdragerad tablett
Gabapentin Accord	100 mg	Kapsel, hård
Gabapentin Accord	300 mg	Kapsel, hård
Gabapentin Accord	400 mg	Kapsel, hård
Gabapentin Accord	600 mg	Filmdragerad tablett
Gabapentin Actavis	100 mg	Kapsel, hård
Gabapentin Actavis	300 mg	Kapsel, hård
Gabapentin Actavis	400 mg	Kapsel, hård
Gabapentin Ebb	300 mg	Kapsel, hård
Gabapentin Ebb	400 mg	Kapsel, hård
Gabapentin Medartuum	600 mg	Filmdragerad tablett
Gabapentin Medartuum	800 mg	Filmdragerad tablett
Gabapentin Orion	100 mg	Kapsel, hård
Gabapentin Orion	300 mg	Kapsel, hård
Gabapentin Orion	400 mg	Kapsel, hård
Gabapentin Orion	600 mg	Filmdragerad tablett
Gabapentin Orion	800 mg	Filmdragerad tablett
Gabapentin Rivopharm	100 mg	Kapsel, hård
Gabapentin Rivopharm	300 mg	Kapsel, hård
Gabapentin Rivopharm	400 mg	Kapsel, hård
Gabapentin Teva Sweden	600 mg	Filmdragerad tablett
Gabapentin Teva Sweden	800 mg	Filmdragerad tablett
Gablofen	0,05 mg/ml	Injektions- / infusionsvätska, lösning i förfylld spruta
Gablofen	0,5 mg/ml	Injektions- / infusionsvätska, lösning i förfylld spruta
Gablofen	2 mg/ml	Injektions- / infusionsvätska, lösning i förfylld spruta
Gadovist	1,0 mmol/ml	Injektionsvätska, lösning
Gadovist	1,0 mmol/ml	Injektionsvätska, lösning i förfylld spruta/cylinderampull
Galafold	123 mg	Kapsel, hård
Galantamin Abacus Medicine	8 mg	Depotkapsel, hård
Galantamin Actavis	16 mg	Depotkapsel, hård
Galantamin Actavis	24 mg	Depotkapsel, hård
Galantamin Ebb	8 mg	Depotkapsel, hård
Galantamin Krka	8 mg	Depotkapsel, hård
Galantamin Krka	16 mg	Depotkapsel, hård
Galantamin Krka	24 mg	Depotkapsel, hård
Galantamin Sandoz	8 mg	Depotkapsel, hård
Galantamin Sandoz	16 mg	Depotkapsel, hård
Galantamin Sandoz	24 mg	Depotkapsel, hård
Galantamin STADA	8 mg	Depotkapsel, hård
Galantamin STADA	16 mg	Depotkapsel, hård
Galantamin STADA	24 mg	Depotkapsel, hård
Galantamine Medical Valley	8 mg	Depotkapsel, hård
Galantamine Medical Valley	16 mg	Depotkapsel, hård
Galantamine Medical Valley	24 mg	Depotkapsel, hård
Galieve	500 mg/213 mg/325 mg	Oral suspension i dospåse
Galieve Peppermint		Tuggtablett
Galvus	50 mg	Tablett
Gammagard S/D		Pulver och vätska till infusionsvätska, lösning
Gamunex	100 mg/ml	Infusionsvätska, lösning
Ganciclovir Oresund Pharma	500 mg	Pulver till koncentrat till infusionsvätska, lösning
GANFORT	0,3 mg/ml + 5 mg/ml	Ögondroppar, lösning
GANFORT	0,3 mg/ml + 5 mg/ml	Ögondroppar, lösning i endosbehållare
Ganirelix Gedeon Richter	0,25 mg/0,5 ml	Injektionsvätska, lösning i förfylld spruta
Ganirelix Orifarm	0,25 mg/0,5 ml	Injektionsvätska, lösning i förfylld spruta
Gardasil 9		Injektionsvätska, suspension, förfylld spruta
Gastrografin	370 mg I/ml	Oral lösning/rektallösning
Gaviscon		Oral suspension
Gaviscon		Tuggtablett
Gazyvaro	1000 mg	Koncentrat till infusionsvätska, lösning
Gefitinib Accord	250 mg	Filmdragerad tablett
Gefitinib STADA	250 mg	Filmdragerad tablett
Gelaspan		Infusionsvätska, lösning
Gelofusine		Infusionsvätska, lösning
Gemadol	50 mg	Depotkapsel, hård
Gemcitabin Sandoz	40 mg/ml	Koncentrat till infusionsvätska, lösning
Gemcitabin SUN	10 mg/ml	Infusionsvätska, lösning
Gemcitabine Accord	100 mg/ml	Koncentrat till infusionsvätska, lösning
Gemkabi	38 mg/ml	Koncentrat till infusionsvätska, lösning
Gencebok	10 mg/ml	Infusionsvätska, lösning
Genotropin	5 mg	Pulver och vätska till injektionsvätska, lösning
Genotropin	12 mg	Pulver och vätska till injektionsvätska, lösning
Genotropin MiniQuick	0,2 mg	Pulver och vätska till injektionsvätska, lösning
Genotropin MiniQuick	0,4 mg	Pulver och vätska till injektionsvätska, lösning
Genotropin MiniQuick	0,6 mg	Pulver och vätska till injektionsvätska, lösning
Genotropin MiniQuick	0,8 mg	Pulver och vätska till injektionsvätska, lösning
Genotropin MiniQuick	1 mg	Pulver och vätska till injektionsvätska, lösning
Genotropin MiniQuick	1,2 mg	Pulver och vätska till injektionsvätska, lösning
Genotropin MiniQuick	1,4 mg	Pulver och vätska till injektionsvätska, lösning
Genotropin MiniQuick	1,6 mg	Pulver och vätska till injektionsvätska, lösning
Genotropin MiniQuick	1,8 mg	Pulver och vätska till injektionsvätska, lösning
Genotropin MiniQuick	2 mg	Pulver och vätska till injektionsvätska, lösning
Gensumycin	40 mg/ml	Injektionsvätska, lösning
Gentamicin Macure	10 mg/ml	Injektions-/infusionsvätska, lösning
Gentamicin Macure	40 mg/ml	Injektions-/infusionsvätska, lösning
Gentamicin Panpharma	40 mg/ml	Injektions-/infusionsvätska, lösning
Genvoya	150 mg/150 mg/200 mg/10 mg	Filmdragerad tablett
Gepretix	100 mg	Kapsel, mjuk
Gepretix	200 mg	Kapsel, mjuk
Gestrina	75 mikrogram	Filmdragerad tablett
GHRYVELIN	60 mg	Granulat till oral suspension i dospåse
GIAPREZA	2,5 mg/ml	Koncentrat till infusionsvätska, lösning
Giduxa		Kapsel, mjuk
GILENYA	0,5 mg	Kapsel, hård
Gilenya	0,25 mg	Kapsel, hård
Giona Easyhaler	100 mikrogram/dos	Inhalationspulver
Giona Easyhaler	200 mikrogram/dos	Inhalationspulver
Giona Easyhaler	400 mikrogram/dos	Inhalationspulver
GIOTRIF	20 mg	Filmdragerad tablett
GIOTRIF	30 mg	Filmdragerad tablett
GIOTRIF	40 mg	Filmdragerad tablett
Givlaari	189 mg/ml	Injektionsvätska, lösning
Glavamin		Infusionsvätska, lösning
Glentek	50 mg	Filmdragerad tablett
Glimepirid Actavis	1 mg	Tablett
Glimepirid Actavis	2 mg	Tablett
Glimepirid Actavis	3 mg	Tablett
Glimepirid Actavis	4 mg	Tablett
Glimepirid Bluefish	1 mg	Tablett
Glimepirid Bluefish	2 mg	Tablett
Glimepirid Bluefish	3 mg	Tablett
Glimepirid Bluefish	4 mg	Tablett
Glimepirid STADA	1 mg	Tablett
Glimepirid STADA	2 mg	Tablett
Glimepirid STADA	3 mg	Tablett
Gliolan	30 mg/ml	Pulver till oral lösning
Glitinum		Kapsel, hård
Glivec	100 mg	Filmdragerad tablett
Glivec	400 mg	Filmdragerad tablett
Glucagon Novo Nordisk	1 mg (1 IE)	Pulver och vätska till injektionsvätska, lösning i förfylld spruta
Glucophage	500 mg	Filmdragerad tablett
Glucophage	850 mg	Filmdragerad tablett
Glucophage	1000 mg	Filmdragerad tablett
Glucos Baxter 25 mg/ml buffrad		Infusionsvätska, lösning
Glucos Baxter 50 mg/ml buffrad		Infusionsvätska, lösning
Glucos Baxter Viaflo	50 mg/ml	Infusionsvätska, lösning
Glucos Baxter Viaflo	100 mg/ml	Infusionsvätska, lösning
Glucos Fresenius Kabi	50 mg/ml	Infusionsvätska, lösning
Glucos Fresenius Kabi	100 mg/ml	Infusionsvätska, lösning
Glucos Fresenius Kabi	500 mg/ml	Infusionsvätska, lösning
Glucos. B. Braun	50 mg/ml	Infusionsvätska, lösning
Glucos. B. Braun	100 mg/ml	Infusionsvätska, lösning
Glucos. B. Braun	200 mg/ml	Infusionsvätska, lösning
Glucose-Na-K Baxter 50 mg/ml		Infusionsvätska, lösning
Glucose-Na-K Baxter 100 mg/ml		Infusionsvätska, lösning
Glukos Braun 25 mg/ml buffrad		Infusionsvätska, lösning
Glukos Braun 50 mg/ml buffrad		Infusionsvätska, lösning
Glukos Braun 50 mg/ml med Na40 + K20	50 mg/ml	Infusionsvätska, lösning
Glukos Fresenius Kabi	300 mg/ml	Injektionsvätska, lösning
Glukosamin ABECE	625 mg	Kapsel, hård
Glukosamin Apofri	625 mg	Kapsel, hård
Glukosamin Pharma Nord	400 mg	Kapsel, hård
Glycerol Evolan	200 mg/g	Kräm
Glycolan	200 mg/g	Kräm
Glycophos		Koncentrat till infusionsvätska, lösning
Glycopyrronium Medical Valley	44 mikrogram	Inhalationspulver, hård kapsel
Glykopyrroniumbromid Accord	200 mikrogram/ml	Injektionsvätska, lösning
Glypressin	1 mg	Injektionsvätska, lösning
Glypressin	1 mg	Pulver och vätska till injektionsvätska, lösning
Glyronul	0,2 mg/ml	Injektionsvätska, lösning
Glytrin	0,4 mg/dos	Sublingualspray
Glyxambi	10 mg/5 mg	Filmdragerad tablett
GOBIVAZ	50 mg	Injektionsvätska, lösning i förfylld injektionspenna
GOBIVAZ	50 mg	Injektionsvätska, lösning i förfylld spruta
GOBIVAZ	100 mg	Injektionsvätska, lösning i förfylld injektionspenna
GOBIVAZ	100 mg	Injektionsvätska, lösning i förfylld spruta
Golax	4 g	Pulver till oral lösning i dospåse
Golax	10 g	Pulver till oral lösning i dospåse
GONAL-f	300 IE/0,48 ml	Injektionsvätska, lösning i förfylld injektionspenna
GONAL-f	450 IE/0,72 ml	Injektionsvätska, lösning i förfylld injektionspenna
GONAL-f	900 IE/1,44 ml	Injektionsvätska, lösning i förfylld injektionspenna
Gonapeptyl	0,1 mg/ml	Injektionsvätska, lösning
Gonasi Set	5000 IE	Pulver och vätska till injektionsvätska, lösning
Grafalon	20 mg/ml	Koncentrat till infusionsvätska, lösning
Granisetron Hameln	1 mg/ml	Koncentrat till injektions-/infusionsvätska, lösning
Granisetron STADA	1 mg	Filmdragerad tablett
Granisetron STADA	2 mg	Filmdragerad tablett
Granocyte	34 miljoner IE/ml	Pulver och vätska till injektions-/infusionsvätska, lösning
Granpidam	20 mg	Filmdragerad tablett
Grazax	75 000 SQ-T	Frystorkad sublingual tablett
Grepid	75 mg	Filmdragerad tablett
Gynoflor	0,03 mg/50 mg	Vaginaltablett
Haemate	500 IE FVIII / 1200 IE VWF	Pulver och vätska till injektions-/infusionsvätska, lösning
Haemate	1000 IE FVIII/ 2400 IE VWF	Pulver och vätska till injektions-/infusionsvätska, lösning
HALAVEN	0,44 mg/ml	Injektionsvätska, lösning
Haldol	1 mg	Tablett
Haldol	2 mg/ml	Oral lösning
Haldol	5 mg/ml	Injektionsvätska, lösning
Haldol Depot	50 mg/ml	Injektionsvätska, lösning
Haldol Depot	100 mg/ml	Injektionsvätska, lösning
Haloperidol Ebb	2 mg/ml	Oral lösning
Halzin Honung & Citron		Sugtablett
Halzin Jordgubb		Sugtablett
Harvoni	33,75 mg/150 mg	Dragerat granulat i dospåse
Harvoni	45 mg/200 mg	Dragerat granulat i dospåse
Harvoni	90 mg/400 mg	Filmdragerad tablett
Havrix	1440 ELISA U	Injektionsvätska, suspension, förfylld spruta
Havrix	1440 ELISA U/ml	Injektionsvätska, suspension
HBVAXPRO	5 mikrogram	Injektionsvätska, suspension, förfylld spruta
HBVAXPRO	10 mikrogram	Injektionsvätska, suspension, förfylld spruta
HeliCap	37 kBq	Kapsel, hård
Helixor A	1 mg	Injektionsvätska, lösning
Helixor A	5 mg	Injektionsvätska, lösning
Helixor A	20 mg	Injektionsvätska, lösning
Helixor A	50 mg	Injektionsvätska, lösning
Helixor A	100 mg	Injektionsvätska, lösning
Helixor M	1 mg	Injektionsvätska, lösning
Helixor M	5 mg	Injektionsvätska, lösning
Helixor M	20 mg	Injektionsvätska, lösning
Helixor M	50 mg	Injektionsvätska, lösning
Helixor M	100 mg	Injektionsvätska, lösning
HEMANGIOL	3,75 mg/ml	Oral lösning
Heminevrin	50 mg/ml	Oral lösning
Heminevrin	300 mg	Kapsel, mjuk
Hemlibra	30 mg/ml	Injektionsvätska, lösning
Hemlibra	150 mg/ml	Injektionsvätska, lösning
Hemosol B0		Hemofiltrationsvätska/hemodialysvätska
Heparin LEO	100 IE/ml	Injektionsvätska, lösning
Heparin LEO	5000 IE/ml	Injektionsvätska, lösning
HEPCLUDEX	2 mg	Pulver till injektionsvätska, lösning
Heracillin	1 g	Filmdragerad tablett
Heracillin	50 mg/ml	Pulver till oral suspension
Heracillin	125 mg	Filmdragerad tablett
Heracillin	500 mg	Filmdragerad tablett
Herceptin	150 mg	Pulver till koncentrat till infusionsvätska, lösning
Herceptin	600 mg/5 ml	Injektionsvätska, lösning
Hermolepsin Retard	100 mg	Depottablett
Hermolepsin Retard	200 mg	Depottablett
Hermolepsin Retard	300 mg	Depottablett
Herpzyl	50 mg/g	Kutant stift
Herzuma	150 mg	Pulver till koncentrat till infusionsvätska, lösning
Herzuma	420 mg	Pulver till koncentrat till infusionsvätska, lösning
HETRONIFLY	10 mg/ml	Koncentrat till infusionsvätska, lösning
Hevicain Spinal Tung	5 mg/ml	Injektionsvätska, lösning
Hexident	1 mg/ml	Munsköljvätska
Hexident	2 mg/ml	Munsköljvätska
Hexvix	85 mg	Pulver och vätska till intravesikal lösning
Hexyon		Injektionsvätska, suspension, förfylld spruta
Hibiscrub	40 mg/ml	Kutan lösning
Hibiwash	40 mg/ml	Kutan lösning
Hidrasec	10 mg	Granulat till oral suspension
Hidrasec	100 mg	Kapsel, hård
Hiprex	1 g	Oralt pulver i dospåse
Hiprex	1 g	Tablett
Hirudoid		Kräm
Hizentra	200 mg/ml	Injektionsvätska, lösning
Hizentra	200 mg/ml	Injektionsvätska, lösning i förfylld spruta
Holoxan		Pulver till injektions-/infusionsvätska, lösning
Holoxan	2000 mg	Pulver till injektions-/infusionsvätska, lösning
Hukyndra	40 mg	Injektionsvätska, lösning i förfylld injektionspenna
Hukyndra	40 mg	Injektionsvätska, lösning i förfylld spruta
Hukyndra	80 mg	Injektionsvätska, lösning i förfylld injektionspenna
Humalog	100 E/ml	Injektionsvätska, lösning
Humalog	100 E/ml	Injektionsvätska, lösning i cylinderampull
Humalog Junior KwikPen	100 E/ml	Injektionsvätska, lösning i förfylld injektionspenna
Humalog KwikPen	100 E/ml	Injektionsvätska, lösning i förfylld injektionspenna
Humalog KwikPen	200 E/ml	Injektionsvätska, lösning i förfylld injektionspenna
Humalog Mix 25	100 E/ml	Injektionsvätska, suspension, cylinderampull
Humalog Mix 50	100 E/ml	Injektionsvätska, suspension, cylinderampull
Humalog Mix25 KwikPen	100 E/ml	Injektionsvätska, suspension i förfylld injektionspenna
Humalog Mix50 KwikPen	100 E/ml	Injektionsvätska, suspension i förfylld injektionspenna
Humira	20 mg	Injektionsvätska, lösning i förfylld spruta
Humulin NPH	100 IE/ml	Injektionsvätska, suspension
Humulin NPH KwikPen	100 IE/ml	Injektionsvätska, suspension i förfylld injektionspenna
Humulin Regular	100 IE/ml	Injektionsvätska, lösning
Hyalgan	10 mg/ml	Injektionsvätska, lösning
Hycamtin	0,25 mg	Kapsel, hård
Hycamtin	1 mg	Kapsel, hård
Hydofon	10 mg/ml	Injektions-/infusionsvätska, lösning
Hydofon	50 mg/ml	Injektions-/infusionsvätska, lösning
Hydrea	500 mg	Kapsel, hård
Hydrochlorothiazide Bluefish	12,5 mg	Tablett
Hydrochlorothiazide Bluefish	25 mg	Tablett
Hydrochlorothiazide Orifarm	25 mg	Tablett
Hydrocortisone Activase	10 mg	Tablett
Hydrocortisone Activase	20 mg	Tablett
Hydroklortiazid Evolan	12,5 mg	Tablett
Hydroklortiazid Evolan	25 mg	Tablett
Hydrokortison Ebb	100 mg	Pulver och vätska till injektionsvätska, lösning
Hydrokortison Evolan	10 mg/g	Kräm
Hydrokortison Evolan	10 mg/g	Salva
Hydrokortison Orion	10 mg	Tablett
Hydrokortison Strides	10 mg	Tablett
Hydrokortison Strides	20 mg	Tablett
Hydromorphone Kalceks	2 mg/ml	Injektions-/infusionsvätska, lösning
Hydromorphone Kalceks	10 mg/ml	Injektions-/infusionsvätska, lösning
Hydromorphone Kalceks	20 mg/ml	Injektions-/infusionsvätska, lösning
Hydromorphone Kalceks	50 mg/ml	Injektions-/infusionsvätska, lösning
Hydroxizin Omet Pharma	10 mg	Filmdragerad tablett
Hydroxizin Omet Pharma	25 mg	Filmdragerad tablett
Hydroxocobalamin Alternova	1 mg/ml	Injektionsvätska, lösning
Hydroxocobalamin G.L. Pharma	1 mg/ml	Injektionsvätska, lösning
Hydroxocobalamin Orion	1 mg/ml	Injektionsvätska, lösning
Hydroxyurea medac	500 mg	Kapsel, hård
Hydroxyzine Bluefish	10 mg	Filmdragerad tablett
Hydroxyzine Bluefish	25 mg	Filmdragerad tablett
Hydroxyzine EQL Pharma	25 mg	Filmdragerad tablett
Hydroxyzine Medical Valley	10 mg	Filmdragerad tablett
Hydroxyzine Medical Valley	25 mg	Filmdragerad tablett
Hydroxyzine Orifarm	10 mg	Filmdragerad tablett
Hydroxyzine Orifarm	25 mg	Filmdragerad tablett
Hydroxyzine Orion	25 mg	Filmdragerad tablett
Hylvastam	14 mg/ml	Infusionsvätska, lösning
Hympavzi	150 mg	Injektionsvätska, lösning i förfylld injektionspenna
Hyoscine butylbromide Kalceks	20 mg/ml	Injektionsvätska, lösning
Hypermin		Tablett
Hypotron	2,5 mg	Tablett
Hypotron	5 mg	Tablett
Hypotron	10 mg	Tablett
Hyprosan	3,2 mg/ml	Ögondroppar, lösning
HyQvia	100 mg/ml	Infusionsvätska, lösning
Hyrimoz	20 mg/0,2 ml	Injektionsvätska, lösning i förfylld spruta
Hyrimoz	40 mg/0,4 ml	Injektionsvätska, lösning i förfylld injektionspenna
Hyrimoz	40 mg/0,4 ml	Injektionsvätska, lösning i förfylld spruta
Hyrimoz	80 mg	Injektionsvätska, lösning i förfylld injektionspenna
Iasibon	50 mg	Filmdragerad tablett
Ibandronat STADA	50 mg	Filmdragerad tablett
Ibandronate Bluefish	50 mg	Filmdragerad tablett
Iberogast		Orala droppar, lösning
Ibetin	200 mg	Filmdragerad tablett
IBRANCE	75 mg	Filmdragerad tablett
IBRANCE	75 mg	Kapsel, hård
IBRANCE	100 mg	Filmdragerad tablett
IBRANCE	100 mg	Kapsel, hård
IBRANCE	125 mg	Filmdragerad tablett
IBRANCE	125 mg	Kapsel, hård
Ibumax	200 mg	Filmdragerad tablett
Ibumax	400 mg	Filmdragerad tablett
Ibumax	600 mg	Filmdragerad tablett
Ibumetin	400 mg	Filmdragerad tablett
Ibumetin	400 mg	Kapsel, mjuk
Ibumetin	600 mg	Tablett
Ibuprofen ABECE	20 mg/ml	Oral suspension
Ibuprofen ABECE	200 mg	Filmdragerad tablett
Ibuprofen ABECE	400 mg	Filmdragerad tablett
Ibuprofen Accord	200 mg	Filmdragerad tablett
Ibuprofen Accord	400 mg	Filmdragerad tablett
Ibuprofen Apofri	400 mg	Filmdragerad tablett
Ibuprofen B. Braun	200 mg	Infusionsvätska, lösning
Ibuprofen B. Braun	400 mg	Infusionsvätska, lösning
Ibuprofen B. Braun	600 mg	Infusionsvätska, lösning
Ibuprofen Orifarm	400 mg	Filmdragerad tablett
Ibuprofen Punkt	400 mg	Filmdragerad tablett
Ibuprofen Zentiva	400 mg	Filmdragerad tablett
Ibuprofen Zentiva	600 mg	Filmdragerad tablett
Icatibant Accord	30 mg	Injektionsvätska, lösning i förfylld spruta
Icatibant Avansor	30 mg	Injektionsvätska, lösning i förfylld spruta
Icatibant Glenmark	30 mg	Injektionsvätska, lösning i förfylld spruta
Icatibant Medical Valley	30 mg	Injektionsvätska, lösning i förfylld spruta
Icatibant Newbury	30 mg	Injektionsvätska, lösning i förfylld spruta
Icatibant STADA	30 mg	Injektionsvätska, lösning i förfylld spruta
Icatibant Teva	30 mg	Injektionsvätska, lösning i förfylld spruta
Iclusig	15 mg	Filmdragerad tablett
Iclusig	30 mg	Filmdragerad tablett
Iclusig	45 mg	Filmdragerad tablett
Icomas	0,3 %, 0,3 %, 0,3 %	Medicinsk gas, komprimerad
Icsori	125 mikrogram/dos	Inhalationsspray, suspension
Icsori	250 mikrogram/dos	Inhalationsspray, suspension
Idacio	40 mg	Injektionsvätska, lösning i förfylld injektionspenna
Idefirix	11 mg	Pulver till koncentrat till infusionsvätska, lösning
IDELVION	250 IE	Pulver och vätska till injektionsvätska, lösning
IDELVION	500 IE	Pulver och vätska till injektionsvätska, lösning
IDELVION	1000 IE	Pulver och vätska till injektionsvätska, lösning
IDELVION	2000 IE	Pulver och vätska till injektionsvätska, lösning
Ido-C	0,5 g	Tuggtablett
Ido-C	1 g	Tuggtablett
Idotrim	100 mg	Filmdragerad tablett
Idotrim	160 mg	Filmdragerad tablett
Ifirmacombi	150 mg/12,5 mg	Filmdragerad tablett
Ifirmacombi	300 mg/12,5 mg	Filmdragerad tablett
Ifirmacombi	300 mg/25 mg	Filmdragerad tablett
Ifirmasta	75 mg	Filmdragerad tablett
Ifirmasta	150 mg	Filmdragerad tablett
Ifirmasta	300 mg	Filmdragerad tablett
IKERVIS	1 mg/ml	Ögondroppar, emulsion i endosbehållare
Iktorivil	0,5 mg	Tablett
Iktorivil	2 mg	Tablett
Iktorivil	2,5 mg/ml	Orala droppar, lösning
Ilaris	150 mg/ml	Injektionsvätska, lösning
Illuccix	25 mikrogram	Beredningssats för radioaktivt läkemedel
Ilomedin	20 mikrogram/ml	Koncentrat till infusionsvätska, lösning
Ilumetri	100 mg	Injektionsvätska, lösning i förfylld injektionspenna
Ilumetri	100 mg	Injektionsvätska, lösning i förfylld spruta
Ilumetri	200 mg	Injektionsvätska, lösning i förfylld spruta
Iluvien	190 mikrogram	Intravitrealt implantat i applikator
Imatinib Accord	100 mg	Filmdragerad tablett
Imatinib Accord	400 mg	Filmdragerad tablett
Imatinib Amarox	100 mg	Filmdragerad tablett
Imatinib Amarox	400 mg	Filmdragerad tablett
Imatinib Grindeks	100 mg	Kapsel, hård
Imatinib Krka d.d.	100 mg	Filmdragerad tablett
Imatinib Krka d.d.	400 mg	Filmdragerad tablett
Imatinib Sandoz	100 mg	Filmdragerad tablett
Imatinib Sandoz	400 mg	Filmdragerad tablett
Imatinib STADA	100 mg	Filmdragerad tablett
Imatinib STADA	400 mg	Filmdragerad tablett
Imatinib STADA	600 mg	Filmdragerad tablett
Imatinib Teva	100 mg	Filmdragerad tablett
Imatinib Teva	400 mg	Filmdragerad tablett
Imatinib Zentiva	100 mg	Filmdragerad tablett
Imatinib Zentiva	400 mg	Filmdragerad tablett
IMBRUVICA	140 mg	Filmdragerad tablett
IMBRUVICA	280 mg	Filmdragerad tablett
IMBRUVICA	420 mg	Filmdragerad tablett
IMBRUVICA	560 mg	Filmdragerad tablett
IMCIVREE	10 mg/ml	Injektionsvätska, lösning
Imdur	30 mg	Depottablett
Imdur	60 mg	Depottablett
Imdur	120 mg	Depottablett
IMDYLLTRA	1 mg	Pulver till koncentrat och lösning till infusionsvätska, lösning
IMDYLLTRA	10 mg	Pulver till koncentrat och lösning till infusionsvätska, lösning
Imfinzi	50 mg/ml	Koncentrat till infusionsvätska, lösning
Imigran	10 mg	Nässpray, lösning
Imigran	12 mg/ml	Injektionsvätska, lösning
Imigran	20 mg	Nässpray, lösning
Imigran Novum	50 mg	Filmdragerad tablett
Imipenem/Cilastatin Fresenius Kabi	500 mg/500 mg	Pulver till infusionsvätska, lösning
IMJUDO	20 mg/ml	Koncentrat till infusionsvätska, lösning
Imlygic	1 miljoner PFU/ml	Injektionsvätska, lösning
Imlygic	100 miljoner PFU/ml	Injektionsvätska, lösning
Imodium	2 mg	Munsönderfallande tablett
Imodium	2 mg	Tablett
Imodium Plus	2 mg/125 mg	Tablett
Imogaze	240 mg	Kapsel, mjuk
Imolopera	2 mg	Tablett
Imovane	5 mg	Tablett
Imovane	7,5 mg	Tablett
Imovax Polio		Injektionsvätska, suspension
Importal Ex-Lax	10 g	Oralt pulver i dospåse
Impugan	10 mg/ml	Orala droppar, lösning
Impugan	20 mg	Tablett
Impugan	40 mg	Tablett
Imraldi	40 mg/0,4 ml	Injektionsvätska, lösning i förfylld injektionspenna
Imraldi	40 mg/0,4 ml	Injektionsvätska, lösning i förfylld spruta
Imuldosa	45 mg	Injektionsvätska, lösning i förfylld spruta
Imuldosa	90 mg	Injektionsvätska, lösning i förfylld spruta
Imurel	25 mg	Filmdragerad tablett
Imurel	50 mg	Filmdragerad tablett
IMVANEX		Injektionsvätska, suspension
Inaqovi	35 mg/100 mg	Filmdragerad tablett
Inbrija	33 mg	Inhalationspulver, hård kapsel
INCRELEX	10 mg/ml	Injektionsvätska, lösning
Incruse Ellipta	55 mikrogram	Inhalationspulver, avdelad dos
Inderal	10 mg	Filmdragerad tablett
Inderal	40 mg	Filmdragerad tablett
Indivina	1 mg/2,5 mg	Tablett
Indivina	1 mg/5 mg	Tablett
Indivina	2 mg/5 mg	Tablett
InductOs	1,5 mg/ml	Pulver, vätska och matrix till matrix för implantation
Influvac		Injektionsvätska, suspension, förfylld spruta
Injexate	7,5 mg	Injektionsvätska, lösning i förfylld injektor
Injexate	10 mg	Injektionsvätska, lösning i förfylld injektor
Injexate	12,5 mg	Injektionsvätska, lösning i förfylld injektor
Injexate	15 mg	Injektionsvätska, lösning i förfylld injektor
Injexate	17,5 mg	Injektionsvätska, lösning i förfylld injektor
Injexate	20 mg	Injektionsvätska, lösning i förfylld injektor
Injexate	22,5 mg	Injektionsvätska, lösning i förfylld injektor
Injexate	25 mg	Injektionsvätska, lösning i förfylld injektor
Injexate	50 mg/ml	Injektionsvätska, lösning i förfylld spruta
Inlyta	1 mg	Filmdragerad tablett
Inlyta	3 mg	Filmdragerad tablett
Inlyta	5 mg	Filmdragerad tablett
Innohep	10 000 anti-Xa IE	Injektionsvätska, lösning i förfylld spruta
Innohep	10 000 anti-Xa IE/ml	Injektionsvätska, lösning
Innohep	12 000 anti-Xa IE	Injektionsvätska, lösning i förfylld spruta
Innohep	14 000 anti-Xa IE	Injektionsvätska, lösning i förfylld spruta
Innohep	16 000 anti-Xa IE	Injektionsvätska, lösning i förfylld spruta
Innohep	18 000 anti-Xa IE	Injektionsvätska, lösning i förfylld spruta
Innohep	20 000 anti-Xa IE/ml	Injektionsvätska, lösning
Innohep	2500 anti-Xa IE	Injektionsvätska, lösning i förfylld spruta
Innohep	3500 anti-Xa IE	Injektionsvätska, lösning i förfylld spruta
Innohep	4500 anti-Xa IE	Injektionsvätska, lösning i förfylld spruta
Innohep	8000 anti-Xa IE	Injektionsvätska, lösning i förfylld spruta
Innovair	100/6 mikrogram per dos	Inhalationsspray, lösning
Innovair	200 mikrogram /6 mikrogram per dos	Inhalationsspray, lösning
Innovair nexthaler	100 mikrogram/6 mikrogram per inhalation	Inhalationspulver
Innovair nexthaler	200 mikrogram/6 mikrogram per inhalation	Inhalationspulver
Inolaxol		Granulat i dospåse
INOmax	800 ppm	Medicinsk gas, komprimerad
Inotyol		Salva
Inovelon	40 mg/ml	Oral suspension
Inovelon	100 mg	Filmdragerad tablett
Inovelon	200 mg	Filmdragerad tablett
Inovelon	400 mg	Filmdragerad tablett
Inrebic	100 mg	Kapsel, hård
Inspra	25 mg	Filmdragerad tablett
Inspra	50 mg	Filmdragerad tablett
Instillagel	20,9 mg/ml	Gel
Instillido	20 mg/ml	Gel
Insulin aspart Sanofi	100 E/ml	Injektionsvätska, lösning
Insulin aspart Sanofi	100 E/ml	Injektionsvätska, lösning i cylinderampull
Insulin aspart Sanofi	100 E/ml	Injektionsvätska, lösning i förfylld injektionspenna
Insulin lispro Sanofi	100 enheter/ml	Injektionsvätska, lösning
Insulin lispro Sanofi	100 enheter/ml	Injektionsvätska, lösning i cylinderampull
Insulin lispro Sanofi	100 enheter/ml	Injektionsvätska, lösning i förfylld injektionspenna
Insuman Implantable	400 IE/ml	Infusionsvätska, lösning
INTELENCE	200 mg	Tablett
Intralipid	200 mg/ml	Infusionsvätska, emulsion
Intrarosa	6,5 mg	Vagitorium
Intuniv	1 mg	Depottablett
Intuniv	2 mg	Depottablett
Intuniv	3 mg	Depottablett
Intuniv	4 mg	Depottablett
Invanz	1 g	Pulver till koncentrat till infusionsvätska, lösning
INVEGA	3 mg	Depottablett
INVEGA	6 mg	Depottablett
INVEGA	9 mg	Depottablett
Invicorp	25 mikrogram/2 mg	Injektionsvätska, lösning
Invokana	100 mg	Filmdragerad tablett
Invokana	300 mg	Filmdragerad tablett
Iomeron	150 mg I/ml	Injektionsvätska, lösning
Iomeron	250 mg I/ml	Injektionsvätska, lösning
Iomeron	300 mg I/ml	Injektionsvätska, lösning
Iomeron	350 mg I/ml	Injektionsvätska, lösning
Iomeron	400 mg I/ml	Injektionsvätska, lösning
Iopidine	10 mg/ml	Ögondroppar, lösning i endosbehållare
Ipaflex	200 mg	Kapsel, mjuk
Ipratropium/Salbutamol Neutec	0,5 mg/2,5 mg	Lösning för nebulisator
Ipratropium/Salbutamol Orion	0,5 mg/2,5 mg per 2,5 ml	Lösning för nebulisator
Ipravent	20 mikrogram/dos	Inhalationsspray, lösning
Ipraxa	500 mikrogram/2 ml	Lösning för nebulisator
Ipren	5 %	Gel
Ipren	20 mg/ml	Oral suspension
Ipren	60 mg	Suppositorium
Ipren	200 mg	Filmdragerad tablett
Ipren	400 mg	Filmdragerad tablett
Iprensa	400 mg	Kapsel, mjuk
Iqirvo	80 mg	Filmdragerad tablett
Iqtopam	1 mg/ml	Koncentrat till injektions-/infusionsvätska, lösning
Irbesartan Accord	150 mg	Filmdragerad tablett
Irbesartan Accord	300 mg	Filmdragerad tablett
Irbesartan Actavis	150 mg	Filmdragerad tablett
Irbesartan Actavis	300 mg	Filmdragerad tablett
Irbesartan Hydrochlorothiazide Zentiva	150 mg/12,5 mg	Filmdragerad tablett
Irbesartan Hydrochlorothiazide Zentiva	300 mg/12,5 mg	Filmdragerad tablett
Irbesartan Hydrochlorothiazide Zentiva	300 mg/25 mg	Filmdragerad tablett
Irbesartan Sandoz	150 mg	Filmdragerad tablett
Irbesartan STADA	75 mg	Filmdragerad tablett
Irbesartan STADA	150 mg	Filmdragerad tablett
Irbesartan STADA	300 mg	Filmdragerad tablett
Irbesartan Zentiva	150 mg	Filmdragerad tablett
Irbesartan Zentiva	300 mg	Filmdragerad tablett
Irbesartan/Hydrochlorothiazide STADA	150 mg/12,5 mg	Filmdragerad tablett
Irbesartan/Hydrochlorothiazide STADA	300 mg/12,5 mg	Filmdragerad tablett
Irbesartan/Hydrochlorothiazide STADA	300 mg/25 mg	Filmdragerad tablett
Irbesartan/Hydrochlorothiazide Teva	300 mg/25 mg	Filmdragerad tablett
Irbesartan/Hydroklortiazid Actavis	300 mg/12,5 mg	Filmdragerad tablett
Irbesartan/Hydroklortiazid Actavis	300 mg/25 mg	Filmdragerad tablett
IRESSA	250 mg	Filmdragerad tablett
Irinotecan Accord	20 mg/ml	Koncentrat till infusionsvätska, lösning
Irinotecan Fresenius Kabi	20 mg/ml	Koncentrat till infusionsvätska, lösning
Irinotecan SUN	1,5 mg/ml	Infusionsvätska, lösning
Iscador M	0,01 mg + 0,1 mg + 1 mg	Injektionsvätska, lösning
Iscador M	0,1 mg + 1 mg + 10 mg	Injektionsvätska, lösning
Iscador M	1 mg	Injektionsvätska, lösning
Iscador M	1 mg + 10 mg + 20 mg	Injektionsvätska, lösning
Iscador M	10 mg	Injektionsvätska, lösning
Iscador M	20 mg	Injektionsvätska, lösning
Iscador P	0,01 mg + 0,1 mg + 1 mg	Injektionsvätska, lösning
Iscador P	0,1 mg + 1 mg + 10 mg	Injektionsvätska, lösning
Iscador P	1 mg	Injektionsvätska, lösning
Iscador P	1 mg + 10 mg + 20 mg	Injektionsvätska, lösning
Iscador P	10 mg	Injektionsvätska, lösning
Iscador P	20 mg	Injektionsvätska, lösning
Iscador Qu	0,01 mg + 0,1 mg + 1 mg	Injektionsvätska, lösning
Iscador Qu	0,1 mg + 1 mg + 10 mg	Injektionsvätska, lösning
Iscador Qu	1 mg	Injektionsvätska, lösning
Iscador Qu	1 mg + 10 mg + 20 mg	Injektionsvätska, lösning
Iscador Qu	10 mg	Injektionsvätska, lösning
Iscador Qu	20 mg	Injektionsvätska, lösning
ISENTRESS	25 mg	Tuggtablett
ISENTRESS	100 mg	Tuggtablett
ISENTRESS	400 mg	Filmdragerad tablett
ISENTRESS	600 mg	Filmdragerad tablett
Ismo	10 mg	Tablett
Ismo Retard	40 mg	Depottablett
Isofluran Baxter		Inhalationsånga, vätska
Isomex	30 mg	Depottablett
Isoprenaline Macure	0,2 mg/ml	Koncentrat till infusionsvätska, lösning
Isoptin	40 mg	Filmdragerad tablett
Isoptin	80 mg	Filmdragerad tablett
Isoptin Retard	120 mg	Depottablett
Isoptin Retard	180 mg	Depottablett
Isoptin Retard	240 mg	Depottablett
Isopto-Maxidex	1 mg/ml	Ögondroppar, suspension
Isotracin	10 mg	Kapsel, mjuk
Isotracin	20 mg	Kapsel, mjuk
Isotretinoin Actavis	10 mg	Kapsel, mjuk
Isotretinoin Actavis	20 mg	Kapsel, mjuk
Isotretinoin Ebb	10 mg	Kapsel, mjuk
Isotretinoin Ebb	20 mg	Kapsel, mjuk
Isotretinoin Orifarm	10 mg	Kapsel, mjuk
Isotretinoin Orifarm	20 mg	Kapsel, mjuk
Isotretinoin Sandoz	10 mg	Kapsel, mjuk
Isotretinoin Sandoz	20 mg	Kapsel, mjuk
Isturisa	1 mg	Filmdragerad tablett
Isturisa	5 mg	Filmdragerad tablett
Isturisa	10 mg	Filmdragerad tablett
Itovebi	3 mg	Filmdragerad tablett
Itovebi	9 mg	Filmdragerad tablett
Itrakonazol Abacus Medicine	100 mg	Kapsel, hård
Itrakonazol Actavis	100 mg	Kapsel, hård
Itrakonazol Ebb	100 mg	Kapsel, hård
Itrakonazol STADA	100 mg	Kapsel, hård
Itulazax	12 SQ-Bet	Frystorkad sublingual tablett
Ivabradin Krka	5 mg	Filmdragerad tablett
Ivabradin Krka	7,5 mg	Filmdragerad tablett
Ivabradin Medical Valley	5 mg	Filmdragerad tablett
Ivabradin Medical Valley	7,5 mg	Filmdragerad tablett
Ivabradine Accord	5 mg	Filmdragerad tablett
Ivabradine Accord	7,5 mg	Filmdragerad tablett
Ivabradine Anpharm	5 mg	Filmdragerad tablett
Ivabradine Anpharm	7,5 mg	Filmdragerad tablett
Ivabradine Zentiva	5 mg	Filmdragerad tablett
IVEMEND	150 mg	Pulver till infusionsvätska, lösning
Ivermectin Medical Valley	3 mg	Tablett
Ivermectin Newbury	10 mg/g	Kräm
Ivermectin Orion	3 mg	Tablett
Ivermectin STADA	3 mg	Tablett
IXCHIQ		Pulver och vätska till injektionsvätska, lösning
IXIARO	6 mikrogram	Injektionsvätska, suspension
Izamby	60 mg	Injektionsvätska, lösning i förfylld spruta
IZBA	30 mikrogram/ml	Ögondroppar, lösning
Jakavi	5 mg	Tablett
Jakavi	5 mg/ml	Oral lösning
Jakavi	10 mg	Tablett
Jakavi	15 mg	Tablett
Jakavi	20 mg	Tablett
Janumet	50 mg/1000 mg	Filmdragerad tablett
Januvia	25 mg	Filmdragerad tablett
Januvia	50 mg	Filmdragerad tablett
Januvia	100 mg	Filmdragerad tablett
Jardiance	10 mg	Filmdragerad tablett
Jardiance	25 mg	Filmdragerad tablett
Jascayd	9 mg	Filmdragerad tablett
Jascayd	18 mg	Filmdragerad tablett
Javlor	25 mg/ml	Koncentrat till infusionsvätska, lösning
Jaydess	13,5 mg	Intrauterint inlägg
Jaypirca	100 mg	Filmdragerad tablett
Jemperli	500 mg	Koncentrat till infusionsvätska, lösning
Jentadueto	2,5 mg/ 850 mg	Filmdragerad tablett
Jentadueto	2,5 mg/ 1000 mg	Filmdragerad tablett
Jext	150 mikrogram	Injektionsvätska, lösning i förfylld injektionspenna
Jext	300 mikrogram	Injektionsvätska, lösning i förfylld injektionspenna
Jinarc	45 mg + 15 mg	Tablett
Jinarc	60 mg + 30 mg	Tablett
Jinarc	90 mg + 30 mg	Tablett
Jivi	500 IE	Pulver och vätska till injektionsvätska, lösning
Jivi	1000 IE	Pulver och vätska till injektionsvätska, lösning
Jivi	2000 IE	Pulver och vätska till injektionsvätska, lösning
Jivi	3000 IE	Pulver och vätska till injektionsvätska, lösning
Jivi	4000 IE	Pulver och vätska till injektionsvätska, lösning
Jorveza	0,5 mg	Munsönderfallande tablett
Jorveza	1 mg	Munsönderfallande tablett
Jubbonti	60 mg	Injektionsvätska, lösning i förfylld spruta
Jubereq	120 mg	Injektionsvätska, lösning
Juluca	50 mg/25 mg	Filmdragerad tablett
Junod	60 mg	Injektionsvätska, lösning i förfylld spruta
Jylamvo	2 mg/ml	Oral lösning
Jyseleca	100 mg	Filmdragerad tablett
Jyseleca	200 mg	Filmdragerad tablett
Kabergolin Abacus Medicine	0,5 mg	Tablett
Kabergolin Ebb	0,5 mg	Tablett
Kadcyla	100 mg	Pulver till koncentrat till infusionsvätska, lösning
Kadcyla	160 mg	Pulver till koncentrat till infusionsvätska, lösning
Kaftrio	37,5 mg/25 mg/50 mg	Filmdragerad tablett
Kaftrio	60 mg/40 mg/80 mg	Granulat i dospåse
Kaftrio	75 mg/50 mg/100 mg	Filmdragerad tablett
Kaftrio	75 mg/50 mg/100 mg	Granulat i dospåse
Kairasec	8 mg	Tablett
Kairasec	16 mg	Tablett
Kairasec	32 mg	Tablett
Kajos	33 mg (0,85 mmol) K+/ml	Oral lösning
Kalcipos	500 mg	Filmdragerad tablett
Kalcipos-D	500 mg/400 IE	Filmdragerad tablett
Kalcipos-D	500 mg/400 IE	Tuggtablett
Kalcipos-D forte	500 mg/800 IE	Filmdragerad tablett
Kalcipos-D forte	500 mg/800 IE	Tuggtablett
Kalcipos-D mite	500 mg/200 IE	Filmdragerad tablett
Kalcium Ebb	500 mg	Tuggtablett
Kalcium/Kolekalciferol Citron Evolan	500 mg/400 IE	Tuggtablett
Kalcium/Kolekalciferol Citron Evolan	500 mg/800 IE	Tuggtablett
Kalcium/Kolekalciferol Evolan	500 mg/400 IE	Filmdragerad tablett
Kalcium/Kolekalciferol Evolan	500 mg/800 IE	Filmdragerad tablett
Kalcium/Kolekalciferol Spearmint Evolan	500 mg/400 IE	Tuggtablett
Kalciumfolinat STADA	10 mg/ml	Injektionsvätska, lösning
Kalciumklorid Abboxia	0,46 mmol/ml	Injektionsvätska, lösning
Kaleorid	750 mg	Depottablett
Kaletra	(80 mg + 20 mg) /ml	Oral lösning
Kaletra	200 mg/50 mg	Filmdragerad tablett
Kalinox	50 % / 50 %	Medicinsk gas, komprimerad
Kaliumjodid G.L. Pharma	65 mg	Tablett
Kaliumjodid SERB	65 mg	Tablett
Kaliumklorid EQL Pharma	750 mg	Depottablett
Kaliumklorid Noridem	2 mmol/ml	Koncentrat till infusionsvätska, lösning
Kaliumklorid Orifarm	750 mg	Depottablett
Kalydeco	13,4 mg	Granulat i dospåse
Kalydeco	25 mg	Granulat i dospåse
Kalydeco	50 mg	Granulat i dospåse
Kalydeco	59,5 mg	Granulat i dospåse
Kalydeco	75 mg	Filmdragerad tablett
Kalydeco	75 mg	Granulat i dospåse
Kalydeco	150 mg	Filmdragerad tablett
Kan Jang		Oral lösning
Kandrozid	4 mg	Tablett
Kandrozid	8 mg	Tablett
Kandrozid	16 mg	Tablett
Kandrozid	32 mg	Tablett
Kanuma	2 mg/ml	Koncentrat till infusionsvätska, lösning
Kapruvia	50 mikrogram/ml	Injektionsvätska, lösning
Karbamid Evolan	50 mg/g	Kräm
Karbamid Evolan	50 mg/g	Kutan emulsion
Karbidopa/Levodopa Ebb	25 mg/100 mg	Tablett
Kargluminsyra Waymade	200 mg	Dispergerbar tablett
Kaspofungin Lorien	50 mg	Pulver till koncentrat till infusionsvätska, lösning
Kaspofungin Lorien	70 mg	Pulver till koncentrat till infusionsvätska, lösning
KAVIGALE	300 mg	Injektions-/infusionsvätska, lösning
Kelzyn	2 mg/0,02 mg	Depottablett
Kenacort-T	40 mg/ml	Injektionsvätska, suspension
Kengrexal	50 mg	Pulver till koncentrat till injektions-/infusionsvätska, lösning
Keppra	100 mg/ml	Koncentrat till infusionsvätska, lösning
Keppra	100 mg/ml	Oral lösning
Keppra	250 mg	Filmdragerad tablett
Keppra	500 mg	Filmdragerad tablett
Keppra	750 mg	Filmdragerad tablett
Keppra	1000 mg	Filmdragerad tablett
Kerendia	10 mg	Filmdragerad tablett
Kerendia	20 mg	Filmdragerad tablett
Kerendia	40 mg	Filmdragerad tablett
Kesimpta	20 mg	Injektionsvätska, lösning i förfylld injektionspenna
Kestine	10 mg	Filmdragerad tablett
Kestine	10 mg	Frystorkad tablett
Kestine	20 mg	Filmdragerad tablett
Ketalar	10 mg/ml	Injektionsvätska, lösning
Ketalar	50 mg/ml	Injektionsvätska, lösning
Ketamin Abcur	10 mg/ml	Injektionsvätska, lösning
Ketamin Abcur	50 mg/ml	Injektionsvätska, lösning
Ketanest	5 mg/ml	Injektions-/infusionsvätska, lösning
Ketanest	25 mg/ml	Injektions-/infusionsvätska, lösning
Ketazed	0,25 mg/ml	Ögondroppar, lösning
Ketoconazol Actavis	20 mg/g	Schampo
Ketoconazole Esteve	200 mg	Tablett
Ketokonazol NET	20 mg/g	Schampo
Ketorolac S.A.L.F.	30 mg/ml	Injektionsvätska, lösning
Kevzara	150 mg	Injektionsvätska, lösning i förfylld injektionspenna
Kevzara	200 mg	Injektionsvätska, lösning i förfylld injektionspenna
KEYTRUDA	25 mg/ml	Koncentrat till infusionsvätska, lösning
KEYTRUDA	395 mg	Injektionsvätska, lösning
KEYTRUDA	790 mg	Injektionsvätska, lösning
KIMMTRAK	100 mikrogram/ 0,5 ml	Koncentrat till infusionsvätska, lösning
Kineret	100 mg/0,67 ml	Injektionsvätska, lösning i förfylld spruta
KIOVIG	100 mg/ml	Infusionsvätska, lösning
Kisplyx	4 mg	Kapsel, hård
Kisplyx	10 mg	Kapsel, hård
Kisqali	200 mg	Filmdragerad tablett
Kisunla	350 mg	Koncentrat till infusionsvätska, lösning
Kivexa	600 mg/300 mg	Filmdragerad tablett
Klacid	250 mg	Tablett
Klacid	500 mg	Tablett
Klaritromycin Abacus Medicine	500 mg	Filmdragerad tablett
Klaritromycin Ebb	250 mg	Filmdragerad tablett
Klaritromycin Ebb	500 mg	Filmdragerad tablett
Klaximol	500 mg/125 mg	Filmdragerad tablett
Klaximol	875 mg/125 mg	Filmdragerad tablett
Klexane	2 000 IE (20 mg)/0,2 ml	Injektionsvätska, lösning i förfylld spruta
Klexane	4 000 IE (40 mg)/0,4 ml	Injektionsvätska, lösning i förfylld spruta
Klexane	6 000 IE (60 mg)/0,6 ml	Injektionsvätska, lösning i förfylld spruta
Klexane	8 000 IE (80 mg)/0,8 ml	Injektionsvätska, lösning i förfylld spruta
Klexane	10 000 IE (100 mg)/1 ml	Injektionsvätska, lösning i förfylld spruta
Klexane	12 000 IE (120 mg)/0,8 ml	Injektionsvätska, lösning i förfylld spruta
Klexane	15 000 IE (150 mg)/1 ml	Injektionsvätska, lösning i förfylld spruta
Klexane	30 000 IE (300 mg)/3 ml	Injektionsvätska, lösning
Klexane	100 000 IE (1 000 mg)/10 ml	Injektionsvätska, lösning
Klimadynon		Filmdragerad tablett
Klindamycin Ebb	300 mg	Kapsel, hård
Klindamycin Evolan	100 mg	Vagitorium
Kloramfenikol Santen	5 mg/ml	Ögondroppar, lösning
Kloramfenikol Santen	5 mg/ml	Ögondroppar, lösning i endosbehållare
Kloramfenikol Santen	10 mg/g	Ögonsalva
Klorhexidin Fresenius Kabi	0,5 mg/ml	Kutan lösning
Klorhexidin Fresenius Kabi	1 mg/ml	Kutan lösning
Klorhexidin Fresenius Kabi	2 mg/ml	Kutan lösning
Klorhexidinsprit Fresenius Kabi	5 mg/ml	Kutan lösning
Klorhexidinsprit färgad Fresenius Kabi	5 mg/ml	Kutan lösning
Klorzoxazon Evolan	250 mg	Tablett
Klorzoxazon Orifarm	250 mg	Tablett
Klozapin Ebb	25 mg	Tablett
Klozapin Ebb	100 mg	Tablett
Klyx	1 mg/ml+250 mg/ml	Rektallösning
Kodein ExtractumPharma	10 mg	Tablett
Kodein ExtractumPharma	20 mg	Tablett
Kodein ExtractumPharma	30 mg	Tablett
Koffein Viatris	100 mg	Tablett
Kolekalciferol Evolan	800 IE	Tablett
Kolekalciferol Evolan	800 IE/droppe	Orala droppar, lösning
Kolekalciferol Evolan	2000 IE	Tablett
Kolekalciferol Teva	5600 IE	Kapsel, mjuk
Kolekalciferol Teva	25000 IE	Kapsel, mjuk
Kolestyramin Alternova	4 g	Pulver till oral suspension, dospåse
Kolistimetatnatrium Accord	1 miljon IE	Pulver till injektions-/infusionsvätska, lösning
Kolistimetatnatrium Ebb	1 miljon IE	Pulver till lösning för nebulisator
Kolkicin Strides	500 mikrogram	Tablett
Kolkicin Tiofarma	500 mikrogram	Tablett
Kolsuspension	150 mg/ml	Oral suspension
Konakion Novum	10 mg/ml	Injektionsvätska, lösning
Kortifarm	20 mg	Tablett
Koselugo	10 mg	Kapsel, hård
Koselugo	25 mg	Kapsel, hård
Kreon 25000		Enterokapsel, hård
Kreon 35000		Enterokapsel, hård
Kvetiapin Ebb	100 mg	Filmdragerad tablett
Kyleena	19,5 mg	Intrauterint inlägg
Kymriah		Infusionsvätska, dispersion
Kyntheum	210 mg	Injektionsvätska, lösning i förfylld spruta
Kyprolis	10 mg	Pulver till infusionsvätska, lösning
Kyprolis	30 mg	Pulver till infusionsvätska, lösning
Kyprolis	60 mg	Pulver till infusionsvätska, lösning
Kåvepenin	1 g	Filmdragerad tablett
Kåvepenin	100 mg/ml	Granulat till oral suspension
Kåvepenin	250 mg	Filmdragerad tablett
Kåvepenin	250 mg/ml	Granulat till orala droppar, lösning
Kåvepenin	500 mg	Filmdragerad tablett
Kåvepenin	800 mg	Filmdragerad tablett
Kåvepenin Frukt	50 mg/ml	Granulat till oral suspension
Labetalol S.A.L.F.	5 mg/ml	Injektions-/infusionsvätska, lösning
Lacosamide 1A Farma	50 mg	Filmdragerad tablett
Lacosamide 1A Farma	100 mg	Filmdragerad tablett
Lacosamide 1A Farma	150 mg	Filmdragerad tablett
Lacosamide 1A Farma	200 mg	Filmdragerad tablett
Lacosamide Accord	10 mg/ml	Infusionsvätska, lösning
Lacosamide Accord	50 mg	Filmdragerad tablett
Lacosamide Accord	100 mg	Filmdragerad tablett
Lacosamide Accord	150 mg	Filmdragerad tablett
Lacosamide Accord	200 mg	Filmdragerad tablett
Lacosamide hameln	10 mg/ml	Infusionsvätska, lösning
Lacosamide Krka	50 mg	Filmdragerad tablett
Lacosamide Krka	100 mg	Filmdragerad tablett
Lacosamide Krka	150 mg	Filmdragerad tablett
Lacosamide Krka	200 mg	Filmdragerad tablett
Lacosamide STADA	50 mg	Filmdragerad tablett
Lacosamide STADA	100 mg	Filmdragerad tablett
Lacosamide STADA	150 mg	Filmdragerad tablett
Lacosamide STADA	200 mg	Filmdragerad tablett
Lacosamide Strides	10 mg/ml	Sirap
Lacosamide Teva	50 mg	Filmdragerad tablett
Lacosamide Teva	100 mg	Filmdragerad tablett
Lacosamide Teva	150 mg	Filmdragerad tablett
Lacosamide Teva	200 mg	Filmdragerad tablett
Lacosamide Vivanta	10 mg/ml	Infusionsvätska, lösning
Lacosamide Zentiva	50 mg	Filmdragerad tablett
Lacosamide Zentiva	100 mg	Filmdragerad tablett
Lacosamide Zentiva	150 mg	Filmdragerad tablett
Lacosamide Zentiva	200 mg	Filmdragerad tablett
Lacrofarm Junior		Pulver till oral lösning i dospåse
Lacudex	10 mg/ml	Vaginalkräm
Laktulos Cooper	670 mg/ml	Oral lösning
Laktulos Levolac	670 mg/ml	Oral lösning
Lamictal	2 mg	Tuggtablett/dispergerbar tablett
Lamictal	5 mg	Tuggtablett/dispergerbar tablett
Lamictal	25 mg	Tablett
Lamictal	25 mg	Tuggtablett/dispergerbar tablett
Lamictal	50 mg	Tablett
Lamictal	50 mg	Tuggtablett/dispergerbar tablett
Lamictal	100 mg	Tablett
Lamictal	100 mg	Tuggtablett/dispergerbar tablett
Lamictal	200 mg	Tablett
Lamictal	200 mg	Tuggtablett/dispergerbar tablett
Lamisil	1 %	Kräm
Lamisil Dermgel	1 %	Gel
Lamisil Singeldos	1 %	Kutan lösning
Lamivudine Teva	100 mg	Filmdragerad tablett
Lamivudine Teva Pharma BV	150 mg	Filmdragerad tablett
Lamivudine Teva Pharma BV	300 mg	Filmdragerad tablett
Lamotrigin 1A Farma	25 mg	Tablett
Lamotrigin 1A Farma	50 mg	Tablett
Lamotrigin 1A Farma	100 mg	Tablett
Lamotrigin 1A Farma	200 mg	Tablett
Lamotrigin 2care4	100 mg	Tablett
Lamotrigin 2care4	200 mg	Tablett
Lamotrigin Abacus Medicine	50 mg	Tablett
Lamotrigin Abacus Medicine	100 mg	Tablett
Lamotrigin Abacus Medicine	200 mg	Tablett
Lamotrigin Actavis	5 mg	Dispergerbar tablett
Lamotrigin Actavis	25 mg	Dispergerbar tablett
Lamotrigin Actavis	25 mg	Tablett
Lamotrigin Actavis	50 mg	Dispergerbar tablett
Lamotrigin Actavis	50 mg	Tablett
Lamotrigin Actavis	100 mg	Dispergerbar tablett
Lamotrigin Actavis	100 mg	Tablett
Lamotrigin Actavis	200 mg	Dispergerbar tablett
Lamotrigin Actavis	200 mg	Tablett
Lamotrigin Bluefish	25 mg	Tablett
Lamotrigin Bluefish	50 mg	Tablett
Lamotrigin Bluefish	100 mg	Tablett
Lamotrigin Bluefish	200 mg	Tablett
Lamotrigin Ebb	50 mg	Tablett
Lamotrigin Ebb	100 mg	Tablett
Lamotrigin Ebb	200 mg	Tablett
Lamotrigin Orifarm	100 mg	Tablett
Lamotrigin Orion	25 mg	Tablett
Lamotrigin Orion	50 mg	Tablett
Lamotrigin Orion	100 mg	Tablett
Lamotrigin Orion	200 mg	Tablett
Lamotrigin ratiopharm	25 mg	Dispergerbar tablett
Lamotrigin ratiopharm	25 mg	Tablett
Lamotrigin ratiopharm	50 mg	Dispergerbar tablett
Lamotrigin ratiopharm	50 mg	Tablett
Lamotrigin ratiopharm	100 mg	Dispergerbar tablett
Lamotrigin ratiopharm	100 mg	Tablett
Lamotrigin ratiopharm	200 mg	Dispergerbar tablett
Lamotrigin ratiopharm	200 mg	Tablett
Lamotrigin Teva	100 mg	Tablett
Lamotrigin Teva	200 mg	Tablett
Lamzede	10 mg	Pulver till infusionsvätska, lösning
Lanreotid SUN	120 mg	Injektionsvätska, lösning i förfylld spruta
Lanreotide Orifarm	120 mg	Injektionsvätska, lösning i förfylld spruta
Lansoprazol Abacus Medicine	30 mg	Munsönderfallande tablett
Lansoprazol Krka	15 mg	Enterokapsel, hård
Lansoprazol Krka	30 mg	Enterokapsel, hård
Lansoprazol Medical Valley	15 mg	Enterokapsel, hård
Lansoprazol Medical Valley	30 mg	Enterokapsel, hård
Lansoprazol SUN	15 mg	Munsönderfallande tablett
Lansoprazol SUN	30 mg	Munsönderfallande tablett
Lansoprazol Teva	30 mg	Munsönderfallande tablett
Lansoprazol Viatris	15 mg	Munsönderfallande tablett
Lansoprazol Viatris	30 mg	Munsönderfallande tablett
Lanthanum Viatris	500 mg	Tuggtablett
Lanthanum Viatris	750 mg	Tuggtablett
Lanthanum Viatris	1000 mg	Tuggtablett
Lantus	100 enheter/ml	Injektionsvätska, lösning
Lantus	100 enheter/ml	Injektionsvätska, lösning i cylinderampull
Lantus (SoloStar)	100 enheter/ml	Injektionsvätska, lösning i förfylld injektionspenna
Lanvis	40 mg	Tablett
Lanzo	15 mg	Munsönderfallande tablett
Lanzo	30 mg	Munsönderfallande tablett
Lapatinib Newbury	250 mg	Filmdragerad tablett
Lariam	250 mg	Tablett
Latacomp	50 mikrogram/ml + 5 mg/ml	Ögondroppar, lösning
Latanoprost Actavis	50 mikrogram/ml	Ögondroppar, lösning
Latanoprost Ebb	50 mikrogram/ml	Ögondroppar, lösning
Latanoprost Sandoz	50 mikrogram/ml	Ögondroppar, lösning
Latanoprost STADA	50 mikrogram/ml	Ögondroppar, lösning
Latanoprost Yonsung	50 mikrogram/ml	Ögondroppar, lösning i endosbehållare
Latox	50 %/50 %	Medicinsk gas, komprimerad
Latuda	18,5 mg	Filmdragerad tablett
Latuda	37 mg	Filmdragerad tablett
Latuda	74 mg	Filmdragerad tablett
Laxabon		Pulver till oral lösning
Laxido Apelsin		Pulver till oral lösning
Laxido Junior		Pulver till oral lösning
Laximyl		Pulver till oral lösning
Laxiriva		Pulver till oral lösning i dospåse
Laxoberal	7,5 mg/ml	Orala droppar, lösning
Lazcluze	80 mg	Filmdragerad tablett
Lazcluze	240 mg	Filmdragerad tablett
Lecigon	20 mg/ml + 5 mg/ml + 20 mg/ml	Intestinal gel
Lecrolyn	40 mg/ml	Ögondroppar, lösning
Lecrolyn	40 mg/ml	Ögondroppar, lösning i endosbehållare
Lecrolyn sine	40 mg/ml	Ögondroppar, lösning
Lederspan	20 mg/ml	Injektionsvätska, suspension
Leflunomid Bluefish	10 mg	Filmdragerad tablett
Leflunomid Bluefish	20 mg	Filmdragerad tablett
Leflunomide medac	10 mg	Filmdragerad tablett
Leflunomide medac	20 mg	Filmdragerad tablett
Leflunomide Zentiva	10 mg	Filmdragerad tablett
Leflunomide Zentiva	20 mg	Filmdragerad tablett
Lenalidomid Avansor	5 mg	Kapsel, hård
Lenalidomid Avansor	10 mg	Kapsel, hård
Lenalidomid Avansor	15 mg	Kapsel, hård
Lenalidomid Avansor	20 mg	Kapsel, hård
Lenalidomid Avansor	25 mg	Kapsel, hård
Lenalidomid Medical Valley	5 mg	Kapsel, hård
Lenalidomid Medical Valley	10 mg	Kapsel, hård
Lenalidomid Medical Valley	15 mg	Kapsel, hård
Lenalidomid Medical Valley	25 mg	Kapsel, hård
Lenalidomid SUN	5 mg	Kapsel, hård
Lenalidomid SUN	10 mg	Kapsel, hård
Lenalidomid SUN	15 mg	Kapsel, hård
Lenalidomid SUN	20 mg	Kapsel, hård
Lenalidomid Zentiva	2,5 mg	Kapsel, hård
Lenalidomid Zentiva	5 mg	Kapsel, hård
Lenalidomid Zentiva	7,5 mg	Kapsel, hård
Lenalidomid Zentiva	10 mg	Kapsel, hård
Lenalidomid Zentiva	15 mg	Kapsel, hård
Lenalidomid Zentiva	20 mg	Kapsel, hård
Lenalidomid Zentiva	25 mg	Kapsel, hård
Lenalidomide Accord	2,5 mg	Kapsel, hård
Lenalidomide Accord	5 mg	Kapsel, hård
Lenalidomide Accord	7,5 mg	Kapsel, hård
Lenalidomide Accord	10 mg	Kapsel, hård
Lenalidomide Accord	15 mg	Kapsel, hård
Lenalidomide Accord	20 mg	Kapsel, hård
Lenalidomide Accord	25 mg	Kapsel, hård
Lenalidomide Glenmark	5 mg	Kapsel, hård
Lenalidomide Glenmark	10 mg	Kapsel, hård
Lenalidomide Glenmark	15 mg	Kapsel, hård
Lenalidomide Glenmark	25 mg	Kapsel, hård
Lenalidomide Grindeks	5 mg	Kapsel, hård
Lenalidomide Grindeks	10 mg	Kapsel, hård
Lenalidomide Grindeks	15 mg	Kapsel, hård
Lenalidomide Grindeks	20 mg	Kapsel, hård
Lenalidomide Grindeks	25 mg	Kapsel, hård
Lenalidomide Krka	2,5 mg	Kapsel, hård
Lenalidomide Krka	5 mg	Kapsel, hård
Lenalidomide Krka	7,5 mg	Kapsel, hård
Lenalidomide Krka	10 mg	Kapsel, hård
Lenalidomide Krka	15 mg	Kapsel, hård
Lenalidomide Krka	20 mg	Kapsel, hård
Lenalidomide Krka	25 mg	Kapsel, hård
Lenalidomide Sandoz	2,5 mg	Kapsel, hård
Lenalidomide Sandoz	5 mg	Kapsel, hård
Lenalidomide Sandoz	7,5 mg	Kapsel, hård
Lenalidomide Sandoz	10 mg	Kapsel, hård
Lenalidomide Sandoz	15 mg	Kapsel, hård
Lenalidomide Sandoz	20 mg	Kapsel, hård
Lenalidomide Sandoz	25 mg	Kapsel, hård
Lenalidomide STADA	2,5 mg	Kapsel, hård
Lenalidomide STADA	5 mg	Kapsel, hård
Lenalidomide STADA	7,5 mg	Kapsel, hård
Lenalidomide STADA	10 mg	Kapsel, hård
Lenalidomide STADA	15 mg	Kapsel, hård
Lenalidomide STADA	20 mg	Kapsel, hård
Lenalidomide STADA	25 mg	Kapsel, hård
Lenalidomide Teva	10 mg	Kapsel, hård
Lenalidomide Teva	15 mg	Kapsel, hård
Lenalidomide Teva	25 mg	Kapsel, hård
LENVIMA	4 mg	Kapsel, hård
LENVIMA	10 mg	Kapsel, hård
Lenzetto	1,53 mg/sprayning	Transdermal spray, lösning
Lepheton		Oral lösning
Leptanal	50 mikrogram/ml	Injektionsvätska, lösning
LEQEMBI	100 mg/ml	Koncentrat till infusionsvätska, lösning
Leqvio	284 mg	Injektionsvätska, lösning i förfylld spruta
Lercamed	10 mg	Filmdragerad tablett
Lercanidipine Accord	10 mg	Filmdragerad tablett
Lercanidipine Accord	20 mg	Filmdragerad tablett
Lercanidipine Bijon	10 mg	Filmdragerad tablett
Lercanidipine Bijon	20 mg	Filmdragerad tablett
Lercanidipine Orion	10 mg	Filmdragerad tablett
Lercanidipine Orion	20 mg	Filmdragerad tablett
Lergigan	1 mg/ml	Oral lösning
Lergigan	25 mg	Filmdragerad tablett
Lergigan comp.	10 mg/50 mg/10 mg	Tablett
Lergigan mite	5 mg	Filmdragerad tablett
Lerkanidipin Actavis	10 mg	Filmdragerad tablett
Lerkanidipin Actavis	20 mg	Filmdragerad tablett
Lerkanidipin Ebb	10 mg	Filmdragerad tablett
Lerkanidipin Ebb	20 mg	Filmdragerad tablett
Lerkanidipin Zentiva	10 mg	Filmdragerad tablett
Lerkanidipin Zentiva	20 mg	Filmdragerad tablett
Lesamor	80 mg/12,5 mg	Tablett
Letrozol Accord	2,5 mg	Filmdragerad tablett
Letrozol Medical Valley	2,5 mg	Filmdragerad tablett
Letrozol Omet Pharma	2,5 mg	Filmdragerad tablett
Letrozol Stada	2,5 mg	Filmdragerad tablett
Letrozol Teva	2,5 mg	Filmdragerad tablett
Letrozol Viatris	2,5 mg	Filmdragerad tablett
Letrozole Bluefish	2,5 mg	Filmdragerad tablett
Letrozole Sandoz	2,5 mg	Filmdragerad tablett
Letybo	50 enheter	Pulver till injektionsvätska, lösning
Leukeran	2 mg	Filmdragerad tablett
Leuprorelin Abacus Medicine	5 mg	Implantat
Leuprorelin Ebb	5 mg	Implantat
Leuprorelin Sandoz	5 mg	Implantat
Levaxin	25 mikrogram	Tablett
Levaxin	50 mikrogram	Tablett
Levaxin	75 mikrogram	Tablett
Levaxin	100 mikrogram	Tablett
Levaxin	125 mikrogram	Tablett
Levaxin	150 mikrogram	Tablett
Levaxin	175 mikrogram	Tablett
Levaxin	200 mikrogram	Tablett
Leverette	150 mikrogram/30 mikrogram	Filmdragerad tablett
Leverette 21	150 mikrogram/30 mikrogram	Filmdragerad tablett
Levesia	100 mikrogram/20 mikrogram	Filmdragerad tablett
Levetiracetam 1A Farma	250 mg	Filmdragerad tablett
Levetiracetam 1A Farma	500 mg	Filmdragerad tablett
Levetiracetam 1A Farma	750 mg	Filmdragerad tablett
Levetiracetam 1A Farma	1000 mg	Filmdragerad tablett
Levetiracetam 2care4	250 mg	Filmdragerad tablett
Levetiracetam 2care4	500 mg	Filmdragerad tablett
Levetiracetam 2care4	750 mg	Filmdragerad tablett
Levetiracetam 2care4	1000 mg	Filmdragerad tablett
Levetiracetam Accord	100 mg/ml	Oral lösning
Levetiracetam Accord	250 mg	Filmdragerad tablett
Levetiracetam Accord	500 mg	Filmdragerad tablett
Levetiracetam Accord	750 mg	Filmdragerad tablett
Levetiracetam Accord	1000 mg	Filmdragerad tablett
Levetiracetam Actavis	250 mg	Filmdragerad tablett
Levetiracetam Actavis	500 mg	Filmdragerad tablett
Levetiracetam Actavis	750 mg	Filmdragerad tablett
Levetiracetam Actavis	1000 mg	Filmdragerad tablett
Levetiracetam Actavis Group	100 mg/ml	Oral lösning
Levetiracetam Ebb	500 mg	Filmdragerad tablett
Levetiracetam Hospira	100 mg/ml	Koncentrat till infusionsvätska, lösning
Levetiracetam Orifarm	250 mg	Filmdragerad tablett
Levetiracetam Orifarm	750 mg	Filmdragerad tablett
Levetiracetam Orion	250 mg	Filmdragerad tablett
Levetiracetam Orion	500 mg	Filmdragerad tablett
Levetiracetam Orion	750 mg	Filmdragerad tablett
Levetiracetam Orion	1000 mg	Filmdragerad tablett
Levetiracetam STADA	100 mg/ml	Oral lösning
Levetiracetam Stragen	5 mg/ml	Infusionsvätska, lösning
Levetiracetam Stragen	10 mg/ml	Infusionsvätska, lösning
Levetiracetam SUN	100 mg/ml	Koncentrat till infusionsvätska, lösning
Levetiracetam Teva	500 mg	Filmdragerad tablett
Levetiracetam Teva	1000 mg	Filmdragerad tablett
Levitra	20 mg	Filmdragerad tablett
Levobupivacaine Molteni	2,5 mg/ml	Injektions-/infusionsvätska, lösning
Levobupivacaine Molteni	5 mg/ml	Injektions-/infusionsvätska, lösning
Levocar	200 mg/50 mg	Depottablett
Levodonna	1,5 mg	Tablett
Levodopa/Benserazid ratiopharm	100 mg/25 mg	Tablett
Levodopa/Benserazide Orifarm	100 mg/25 mg	Tablett
Levodopa/Carbidopa/Entacapone G.L. Pharma	50 mg/12,5 mg/200 mg	Filmdragerad tablett
Levodopa/Carbidopa/Entacapone G.L. Pharma	100 mg/25 mg/200 mg	Filmdragerad tablett
Levodopa/Carbidopa/Entacapone G.L. Pharma	125 mg/31,25 mg/200 mg	Filmdragerad tablett
Levodopa/Carbidopa/Entacapone G.L. Pharma	150 mg/37,5 mg/200 mg	Filmdragerad tablett
Levodopa/Carbidopa/Entacapone G.L. Pharma	175 mg/43,75 mg/200 mg	Filmdragerad tablett
Levodopa/Carbidopa/Entacapone Holsten	50 mg/12,5 mg/200 mg	Filmdragerad tablett
Levodopa/Carbidopa/Entacapone Holsten	75 mg/18,75 mg/200 mg	Filmdragerad tablett
Levodopa/Carbidopa/Entacapone Holsten	100 mg/25 mg/200 mg	Filmdragerad tablett
Levodopa/Carbidopa/Entacapone Holsten	125 mg/31,25 mg/200 mg	Filmdragerad tablett
Levodopa/Carbidopa/Entacapone Holsten	150 mg/37,5 mg/200 mg	Filmdragerad tablett
Levodopa/Carbidopa/Entacapone Holsten	200 mg/50 mg/200 mg	Filmdragerad tablett
Levodopa/Carbidopa/Entacapone Orion	50 mg/12,5 mg/200 mg	Filmdragerad tablett
Levodopa/Carbidopa/Entacapone Orion	75 mg/18,75 mg/200 mg	Filmdragerad tablett
Levodopa/Carbidopa/Entacapone Orion	100 mg/25 mg/200 mg	Filmdragerad tablett
Levodopa/Carbidopa/Entacapone Orion	125 mg/31,25 mg/200 mg	Filmdragerad tablett
Levodopa/Carbidopa/Entacapone Orion	150 mg/37,5 mg/200 mg	Filmdragerad tablett
Levodopa/Carbidopa/Entacapone Orion	175 mg/43,75 mg/200 mg	Filmdragerad tablett
Levodopa/Carbidopa/Entacapone Orion	200 mg/50 mg/200 mg	Filmdragerad tablett
Levofloxacin Actavis	5 mg/ml	Ögondroppar, lösning
Levofloxacin Krka	250 mg	Filmdragerad tablett
Levofloxacin Krka	500 mg	Filmdragerad tablett
Levofloxacin Orion	500 mg	Filmdragerad tablett
Levofloxacin Viatris	500 mg	Filmdragerad tablett
Levomepromazine Orion	25 mg	Tablett
Levomepromazine Orion	100 mg	Tablett
Levonicopto	5 mg/ml	Ögondroppar, lösning i endosbehållare
Levonorgestrel ABECE	1,5 mg	Tablett
Levonorgestrel Apofri	1,5 mg	Tablett
Levonorgestrel/Etinylestradiol Ebb	0,15 mg/0,03 mg	Filmdragerad tablett
Levopidon	5 mg	Oral lösning i endosbehållare
Levopidon	10 mg	Oral lösning i endosbehållare
Levopidon	15 mg	Oral lösning i endosbehållare
Levopidon	20 mg	Oral lösning i endosbehållare
Levopidon	25 mg	Oral lösning i endosbehållare
Levopidon	30 mg	Oral lösning i endosbehållare
Levopidon	35 mg	Oral lösning i endosbehållare
Levopidon	40 mg	Oral lösning i endosbehållare
Levopidon	45 mg	Oral lösning i endosbehållare
Levopidon	50 mg	Oral lösning i endosbehållare
Levopidon	55 mg	Oral lösning i endosbehållare
Levopidon	60 mg	Oral lösning i endosbehållare
Levopidon	65 mg	Oral lösning i endosbehållare
Levopidon	70 mg	Oral lösning i endosbehållare
Levopidon	75 mg	Oral lösning i endosbehållare
Levosertone	20 mikrogram/24 timmar	Intrauterint inlägg
Levosimendan Bioglan	2,5 mg/ml	Koncentrat till infusionsvätska, lösning
Levosimendan Carinopharm	12,5 mg	Pulver till koncentrat till infusionsvätska, lösning
Levosimendan EQL Pharma	2,5 mg/ml	Koncentrat till infusionsvätska, lösning
Levosimendan Fresenius Kabi	2,5 mg/ml	Koncentrat till infusionsvätska, lösning
Levosimendan Kalceks	2,5 mg/ml	Koncentrat till infusionsvätska, lösning
Levosimendan Tillomed	2,5 mg/ml	Koncentrat till infusionsvätska, lösning
Levosimendan Waymade	2,5 mg/ml	Koncentrat till infusionsvätska, lösning
Levothyroxine SERB	200 mikrogram/ml	Injektions-/infusionsvätska, lösning
Lhp	1 %	Kräm
LIBTAYO	350 mg	Koncentrat till infusionsvätska, lösning
Lidocaine Accord	10 mg/ml	Injektionsvätska, lösning
Lidokain Aguettant	10 mg/ml	Injektionsvätska, lösning i förfylld spruta
Lidokain Aguettant	20 mg/ml	Injektionsvätska, lösning i förfylld spruta
Lidokain Viatris	10 mg/ml	Injektionsvätska, lösning
Lidokain Viatris	20 mg/ml	Injektionsvätska, lösning
Lidokain-Fluorescein Bausch & Lomb	4 % + 0,25 %	Ögondroppar, lösning i endosbehållare
Lidokain/Adrenalin Aguettant	10 mg/ml + 5 mikrogram/ml	Injektionsvätska, lösning
Lidokain/Adrenalin Aguettant	20 mg/ml + 5 mikrogram/ml	Injektionsvätska, lösning
Lidokain/Prilokain Ebb	25 mg/g + 25 mg/g	Kräm
Linatil comp	20 mg/12,5 mg	Tablett
Linatil comp mite	20 mg/6 mg	Tablett
Lindoxa	10 mg/ml	Injektions-/infusionsvätska, lösning
Linezolid Accord	2 mg/ml	Infusionsvätska, lösning
Linezolid Accord	600 mg	Filmdragerad tablett
Linezolid Glenmark	600 mg	Filmdragerad tablett
Linezolid Krka	600 mg	Filmdragerad tablett
Linezolid Sandoz	600 mg	Filmdragerad tablett
Linezolid Teva	600 mg	Filmdragerad tablett
Lionova	0,5 mg/ml	Injektions-/infusionsvätska, lösning
Lionova	2 mg/ml	Injektions-/infusionsvätska, lösning
Lioresal	0,5 mg/ml	Injektions-/infusionsvätska, lösning
Lioresal	50 mikrogram/ml	Injektions-/infusionsvätska, lösning
Liothyronin	20 mikrogram	Tablett
Lipanthyl	200 mg	Kapsel, hård
Lipistad	10 mg	Filmdragerad tablett
Lipistad	20 mg	Filmdragerad tablett
Lipistad	40 mg	Filmdragerad tablett
Lipistad	80 mg	Filmdragerad tablett
Lipitor	10 mg	Filmdragerad tablett
Lipitor	10 mg	Tuggtablett
Lipitor	20 mg	Filmdragerad tablett
Lipitor	20 mg	Tuggtablett
Lipitor	40 mg	Filmdragerad tablett
Lipitor	80 mg	Filmdragerad tablett
Liraglutid Zentiva	6 mg/ml	Injektionsvätska, lösning i förfylld injektionspenna
Lisinopril Abacus Medicine	20 mg	Tablett
Lisinopril Actavis	10 mg	Tablett
Lisinopril Actavis	20 mg	Tablett
Lisinopril Ebb	5 mg	Tablett
Lisinopril Ebb	10 mg	Tablett
Lisinopril Ebb	20 mg	Tablett
Lisinopril STADA	5 mg	Tablett
Lisinopril STADA	10 mg	Tablett
Lisinopril STADA	20 mg	Tablett
Lisinopril/Hydroklortiazid Actavis	10 mg/12,5 mg	Tablett
Lisinopril/Hydroklortiazid STADA	10 mg/12,5 mg	Tablett
Litak	2 mg/ml	Injektionsvätska, lösning
Litfulo	50 mg	Kapsel, hård
Lithionit	42 mg (6 mmol)	Depottablett
Lithionit	83 mg (12 mmol)	Depottablett
Litiumklorid Lidco	0,15 mmol/ml	Injektionsvätska, lösning
Livial	2,5 mg	Tablett
Livicort	32 mikrogram/dos	Nässpray, suspension
Livopan	50 %/50 %	Medicinsk gas, komprimerad
Livostin	0,5 mg/ml	Ögondroppar, suspension
Livostin	50 mikrogram/dos	Nässpray, suspension
LIVTENCITY	200 mg	Filmdragerad tablett
Lixiana	15 mg	Filmdragerad tablett
Lixiana	30 mg	Filmdragerad tablett
Lixiana	60 mg	Filmdragerad tablett
Locacorten-Vioform	0,2 mg/ml + 10 mg/ml	Örondroppar, lösning
Locametz	25 mikrogram	Beredningssats för radioaktivt läkemedel
Loceryl	5 %	Medicinskt nagellack
Locobase LPL	200 mg/g+45 mg/g	Kräm
Locoid	0,1 %	Kräm
Locoid	0,1 %	Kutan lösning
Locoid	0,1 %	Salva
Locoid Crelo	0,1 %	Kutan emulsion
Locoid Lipid	0,1 %	Kräm
Logimat forte	10 mg/100 mg	Depottablett
Logimax	5 mg/50 mg	Depottablett
Logimax forte	10 mg/100 mg	Depottablett
Lojuxta	5 mg	Kapsel, hård
Lojuxta	10 mg	Kapsel, hård
Lojuxta	20 mg	Kapsel, hård
Lokelma	5 g	Pulver till oral suspension
Lokelma	10 g	Pulver till oral suspension
Lomudal	20 mg/ml	Ögondroppar, lösning
Lomudal	40 mg/ml	Ögondroppar, lösning i endosbehållare
Lomudal G.I.	20 mg/ml	Oral lösning
Lomustine Medac	40 mg	Kapsel, hård
Lonquex	6 mg	Injektionsvätska, lösning i förfylld spruta
Lonsurf	15 mg/ 6,14 mg	Filmdragerad tablett
Lonsurf	20 mg/ 8,19 mg	Filmdragerad tablett
Lopacut	2 mg	Filmdragerad tablett
Loperamid ABECE	2 mg	Tablett
Loperamid Apofri	2 mg	Tablett
Loperamid Brown	2 mg	Kapsel, hård
Loperamid NET	2 mg	Tablett
Loperamid Viatris	2 mg	Kapsel, hård
Loperamide Grindeks	2 mg	Kapsel, hård
Loperamide Medical Valley	2 mg	Tablett
Lopinavir/Ritonavir Viatris	200 mg/50 mg	Filmdragerad tablett
LOQTORZI	240 mg	Koncentrat till infusionsvätska, lösning
Loratadin ABECE	10 mg	Tablett
Loratadin Apofri	10 mg	Tablett
Loratadin HEXAL	10 mg	Tablett
Loratadin Holsten	10 mg	Tablett
Loratadin Orifarm	10 mg	Tablett
Loratadin Punkt	10 mg	Tablett
Loratadin ratiopharm	10 mg	Tablett
Loratadine Accord	10 mg	Tablett
Lorazepam Macure	4 mg/ml	Injektionsvätska, lösning
Lorazepam Orion	1 mg	Tablett
Loritax	2 mg	Frystorkad tablett
Lorviqua	25 mg	Filmdragerad tablett
Lorviqua	100 mg	Filmdragerad tablett
Losarstad Comp	100 mg/12,5 mg	Filmdragerad tablett
Losartan Krka	12,5 mg	Filmdragerad tablett
Losartan Krka	50 mg	Filmdragerad tablett
Losartan Krka	100 mg	Filmdragerad tablett
Losartan Medical Valley	12,5 mg	Filmdragerad tablett
Losartan Medical Valley	50 mg	Filmdragerad tablett
Losartan Medical Valley	100 mg	Filmdragerad tablett
Losartan Sandoz	50 mg	Filmdragerad tablett
Losartan Sandoz	100 mg	Filmdragerad tablett
Losartan STADA	12,5 mg	Filmdragerad tablett
Losartan STADA	50 mg	Filmdragerad tablett
Losartan STADA	100 mg	Filmdragerad tablett
Losartan Teva	12,5 mg	Filmdragerad tablett
Losartan Teva	50 mg	Filmdragerad tablett
Losartan Teva	100 mg	Filmdragerad tablett
Losartan Viatris	12,5 mg	Filmdragerad tablett
Losartan Viatris	50 mg	Filmdragerad tablett
Losartan Viatris	100 mg	Filmdragerad tablett
Losartan/Hydrochlorothiazide Krka	50 mg/12,5 mg	Filmdragerad tablett
Losartan/Hydrochlorothiazide Krka	100 mg/12,5 mg	Filmdragerad tablett
Losartan/Hydrochlorothiazide Krka	100 mg/25 mg	Filmdragerad tablett
Losartan/Hydrochlorothiazide Medical Valley	50 mg/12,5 mg	Filmdragerad tablett
Losartan/Hydrochlorothiazide Medical Valley	100 mg/12,5 mg	Filmdragerad tablett
Losartan/Hydrochlorothiazide Medical Valley	100 mg/25 mg	Filmdragerad tablett
Losartan/Hydrochlorothiazide Sandoz	100 mg/12,5 mg	Filmdragerad tablett
Losartan/Hydrochlorothiazide STADA	50 mg/12,5 mg	Filmdragerad tablett
Losartan/Hydrochlorothiazide STADA	100 mg/25 mg	Filmdragerad tablett
Losartan/Hydrochlorothiazide Teva	50 mg/12,5 mg	Filmdragerad tablett
Losartan/Hydrochlorothiazide Teva	100 mg/12,5 mg	Filmdragerad tablett
Losartan/Hydrochlorothiazide Teva	100 mg/25 mg	Filmdragerad tablett
Losec	10 mg	Enterotablett
Losec	20 mg	Enterotablett
Loxentia	20 mg	Enterokapsel, hård
Loxentia	40 mg	Enterokapsel, hård
Lucentis	10 mg/ml	Injektionsvätska, lösning
Lucentis	10 mg/ml	Injektionsvätska, lösning i förfylld spruta
LUMIGAN	0,1 mg/ml	Ögondroppar, lösning
LUMIGAN	0,3 mg/ml	Ögondroppar, lösning
LUMIGAN	0,3 mg/ml	Ögondroppar, lösning i endosbehållare
Lumobry	0,25 mg/ml	Ögondroppar, lösning
LUMYKRAS	120 mg	Filmdragerad tablett
LUMYKRAS	240 mg	Filmdragerad tablett
Lung test gas CO/He Linde	0,28 %, 9,3 %	Medicinsk gas, komprimerad
Lunixen		Filmdragerad tablett
Lunploro	0,3 %/0,3 %/0,3 %	Medicinsk gas, komprimerad
Lunsumio	1 mg	Koncentrat till infusionsvätska, lösning
Lunsumio	5 mg	Injektionsvätska, lösning
Lunsumio	30 mg	Koncentrat till infusionsvätska, lösning
Lunsumio	45 mg	Injektionsvätska, lösning
Lupkynis	7,9 mg	Kapsel, mjuk
Lurasidon G.L. Pharma	18,5 mg	Filmdragerad tablett
Lurasidon G.L. Pharma	37 mg	Filmdragerad tablett
Lurasidon G.L. Pharma	74 mg	Filmdragerad tablett
Lurasidone Accord	18,5 mg	Filmdragerad tablett
Lurasidone Accord	37 mg	Filmdragerad tablett
Lurasidone Accord	74 mg	Filmdragerad tablett
Lurasidone Orifarm	18,5 mg	Filmdragerad tablett
Lurasidone Orifarm	37 mg	Filmdragerad tablett
Lurasidone Orifarm	74 mg	Filmdragerad tablett
Lutathera	370 MBq/ml	Infusionsvätska, lösning
Lutinus	100 mg	Vaginaltablett
Lutonaze	125 mikrogram + 50 mikrogram/sprayning	Nässpray, suspension
Luxturna		Koncentrat till injektionsvätska, lösning
Lyfnua	45 mg	Filmdragerad tablett
Lymecycline Actavis	300 mg	Kapsel, hård
Lymecyklin Abacus Medicine	300 mg	Kapsel, hård
Lyngonia		Filmdragerad tablett
Lynkuet	60 mg	Kapsel, mjuk
Lynparza	100 mg	Filmdragerad tablett
Lynparza	150 mg	Filmdragerad tablett
LYRICA	20 mg/ml	Oral lösning
LYRICA	25 mg	Kapsel, hård
LYRICA	50 mg	Kapsel, hård
LYRICA	75 mg	Kapsel, hård
LYRICA	100 mg	Kapsel, hård
LYRICA	150 mg	Kapsel, hård
LYRICA	225 mg	Kapsel, hård
LYRICA	300 mg	Kapsel, hård
Lysodren	500 mg	Tablett
Lyvdelzi	10 mg	Kapsel, hård
M-M-RVAXPRO		Pulver och vätska till injektionsvätska, suspension i förfylld spruta
Mabthera	100 mg	Koncentrat till infusionsvätska, lösning
Mabthera	500 mg	Koncentrat till infusionsvätska, lösning
MabThera	1400 mg	Injektionsvätska, lösning
MabThera	1600 mg	Injektionsvätska, lösning
Macrovic		Pulver till oral lösning
Madopar	100 mg/25 mg	Tablett
Madopar Depot	100 mg/25 mg	Depotkapsel, hård
Madopar Quick	100 mg/25 mg	Dispergerbar tablett
Madopark	100 mg/25 mg	Tablett
Madopark Depot	100 mg/25 mg	Depotkapsel, hård
Madopark Quick	100 mg/25 mg	Dispergerbar tablett
Madopark Quick mite	50 mg/12,5 mg	Dispergerbar tablett
Magnesium EQL Pharma	250 mg	Tablett
Magnesium Evolan	250 mg	Tablett
Malarone	250 mg/100 mg	Filmdragerad tablett
Malarone Junior	62,5 mg/ 25 mg	Filmdragerad tablett
Malastad	250 mg/100 mg	Filmdragerad tablett
Maltofer	2,5 mg/droppe	Orala droppar, lösning
Maltofer	100 mg	Tuggtablett
Mannitol Baxter Viaflo	150 mg/ml	Infusionsvätska, lösning
Marbodin	10 mg	Filmdragerad tablett
Marbodin	20 mg	Filmdragerad tablett
Marcain	2,5 mg/ml	Injektionsvätska, lösning
Marcain	5 mg/ml	Injektionsvätska, lösning
Marcain adrenalin	2,5 mg/ml + 5 mikrogram/ml	Injektionsvätska, lösning
Marcain adrenalin	5 mg/ml + 5 mikrogram/ml	Injektionsvätska, lösning
Marcain spinal	5 mg/ml	Injektionsvätska, lösning
Marcain spinal tung	5 mg/ml	Injektionsvätska, lösning
Marozid	50 mg/12,5 mg	Filmdragerad tablett
Marozid	100 mg/25 mg	Filmdragerad tablett
Matriban	75 mikrogram/timme	Depotplåster
Matrifen	12 mikrogram/timme	Depotplåster
Matrifen	25 mikrogram/timme	Depotplåster
Matrifen	50 mikrogram/timme	Depotplåster
Matrifen	75 mikrogram/timme	Depotplåster
Matrifen	100 mikrogram/timme	Depotplåster
MAVENCLAD	10 mg	Tablett
Maviret	50 mg/20 mg	Dragerat granulat i dospåse
Maviret	100 mg/40 mg	Filmdragerad tablett
Maxalt	5 mg	Tablett
Maxalt	10 mg	Tablett
Maxalt Rapitab	5 mg	Frystorkad tablett
Maxalt Rapitab	10 mg	Frystorkad tablett
Mayzent	0,25 mg	Filmdragerad tablett
Mayzent	1 mg	Filmdragerad tablett
Mayzent	2 mg	Filmdragerad tablett
Mecastrin	2 mg	Depottablett
Medanef	10 mg	Tablett
Medicinsk Luft Air Liquide	100 %	Medicinsk gas, komprimerad
Medicinsk luft Nippon Gases Scandinavia	100 %	Medicinsk gas, komprimerad
Medicinsk luft Strandmollen	100 %	Medicinsk gas, komprimerad
Medicinsk Lustgas Air Liquide	100 %	Medicinsk gas, flytande
Medicinsk lustgas Nippon Gases Scandinavia	100 %	Medicinsk gas, flytande
Medicinsk Lustgas Strandmollen	100 %	Medicinsk gas, flytande
Medicinsk Oxygen Air Liquide	100 %	Medicinsk gas, komprimerad
Medicinsk oxygen Nippon Gases Scandinavia	100 %	Medicinsk gas, komprimerad
Medicinsk Oxygen Strandmollen	100 %	Medicinsk gas, komprimerad
Medikinet	5 mg	Kapsel med modifierad frisättning, hård
Medikinet	5 mg	Tablett
Medikinet	10 mg	Kapsel med modifierad frisättning, hård
Medikinet	10 mg	Tablett
Medikinet	20 mg	Kapsel med modifierad frisättning, hård
Medikinet	20 mg	Tablett
Medikinet	30 mg	Kapsel med modifierad frisättning, hård
Medikinet	40 mg	Kapsel med modifierad frisättning, hård
Medikinet	50 mg	Kapsel med modifierad frisättning, hård
Medikinet	60 mg	Kapsel med modifierad frisättning, hård
Medrol	4 mg	Tablett
Medrol	16 mg	Tablett
Megace	160 mg	Tablett
Mekinist	0,5 mg	Filmdragerad tablett
Mekinist	2 mg	Filmdragerad tablett
Mekostest 36		Plåster för provokationstest
Mektovi	15 mg	Filmdragerad tablett
Mektovi	45 mg	Filmdragerad tablett
Melatan	3 mg	Tablett
Melatan	4 mg	Tablett
Melatan	5 mg	Tablett
Melatonin AGB	1 mg	Tablett
Melatonin AGB	2 mg	Tablett
Melatonin AGB	3 mg	Tablett
Melatonin AGB	4 mg	Tablett
Melatonin AGB	5 mg	Tablett
Melatonin Bluefish	2 mg	Depottablett
Melatonin Ebb	3 mg	Tablett
Melatonin Evolan	1 mg/ml	Oral lösning
Melatonin Glenmark	3 mg	Filmdragerad tablett
Melatonin OPQ Labs	2 mg	Filmdragerad tablett
Melatonin OPQ Labs	3 mg	Filmdragerad tablett
Melatonin OPQ Labs	4 mg	Filmdragerad tablett
Melatonin OPQ Labs	5 mg	Filmdragerad tablett
Melatonin Orifarm	1 mg/ml	Oral lösning
Melatonin Orifarm	3 mg	Filmdragerad tablett
Melatonin Orion Pharma	3 mg	Tablett
Melatonin Orion Pharma	5 mg	Tablett
Melatonin Unimedic Pharma	1 mg/ml	Oral lösning
Mellozzan	1 mg/ml	Oral lösning
Mellozzan	2 mg	Tablett
Mellozzan	3 mg	Tablett
Mellozzan	4 mg	Tablett
Mellozzan	5 mg	Tablett
Meloxicam Ebb	15 mg	Tablett
Melphalan Macure	50 mg	Pulver och vätska till injektions-/infusionsvätska, lösning
Memantin Medartuum	10 mg/ml	Oral lösning
Memantin STADA	10 mg/ml	Oral lösning
Memantine Accord	10 mg	Filmdragerad tablett
Memantine Accord	20 mg	Filmdragerad tablett
Memantine Sandoz	10 mg	Filmdragerad tablett
Memantine Sandoz	20 mg	Filmdragerad tablett
Memantine-Merz	5 mg + 10 mg + 15 mg + 20 mg	Filmdragerad tablett
Menisy	8 mg	Tablett
Menisy	16 mg	Tablett
Menisy	24 mg	Tablett
Menopur	600 IE	Injektionsvätska, lösning i förfylld injektionspenna
Menopur	600 IE	Pulver och vätska till injektionsvätska, lösning
Menopur	1200 IE	Injektionsvätska, lösning i förfylld injektionspenna
Menopur	1200 IE	Pulver och vätska till injektionsvätska, lösning
Mentixa	10 mg	Filmdragerad tablett
Mentixa	20 mg	Filmdragerad tablett
Menveo		Injektionsvätska, lösning
Mercilon 28		Tablett
Meriofert Set	75 IE	Pulver och vätska till injektionsvätska, lösning
Meriofert Set	150 IE	Pulver och vätska till injektionsvätska, lösning
Meronem	1 g	Pulver till injektions-/infusionsvätska, lösning
Meronem	500 mg	Pulver till injektions-/infusionsvätska, lösning
Meropenem B. Braun	1 g	Pulver och vätska till infusionsvätska, lösning
Meropenem B. Braun	500 mg	Pulver och vätska till infusionsvätska, lösning
Meropenem Bradex	1 g	Pulver till injektions-/infusionsvätska, lösning
Meropenem Bradex	500 mg	Pulver till injektions-/infusionsvätska, lösning
Meropenem Kalceks	1 g	Pulver till injektions-/infusionsvätska, lösning
Meropenem Kalceks	500 mg	Pulver till injektions-/infusionsvätska, lösning
Meropenem Qilu	1 g	Pulver till injektions-/infusionsvätska, lösning
Meropenem Qilu	500 mg	Pulver till injektions-/infusionsvätska, lösning
Meropenem STADA	1 g	Pulver till injektions-/infusionsvätska, lösning
Meropenem STADA	500 mg	Pulver till injektions-/infusionsvätska, lösning
Meropenem SUN	1 g	Pulver till injektions-/infusionsvätska, lösning
Meropenem SUN	500 mg	Pulver till injektions-/infusionsvätska, lösning
Mesalazin Orion	1 g	Suppositorium
Mesalazin Orion	500 mg	Enterotablett
Mesalazin Orion	500 mg	Suppositorium
Mesalazin Orion	1000 mg	Enterotablett
Mesalfox	1000 mg	Enterotablett
Mesavancol	1200 mg	Enterodepottablett
Mestinon	10 mg	Tablett
Mestinon	60 mg	Dragerad tablett
Metadon 2care4	5 mg	Tablett
Metadon 2care4	10 mg	Tablett
Metadon 2care4	20 mg	Tablett
Metadon Abcur	5 mg	Tablett
Metadon Abcur	10 mg	Tablett
Metadon Abcur	20 mg	Tablett
Metadon Abcur	40 mg	Tablett
Metadon DnE	1 mg/ml	Oral lösning
Metadon DnE	5 mg/ml	Oral lösning
Metadon Nordic Drugs	10 mg	Oral lösning
Metadon Nordic Drugs	15 mg	Oral lösning
Metadon Nordic Drugs	20 mg	Oral lösning
Metadon Nordic Drugs	25 mg	Oral lösning
Metadon Nordic Drugs	30 mg	Oral lösning
Metadon Nordic Drugs	35 mg	Oral lösning
Metadon Nordic Drugs	40 mg	Oral lösning
Metadon Nordic Drugs	45 mg	Oral lösning
Metadon Nordic Drugs	50 mg	Oral lösning
Metadon Nordic Drugs	55 mg	Oral lösning
Metadon Nordic Drugs	60 mg	Oral lösning
Metadon Nordic Drugs	70 mg	Oral lösning
Metadon Nordic Drugs	80 mg	Oral lösning
Metadon Nordic Drugs	90 mg	Oral lösning
Metadon Nordic Drugs	100 mg	Oral lösning
Metadon Nordic Drugs	110 mg	Oral lösning
Metadon Nordic Drugs	120 mg	Oral lösning
Metadon Nordic Drugs	130 mg	Oral lösning
Metadon Nordic Drugs	140 mg	Oral lösning
Metadon Nordic Drugs	150 mg	Oral lösning
Metadon Nordic Drugs	160 mg	Oral lösning
Metadon Nordic Drugs	170 mg	Oral lösning
Metadon Nordic Drugs	180 mg	Oral lösning
Metadon Nordic Drugs	190 mg	Oral lösning
Metadon Nordic Drugs	200 mg	Oral lösning
Metadon Viatris	10 mg/ml	Injektionsvätska, lösning
Metalyse	10 000 enheter	Pulver och vätska till injektionsvätska, lösning
Metalyse	5000 enheter	Pulver till injektionsvätska, lösning
Metex	50 mg/ml	Injektionsvätska, lösning i förfylld spruta
Metformin Accord	500 mg	Filmdragerad tablett
Metformin Accord	850 mg	Filmdragerad tablett
Metformin Accord	1000 mg	Filmdragerad tablett
Metformin Actavis	500 mg	Filmdragerad tablett
Metformin Actavis	1000 mg	Filmdragerad tablett
Metformin Aurobindo	500 mg	Filmdragerad tablett
Metformin Aurobindo	850 mg	Filmdragerad tablett
Metformin Bluefish	500 mg	Filmdragerad tablett
Metformin Bluefish	850 mg	Filmdragerad tablett
Metformin Bluefish	1000 mg	Filmdragerad tablett
Metformin EQL	500 mg	Filmdragerad tablett
Metformin Medical Valley	500 mg	Filmdragerad tablett
Metformin Medical Valley	850 mg	Filmdragerad tablett
Metformin Medical Valley	1000 mg	Filmdragerad tablett
Metformin Orifarm	500 mg	Filmdragerad tablett
Metformin Orifarm	1000 mg	Filmdragerad tablett
Metformin Sandoz	500 mg	Filmdragerad tablett
Metformin Sandoz	850 mg	Filmdragerad tablett
Metformin Sandoz	1000 mg	Filmdragerad tablett
Metformin STADA	1000 mg	Filmdragerad tablett
Metformin Teva	500 mg	Filmdragerad tablett
Metformin Teva B.V.	500 mg	Filmdragerad tablett
Metformin Teva B.V.	1000 mg	Filmdragerad tablett
Metformin Zentiva	500 mg	Filmdragerad tablett
Metformin Zentiva	850 mg	Filmdragerad tablett
Metformin Zentiva	1000 mg	Filmdragerad tablett
Methenamine hippurate EQL Pharma	1 g	Tablett
Methenamine hippurate Orion	1 g	Tablett
Methotrexate Ebewe	100 mg/ml	Koncentrat till infusionsvätska, lösning
Methotrexate Orion Pharma	2,5 mg	Tablett
Methotrexate Teva	100 mg/ml	Koncentrat till infusionsvätska, lösning
Methylphenidate Alternova	10 mg	Tablett
Methylphenidate Orifarm	10 mg	Kapsel med modifierad frisättning, hård
Methylphenidate Orifarm	20 mg	Kapsel med modifierad frisättning, hård
Methylphenidate Orifarm	30 mg	Kapsel med modifierad frisättning, hård
Methylphenidate Orifarm	40 mg	Kapsel med modifierad frisättning, hård
Methylphenidate Orifarm	60 mg	Kapsel med modifierad frisättning, hård
Methylphenidate Sandoz	18 mg	Depottablett
Methylphenidate Sandoz	36 mg	Depottablett
Methylphenidate Sandoz	54 mg	Depottablett
Methylphenidate STADA	18 mg	Depottablett
Methylphenidate STADA	20 mg	Kapsel med modifierad frisättning, hård
Methylphenidate STADA	27 mg	Depottablett
Methylphenidate STADA	30 mg	Kapsel med modifierad frisättning, hård
Methylphenidate STADA	36 mg	Depottablett
Methylphenidate STADA	40 mg	Kapsel med modifierad frisättning, hård
Methylphenidate STADA	54 mg	Depottablett
Methylphenidate STADA	60 mg	Kapsel med modifierad frisättning, hård
Methylphenidate Viatris Limited	18 mg	Depottablett
Methylphenidate Viatris Limited	27 mg	Depottablett
Methylphenidate Viatris Limited	36 mg	Depottablett
Methylphenidate Viatris Limited	54 mg	Depottablett
Methylphenidate Xiromed	18 mg	Depottablett
Methylphenidate Xiromed	54 mg	Depottablett
Methylprednisolone Bijon	16 mg	Tablett
Methylprednisolone Orion	4 mg	Tablett
Methylprednisolone Orion	16 mg	Tablett
Methylthioninium chloride Proveblue	5 mg/ml	Injektionsvätska, lösning
Metoclopramide Accord	10 mg	Tablett
Metoclopramide G.L. Pharma	5 mg/ml	Injektionsvätska, lösning
Metoclopramide Medical Valley	10 mg	Filmdragerad tablett
Metoclopramide Orion	10 mg	Filmdragerad tablett
Metoject	50 mg/ml	Injektionsvätska, lösning i förfylld spruta
Metojectpen	7,5 mg	Injektionsvätska, lösning i förfylld injektionspenna
Metojectpen	10 mg	Injektionsvätska, lösning i förfylld injektionspenna
Metojectpen	12,5 mg	Injektionsvätska, lösning i förfylld injektionspenna
Metojectpen	15 mg	Injektionsvätska, lösning i förfylld injektionspenna
Metojectpen	17,5 mg	Injektionsvätska, lösning i förfylld injektionspenna
Metojectpen	20 mg	Injektionsvätska, lösning i förfylld injektionspenna
Metojectpen	22,5 mg	Injektionsvätska, lösning i förfylld injektionspenna
Metojectpen	25 mg	Injektionsvätska, lösning i förfylld injektionspenna
Metojectpen	27,5 mg	Injektionsvätska, lösning i förfylld injektionspenna
Metojectpen	30 mg	Injektionsvätska, lösning i förfylld injektionspenna
Metolazon Abcur	5 mg	Tablett
Metomylan	50 mg	Depottablett
Metomylan	100 mg	Depottablett
Metomylan	200 mg	Depottablett
Metopirone	250 mg	Kapsel, mjuk
Metoprolol 1A Farma Retard	50 mg	Depottablett
Metoprolol 1A Farma Retard	100 mg	Depottablett
Metoprolol 1A Farma Retard	200 mg	Depottablett
Metoprolol Carinopharm	1 mg/ml	Injektionsvätska, lösning
Metoprolol Orion	25 mg	Depottablett
Metoprolol Orion	50 mg	Depottablett
Metoprolol Orion	100 mg	Depottablett
Metoprolol Orion	200 mg	Depottablett
Metoprolol Sandoz	25 mg	Depottablett
Metoprolol Sandoz	50 mg	Depottablett
Metoprolol Sandoz	100 mg	Depottablett
Metoprolol Sandoz	200 mg	Depottablett
Metoprolol Teva	25 mg	Depottablett
Metoprolol Teva	50 mg	Depottablett
Metoprolol Teva	100 mg	Depottablett
Metoprolol Teva	200 mg	Depottablett
Metotab	7,5 mg	Tablett
Metotab	10 mg	Tablett
Metotrexat Accord	25 mg/ml	Injektionsvätska, lösning
Metronidazol Actavis	500 mg	Filmdragerad tablett
Metronidazol EQL Pharma	400 mg	Filmdragerad tablett
Metronidazole Braun	5 mg/ml	Infusionsvätska, lösning
Metvix	160 mg/g	Kräm
Metylfenidat Actavis	18 mg	Depottablett
Metylfenidat Actavis	27 mg	Depottablett
Metylfenidat Actavis	36 mg	Depottablett
Metylfenidat Actavis	54 mg	Depottablett
Metylfenidat Amdipharm	10 mg	Kapsel med modifierad frisättning, hård
Metylfenidat Amdipharm	20 mg	Kapsel med modifierad frisättning, hård
Metylfenidat Amdipharm	30 mg	Kapsel med modifierad frisättning, hård
Metylfenidat Amdipharm	40 mg	Kapsel med modifierad frisättning, hård
Metylfenidat Medical Valley	18 mg	Depottablett
Metylfenidat Medical Valley	27 mg	Depottablett
Metylfenidat Medical Valley	36 mg	Depottablett
Metylfenidat Medical Valley	45 mg	Depottablett
Metylfenidat Medical Valley	54 mg	Depottablett
Metylfenidat Teva	10 mg	Kapsel med modifierad frisättning, hård
Metylfenidat Teva	20 mg	Kapsel med modifierad frisättning, hård
Metylfenidat Teva	30 mg	Kapsel med modifierad frisättning, hård
Metylfenidat Teva	40 mg	Kapsel med modifierad frisättning, hård
Metylfenidat Teva	60 mg	Kapsel med modifierad frisättning, hård
Metynor	10 mg	Kapsel med modifierad frisättning, hård
Metynor	20 mg	Kapsel med modifierad frisättning, hård
Metynor	30 mg	Kapsel med modifierad frisättning, hård
Metynor	40 mg	Kapsel med modifierad frisättning, hård
Mezavant	1200 mg	Enterodepottablett
Miacalcic	100 IE/ml	Injektions-/infusionsvätska, lösning
Mianserin 2care4	30 mg	Filmdragerad tablett
Mianserin Ebb	30 mg	Filmdragerad tablett
Mianserin Ebb	60 mg	Filmdragerad tablett
Mianserin Viatris	10 mg	Filmdragerad tablett
Mianserin Viatris	30 mg	Filmdragerad tablett
Mianserin Viatris	60 mg	Filmdragerad tablett
Micafungin Bioglan	50 mg	Pulver till koncentrat till infusionsvätska, lösning
Micafungin Bioglan	100 mg	Pulver till koncentrat till infusionsvätska, lösning
Micafungin Viatris	50 mg	Pulver till koncentrat till infusionsvätska, lösning
Micafungin Viatris	100 mg	Pulver till koncentrat till infusionsvätska, lösning
Micardis	40 mg	Tablett
Micardis	80 mg	Tablett
MicardisPlus	80 mg/25 mg	Tablett
Microcid	1 %	Kräm
Microlax		Rektallösning
Midazolam Accord	5 mg/ml	Injektions-/infusionsvätska, lösning
Midazolam Accordpharma	1 mg/ml	Injektions- / infusionsvätska, lösning i förfylld spruta
Midazolam hameln	1 mg/ml	Injektions-/infusionsvätska, lösning
Midazolam hameln	5 mg/ml	Injektions-/infusionsvätska, lösning
Midazolam Kalceks	1 mg/ml	Injektions-/infusionsvätska, lösning
Midazolam Kalceks	5 mg/ml	Injektions-/infusionsvätska, lösning
Midazolam Medical Valley	2,5 mg	Munhålelösning
Midazolam Medical Valley	5 mg	Munhålelösning
Midazolam Medical Valley	7,5 mg	Munhålelösning
Midazolam Medical Valley	10 mg	Munhålelösning
Midazolam Panpharma	1 mg/ml	Injektionsvätska, lösning
Midazolam Panpharma	5 mg/ml	Injektionsvätska, lösning
Midodrin Abacus Medicine	2,5 mg	Tablett
Midodrin Ebb	2,5 mg	Tablett
Midodrin Evolan	5 mg	Tablett
Midodrin Zentiva	2,5 mg	Tablett
Midodrin Zentiva	5 mg	Tablett
Midodrine Tillomed	2,5 mg	Tablett
Midodrine Tillomed	5 mg	Tablett
Mifegyne	200 mg	Tablett
Miglustat Bluefish	100 mg	Kapsel, hård
Miglustat Dipharma	100 mg	Kapsel, hård
Miglustat Gen. Orph	100 mg	Kapsel, hård
Mikafungin Teva	100 mg	Pulver till koncentrat till infusionsvätska, lösning
Mildison Lipid	1 %	Kräm
Milrinon Carinopharm	1 mg/ml	Injektions-/infusionsvätska, lösning
Milrinon Stragen	1 mg/ml	Koncentrat till infusionsvätska, lösning
Mini-Pe	0,35 mg	Tablett
Miniderm	20 %	Kräm
Miniderm	20 %	Kutan emulsion
Miniderm Duo	20 mg/g + 200 mg/g	Kräm
Minifom	100 mg/ml	Orala droppar, emulsion
Minirin	0,1 mg/ml	Nässpray, lösning
Minirin	4 mikrogram/ml	Injektionsvätska, lösning
Minirin	60 mikrogram	Frystorkad tablett
Minirin	120 mikrogram	Frystorkad tablett
Minirin	240 mikrogram	Frystorkad tablett
MINJUVI	200 mg	Pulver till koncentrat till infusionsvätska, lösning
Minoxidil ABECE	20 mg/ml	Kutan lösning
Minoxidil ABECE Forte	50 mg/ml	Kutan lösning
Minoxidil Apofri	20 mg/ml	Kutan lösning
Minoxidil Apofri Forte	50 mg/ml	Kutan lösning
Minoxidil NET	20 mg/ml	Kutan lösning
Minoxidil NET Forte	50 mg/ml	Kutan lösning
Minoxidil Orifarm	20 mg/ml	Kutan lösning
Minoxidil Orifarm	50 mg/g	Kutant skum
Minoxidil Orifarm Forte	50 mg/ml	Kutan lösning
Minprostin	1 mg	Vaginalgel
Minprostin	2 mg	Vaginalgel
Miochol-E	10 mg/ml	Pulver och vätska till instillationsvätska, lösning för intraokulär användning
Mirapexin	0,7 mg	Tablett
Mirapexin	0,18 mg	Tablett
MIRAPEXIN	0,26 mg	Depottablett
MIRAPEXIN	2,1 mg	Depottablett
Mirena	20 mikrogram/24 timmar	Intrauterint inlägg
Mirtazapin 2care4	15 mg	Munsönderfallande tablett
Mirtazapin 2care4	45 mg	Filmdragerad tablett
Mirtazapin Abacus Medicine	15 mg	Munsönderfallande tablett
Mirtazapin Abacus Medicine	45 mg	Filmdragerad tablett
Mirtazapin Actavis	15 mg	Filmdragerad tablett
Mirtazapin Actavis	15 mg	Munsönderfallande tablett
Mirtazapin Actavis	30 mg	Filmdragerad tablett
Mirtazapin Actavis	30 mg	Munsönderfallande tablett
Mirtazapin Actavis	45 mg	Filmdragerad tablett
Mirtazapin Actavis	45 mg	Munsönderfallande tablett
Mirtazapin Alternova	15 mg	Filmdragerad tablett
Mirtazapin Bluefish	15 mg	Munsönderfallande tablett
Mirtazapin Bluefish	30 mg	Munsönderfallande tablett
Mirtazapin Bluefish	45 mg	Munsönderfallande tablett
Mirtazapin Ebb	15 mg	Munsönderfallande tablett
Mirtazapin Ebb	45 mg	Filmdragerad tablett
Mirtazapin Hexal	30 mg	Filmdragerad tablett
Mirtazapin Hexal	45 mg	Filmdragerad tablett
Mirtazapin Krka	15 mg	Filmdragerad tablett
Mirtazapin Krka	30 mg	Filmdragerad tablett
Mirtazapin Krka	45 mg	Filmdragerad tablett
Mirtazapin Orion	15 mg	Filmdragerad tablett
Mirtazapin Orion	15 mg	Munsönderfallande tablett
Mirtazapin Orion	30 mg	Filmdragerad tablett
Mirtazapin Orion	30 mg	Munsönderfallande tablett
Mirtazapin Orion	45 mg	Filmdragerad tablett
Mirtazapin Orion	45 mg	Munsönderfallande tablett
Mirtazapin Sandoz	15 mg	Filmdragerad tablett
Mirtazapin Sandoz	30 mg	Filmdragerad tablett
Mirtazapin Sandoz	45 mg	Filmdragerad tablett
Mirtazapine Bluefish	15 mg	Filmdragerad tablett
Mirtazapine Bluefish	30 mg	Filmdragerad tablett
Mirtazapine Bluefish	45 mg	Filmdragerad tablett
Mirtin	15 mg	Munsönderfallande tablett
Mirtin	30 mg	Munsönderfallande tablett
Mirtin	45 mg	Munsönderfallande tablett
MIRVASO	3 mg/g	Gel
Mitforgen	850 mg	Filmdragerad tablett
Mitforgen	1000 mg	Filmdragerad tablett
Mitomycin medac	40 mg	Pulver och vätska till intravesikal lösning
Mitomycin Substipharm	20 mg	Pulver och vätska till intravesikal lösning
Mitoxantron Ebewe	2 mg/ml	Koncentrat till infusionsvätska, lösning
Modafinil Orifarm	100 mg	Tablett
Modafinil Orion	100 mg	Tablett
Modafinil Sandoz	100 mg	Tablett
Modigraf	0,2 mg	Granulat till oral suspension
Modigraf	1 mg	Granulat till oral suspension
Mollipect	0,5 mg/ml + 1 mg/ml	Oral lösning
Mollisupradin	0,5 mg/ml + 1 mg/ml	Oral lösning
Momenex	50 mikrogram/dos	Nässpray, suspension
Mometason ABECE	50 mikrogram/dos	Nässpray, suspension
Mometason Apofri	50 mikrogram/dos	Nässpray, suspension
Mometason Ebb	50 mikrogram/dos	Nässpray, suspension
Mometason Glenmark	1 mg/g	Kräm
Mometason Glenmark	1 mg/g	Salva
Mometason Orion	50 mikrogram/dos	Nässpray, suspension
Mometasone Teva	1 mg/g	Kräm
Mometasone Teva	1 mg/g	Salva
Mometasone Teva	50 mikrogram/dos	Nässpray, suspension
Mommox	50 mikrogram/dos	Nässpray, suspension
MonoFer	100 mg/ml	Injektions-/infusionsvätska, lösning
Monoket OD	25 mg	Depotkapsel, hård
Monoket OD	50 mg	Depotkapsel, hård
Monoket OD	100 mg	Depotkapsel, hård
Monoprost	50 mikrogram/ml	Ögondroppar, lösning i endosbehållare
Montelukast Abacus Medicine	4 mg	Granulat
Montelukast Accord	4 mg	Tuggtablett
Montelukast Accord	5 mg	Tuggtablett
Montelukast Accord	10 mg	Filmdragerad tablett
Montelukast Amarox	10 mg	Filmdragerad tablett
Montelukast Ebb	4 mg	Granulat
Montelukast Krka	4 mg	Tuggtablett
Montelukast Krka	5 mg	Tuggtablett
Montelukast Krka	10 mg	Filmdragerad tablett
Montelukast Sandoz	4 mg	Granulat
Montelukast Sandoz	4 mg	Tuggtablett
Montelukast Sandoz	5 mg	Tuggtablett
Montelukast Sandoz	10 mg	Filmdragerad tablett
Montelukast STADA	4 mg	Tuggtablett
Montelukast STADA	5 mg	Tuggtablett
Montelukast STADA	10 mg	Filmdragerad tablett
Montelukast Teva	4 mg	Granulat
Montelukast Teva	10 mg	Filmdragerad tablett
Montelukast Viatris	10 mg	Filmdragerad tablett
Morfin Abcur	10 mg/ml	Injektionsvätska, lösning
Morfin Alternova	5 mg	Tablett
Morfin Alternova	10 mg	Tablett
Morfin Alternova	20 mg	Tablett
Morfin Kalceks	10 mg/ml	Injektionsvätska, lösning
Morfin Viatris	2 mg/ml	Oral lösning
Morfin Viatris	5 mg/ml	Oral lösning
Morphine Unimedic	1 mg/ml	Injektionsvätska, lösning
Mounjaro	2,5 mg	Injektionsvätska, lösning
Mounjaro	5 mg	Injektionsvätska, lösning
Mounjaro	7,5 mg	Injektionsvätska, lösning
Mounjaro	10 mg	Injektionsvätska, lösning
Mounjaro	12,5 mg	Injektionsvätska, lösning
Mounjaro	15 mg	Injektionsvätska, lösning
Mounjaro KwikPen	2,5 mg/dos	Injektionsvätska, lösning i förfylld injektionspenna
Mounjaro KwikPen	5 mg/dos	Injektionsvätska, lösning i förfylld injektionspenna
Mounjaro KwikPen	7,5 mg/dos	Injektionsvätska, lösning i förfylld injektionspenna
Mounjaro KwikPen	10 mg/dos	Injektionsvätska, lösning i förfylld injektionspenna
Mounjaro KwikPen	12,5 mg/dos	Injektionsvätska, lösning i förfylld injektionspenna
Mounjaro KwikPen	15 mg/dos	Injektionsvätska, lösning i förfylld injektionspenna
Moventig	12,5 mg	Filmdragerad tablett
Moventig	25 mg	Filmdragerad tablett
Movicol		Oral lösning i dospåse
Movicol		Pulver till oral lösning i dospåse
Movicol Junior Neutral		Pulver till oral lösning i dospåse
Movymia	20 mikrogram/80 mikroliter	Injektionsvätska, lösning
Moxalole		Pulver till oral lösning i dospåse
Moxifloxacin 2care4	400 mg	Filmdragerad tablett
Moxifloxacin Abacus Medicine	400 mg	Filmdragerad tablett
Moxifloxacin Ebb	400 mg/250 ml	Infusionsvätska, lösning
Moxifloxacin Fresenius Kabi	400 mg/250 ml	Infusionsvätska, lösning
Moxifloxacin Krka	400 mg	Filmdragerad tablett
Moxifloxacin Krka	400 mg/250 ml	Infusionsvätska, lösning
Moxifloxacin Orion	400 mg	Filmdragerad tablett
Moxonidin Actavis	0,2 mg	Filmdragerad tablett
Moxonidin Actavis	0,4 mg	Filmdragerad tablett
Moxonidin Bijon	0,2 mg	Filmdragerad tablett
Moxonidin Bijon	0,4 mg	Filmdragerad tablett
Moxonidin STADA	0,2 mg	Filmdragerad tablett
Moxonidin STADA	0,4 mg	Filmdragerad tablett
Mozobil	20 mg/ml	Injektionsvätska, lösning
Mucoangin Mint	20 mg	Sugtablett
Mucofyl		Sirap
Mucofyl forte		Oral lösning
MULTAQ	400 mg	Filmdragerad tablett
Multibic 2mmol/l kalium		Hemodialysvätska/hemofiltrationsvätska
Multibic 4mmol/l kalium		Hemodialysvätska/hemofiltrationsvätska
Multibic kaliumfri		Hemodialysvätska/hemofiltrationsvätska
MultiHance	334 mg/ml	Injektionsvätska, lösning
MVASI	25 mg/ml	Koncentrat till infusionsvätska, lösning
Myalepta	3 mg	Pulver till injektionsvätska, lösning
Myalepta	5,8 mg	Pulver till injektionsvätska, lösning
Myalepta	11,3 mg	Pulver till injektionsvätska, lösning
Mycamine	50 mg	Pulver till koncentrat till infusionsvätska, lösning
Mycamine	100 mg	Pulver till koncentrat till infusionsvätska, lösning
Mycophenolate mofetil Accord	500 mg	Filmdragerad tablett
Mycophenolate mofetil Sandoz	250 mg	Kapsel, hård
Mycophenolate mofetil Sandoz	500 mg	Filmdragerad tablett
Mydrane	0,2 mg/ml + 3,1 mg/ml + 10 mg/ml	Injektionsvätska, lösning
Mydriacyl	0,5 %	Ögondroppar, lösning
Myfenax	250 mg	Kapsel, hård
Myfenax	500 mg	Filmdragerad tablett
Myfortic	180 mg	Enterotablett
Myfortic	360 mg	Enterotablett
Mykofenolatmofetil Accord	250 mg	Kapsel, hård
Mykofenolsyra Accord	180 mg	Enterotablett
Mykofenolsyra Accord	360 mg	Enterotablett
Mykofenolsyra Medartuum	180 mg	Enterotablett
Mykofenolsyra Medartuum	360 mg	Enterotablett
Mykronor	5 mikrogram/ml	Injektions-/infusionsvätska, lösning
Myldamo	100 mg	Tablett
Myleran	2 mg	Filmdragerad tablett
MYLOTARG	5 mg	Pulver till koncentrat till infusionsvätska, lösning
MYNZEPLI	40 mg/ml	Injektionsvätska, lösning
MYNZEPLI	40 mg/ml	Injektionsvätska, lösning i förfylld spruta
Myoview	230 mikrogram	Beredningssats för radioaktivt läkemedel
Myozyme	50 mg	Pulver till koncentrat till infusionsvätska, lösning
Mysildecard	20 mg	Filmdragerad tablett
Mysimba	8 mg/90 mg	Depottablett
Naglazyme	1 mg/ml	Koncentrat till infusionsvätska, lösning
Naloxon Hameln	0,4 mg/ml	Injektions-/infusionsvätska, lösning
Naloxone Accord	0,4 mg/ml	Injektions- / infusionsvätska, lösning i förfylld spruta
Naltrexon Walter Ritter	50 mg	Filmdragerad tablett
Naltrexone Accord	50 mg	Filmdragerad tablett
Naltrexone POA Pharma	50 mg	Filmdragerad tablett
Namuscla	167 mg	Kapsel, hård
Nanofix	500 IE	Pulver och vätska till injektionsvätska, lösning
Nanofix	1000 IE	Pulver och vätska till injektionsvätska, lösning
Nanogam	100 mg/ml	Infusionsvätska, lösning
Naprocur	250 mg	Enterotablett
Naprocur	500 mg	Enterotablett
Naprosyn Entero	250 mg	Enterotablett
Naprosyn Entero	500 mg	Enterotablett
Naproxen 2care4	500 mg	Enterotablett
Naproxen Abacus Medicine	500 mg	Enterotablett
Naproxen ABECE	250 mg	Tablett
Naproxen Apofri	250 mg	Tablett
Naproxen Bluefish	250 mg	Tablett
Naproxen Bluefish	500 mg	Tablett
Naproxen Ebb	500 mg	Enterotablett
Naproxen Evolan	500 mg	Tablett
Naproxen Orifarm	250 mg	Tablett
Naproxen Orifarm	500 mg	Tablett
Naramig	2,5 mg	Filmdragerad tablett
Naratriptan Orifarm	2,5 mg	Filmdragerad tablett
Nasacort	55 mikrogram/dos	Nässpray, suspension
Nasin	0,5 mg/ml	Nässpray, lösning
Nasin	0,25 mg/ml	Nässpray, lösning
Nasoferm	0,5 mg/ml	Nässpray, lösning
Nasoferm	1 mg/ml	Nässpray, lösning
Nasoferm Mentol	1 mg/ml	Nässpray, lösning
Nasonex	50 mikrogram/dos	Nässpray, suspension
Natriumbikarbonat Evolan	1 g	Tablett
Natriumbikarbonat Fresenius Kabi	50 mg/ml	Infusionsvätska, lösning
Natriumbikarbonat Viatris	1 g	Tablett
Natriumfluorid Morningside	5 mg/g	Tandkräm
Natriumklorid Abboxia	500 mg	Filmdragerad tablett
Natriumklorid Abcur	500 mg	Filmdragerad tablett
Natriumklorid B. Braun	9 mg/ml	Infusionsvätska, lösning
Natriumklorid Baxter Viaflo	9 mg/ml	Infusionsvätska, lösning
Natriumklorid Braun	9 mg/ml	Spädningsvätska för parenteral användning
Natriumklorid Ebb	9 mg/ml	Spädningsvätska för parenteral användning
Natriumklorid Evolan	500 mg	Kapsel, hård
Natriumklorid Fresenius Kabi	9 mg/ml	Infusionsvätska, lösning
Natriumklorid Fresenius Kabi	9 mg/ml	Spädningsvätska för parenteral användning
Natriumklorid Noridem	9 mg/ml	Injektionsvätska, lösning
Natriumklorid Vantive	9 mg/ml	Infusionsvätska, lösning
Natriumkromoglikat ABECE	20 mg/ml	Ögondroppar, lösning
Natriumlevofolinat medac	50 mg/ml	Injektions-/infusionsvätska, lösning
Natriumoxibat Kalceks	500 mg/ml	Oral lösning
Natriumoxibat Reig Jofre	500 mg/ml	Oral lösning
Navelbine	20 mg	Kapsel, mjuk
Navelbine	30 mg	Kapsel, mjuk
Navelbine	80 mg	Kapsel, mjuk
NAVERUCLIF	5 mg/ml	Pulver till infusionsvätska, dispersion
Navirel	10 mg/ml	Koncentrat till infusionsvätska, lösning
Nebcina	40 mg/ml	Injektionsvätska, lösning
Nebcina	80 mg/ml	Injektionsvätska, lösning
Nebido	1000 mg/4 ml	Injektionsvätska, lösning
Nefoxef	180 mg	Filmdragerad tablett
Nemdatine	5 mg + 10 mg + 15 mg + 20 mg	Filmdragerad tablett
Nemdatine	10 mg	Filmdragerad tablett
Nemdatine	20 mg	Filmdragerad tablett
Neofordex	40 mg	Tablett
Neohepatect	50 IE/ml	Infusionsvätska, lösning
NeoRecormon	10 000 IE	Injektionsvätska, lösning i förfylld spruta
NeoRecormon	30 000 IE	Injektionsvätska, lösning i förfylld spruta
NeoRecormon	4000 IE	Injektionsvätska, lösning i förfylld spruta
Neostigmin	2,5 mg/ml	Injektionsvätska, lösning
Neotigason	10 mg	Kapsel, hård
Neotigason	25 mg	Kapsel, hård
Neovletta 28		Dragerad tablett
Nerlynx	40 mg	Filmdragerad tablett
Neulasta	6 mg	Injektionsvätska, lösning i förfylld spruta
Neupedix	0,5 mg/ml	Koncentrat till infusionsvätska, lösning
Neupogen	0,3 mg/ml	Injektionsvätska, lösning
Neupro	2 mg/24 timmar	Depotplåster
Neupro	4 mg/24 timmar	Depotplåster
Neupro	6 mg/24 timmar	Depotplåster
Neupro	8 mg/24 timmar	Depotplåster
Neurisol	50 mg/ml	Oral lösning
Neurontin	100 mg	Kapsel, hård
Neurontin	300 mg	Kapsel, hård
Neurontin	400 mg	Kapsel, hård
Neurontin	600 mg	Filmdragerad tablett
Neurontin	800 mg	Filmdragerad tablett
NEVANAC	1 mg/ml	Ögondroppar, suspension
NEVANAC	3 mg/ml	Ögondroppar, suspension
Nevirapin 2care4	400 mg	Depottablett
Nevirapin Ebb	400 mg	Depottablett
Nevirapine Medical Valley	400 mg	Depottablett
Nevolat	6 mg/ml	Injektionsvätska, lösning i förfylld injektionspenna
Nexag	1 g	Dragerat granulat i dospåse
Nexavar	200 mg	Filmdragerad tablett
Nexium	10 mg	Enterogranulat till oral suspension i dospåse
Nexium	10 mg	Granulat till oral enterosuspension i dospåse
Nexium	20 mg	Enterotablett
Nexium	40 mg	Enterotablett
Nexium	40 mg	Pulver till injektions-/infusionsvätska, lösning
Nexizol	10 mg	Granulat till oral enterosuspension i dospåse
Nexplanon	68 mg	Implantat
NEXPOVIO	20 mg	Filmdragerad tablett
Nexviadyme	100 mg	Pulver till koncentrat till infusionsvätska, lösning
Nezeril	0,5 mg/ml	Näsdroppar, lösning i endosbehållare
Nezeril	0,5 mg/ml	Nässpray, lösning
Nezeril	0,25 mg/ml	Näsdroppar, lösning i endosbehållare
Nezeril	0,25 mg/ml	Nässpray, lösning
Nezeril Dexpantenol	0,5 mg/ml	Nässpray, lösning
Nezeril Dexpantenol	0,25 mg/ml	Nässpray, lösning
Ngenla	24 mg	Injektionsvätska, lösning i förfylld injektionspenna
Ngenla	60 mg	Injektionsvätska, lösning i förfylld injektionspenna
Niapelf	50 mg	Injektionsvätska, depotsuspension
Niapelf	75 mg	Injektionsvätska, depotsuspension
Niapelf	100 mg	Injektionsvätska, depotsuspension
Niapelf	150 mg	Injektionsvätska, depotsuspension
Nicorette	2 mg	Medicinskt tuggummi
Nicorette	4 mg	Medicinskt tuggummi
Nicorette Frukt	2 mg	Komprimerad sugtablett
Nicorette Frukt	4 mg	Komprimerad sugtablett
Nicorette Fruktmint	1 mg/spray	Munhålespray, lösning
Nicorette Fruktmint	2 mg	Medicinskt tuggummi
Nicorette Fruktmint	4 mg	Medicinskt tuggummi
Nicorette Mentolmint	2 mg	Medicinskt tuggummi
Nicorette Mentolmint	4 mg	Medicinskt tuggummi
Nicorette Microtab	2 mg	Resoriblett, sublingual
Nicorette Mint	2 mg	Komprimerad sugtablett
Nicorette Mint	4 mg	Komprimerad sugtablett
Nicorette Novum	10 mg/16 timmar	Depotplåster
Nicorette Novum	15 mg/16 timmar	Depotplåster
Nicorette Novum	25 mg/16 timmar	Depotplåster
Nicorette Pepparmint	1 mg/spray	Munhålespray, lösning
Nicorette Pepparmint	2 mg	Medicinskt tuggummi
Nicorette Pepparmint	4 mg	Medicinskt tuggummi
Nicotinell	7 mg/24 timmar	Depotplåster
Nicotinell	14 mg/24 timmar	Depotplåster
Nicotinell	21 mg/24 timmar	Depotplåster
Nicotinell Fruit	2 mg	Medicinskt tuggummi
Nicotinell Fruktmint	2 mg	Medicinskt tuggummi
Nicotinell Fruktmint	4 mg	Medicinskt tuggummi
Nicotinell Lakrits	2 mg	Medicinskt tuggummi
Nicotinell Mint	1 mg	Komprimerad sugtablett
Nicotinell Mint	1 mg/spray	Munhålespray, lösning
Nicotinell Mint	2 mg	Komprimerad sugtablett
Nicotinell Mint	2 mg	Medicinskt tuggummi
Nicotinell Mint	4 mg	Medicinskt tuggummi
Nicotinell Peppermint	2 mg	Medicinskt tuggummi
Nicotinell Peppermint	4 mg	Medicinskt tuggummi
Nicotinell Tropisk frukt	2 mg	Medicinskt tuggummi
Nicotinell Tropisk frukt	4 mg	Medicinskt tuggummi
Niferex	100 mg	Enterokapsel, hård
Nilemdo	180 mg	Filmdragerad tablett
Nilotinib Accord	150 mg	Kapsel, hård
Nilotinib Accord	200 mg	Kapsel, hård
Nilotinib STADA	150 mg	Kapsel, hård
Nilotinib STADA	200 mg	Kapsel, hård
Nilotinib Teva	150 mg	Kapsel, hård
Nilotinib Teva	200 mg	Kapsel, hård
Nilotinib Zentiva	150 mg	Kapsel, hård
Nilotinib Zentiva	200 mg	Kapsel, hård
Nimenrix (injektionsflaska och förfylld spruta)		Pulver och vätska till injektionsvätska, lösning
Nimotop	0,2 mg/ml	Infusionsvätska, lösning
Nimotop	30 mg	Filmdragerad tablett
Nimvastid	1,5 mg	Kapsel, hård
Nimvastid	3 mg	Kapsel, hård
Nimvastid	4,5 mg	Kapsel, hård
Nimvastid	6 mg	Kapsel, hård
NINLARO	2,3 mg	Kapsel, hård
NINLARO	3 mg	Kapsel, hård
NINLARO	4 mg	Kapsel, hård
Ninoxan	50 %/50 %	Medicinsk gas, komprimerad
Nintedanib Accord	100 mg	Kapsel, mjuk
Nintedanib Accord	150 mg	Kapsel, mjuk
Nintedanib Newbury	100 mg	Kapsel, mjuk
Nintedanib Newbury	150 mg	Kapsel, mjuk
Nintedanib Sandoz	100 mg	Kapsel, mjuk
Nintedanib Sandoz	150 mg	Kapsel, mjuk
Nintedanib STADA	100 mg	Kapsel, mjuk
Nintedanib STADA	150 mg	Kapsel, mjuk
Nintedanib Teva	100 mg	Kapsel, mjuk
Nintedanib Teva	150 mg	Kapsel, mjuk
Nintedanib Viatris	100 mg	Kapsel, mjuk
Nintedanib Viatris	150 mg	Kapsel, mjuk
Nintedanib Zentiva	100 mg	Kapsel, mjuk
Nintedanib Zentiva	150 mg	Kapsel, mjuk
Niontix	100 %	Medicinsk gas, flytande
Nipaxon	2,5 mg/ml	Oral suspension
Nipaxon	5 mg/ml	Oral suspension
Nipaxon	50 mg	Tablett
Nipenesin	20 mg/ml	Sirap
Nipruss	60 mg	Pulver till infusionsvätska, lösning
NiQuitin	2 mg	Komprimerad sugtablett
NiQuitin	4 mg	Komprimerad sugtablett
NiQuitin Clear	7 mg/24 timmar	Depotplåster
NiQuitin Clear	14 mg/24 timmar	Depotplåster
NiQuitin Clear	21 mg/24 timmar	Depotplåster
NiQuitin Mint	2 mg	Medicinskt tuggummi
NiQuitin Mint	4 mg	Medicinskt tuggummi
Nitisinone Dipharma	2 mg	Kapsel, hård
Nitisinone Dipharma	5 mg	Kapsel, hård
Nitisinone Dipharma	10 mg	Kapsel, hård
Nitisinone Dipharma	20 mg	Kapsel, hård
Nitrofurantoin Alternova	50 mg	Tablett
Nitroglycerin Ebb	1 mg/ml	Infusionsvätska, lösning
Nitroglycerin Karo Pharma	1 mg/ml	Infusionsvätska/koncentrat till infusionsvätska, lösning
Nitroglycerin Karo Pharma	5 mg/ml	Koncentrat till infusionsvätska, lösning
Nitroglycerin Macure	1 mg/ml	Infusionsvätska, lösning
Nitrolingual	0,4 mg/dos	Sublingualspray
Nivestim	12 ME/0,2 ml	Injektions-/infusionsvätska, lösning
Nivestim	30 ME/0,5 ml	Injektions-/infusionsvätska, lösning
Nivestim	48 ME/0,5 ml	Injektions-/infusionsvätska, lösning
Nocdurna	25 mikrogram	Frystorkad tablett
Nocdurna	50 mikrogram	Frystorkad tablett
Nocutil	0,1 mg	Tablett
Nocutil	0,2 mg	Tablett
Nootropil	1200 mg	Filmdragerad tablett
Noradrenalin Abcur	1 mg/ml	Koncentrat till infusionsvätska, lösning
Noradrenalin Aguettant	0,08 mg/ml	Infusionsvätska, lösning
Noradrenalin Fresenius Kabi	1 mg/ml	Koncentrat till infusionsvätska, lösning
Noradrenalin Kalceks	1 mg/ml	Koncentrat till infusionsvätska, lösning
Noradrenalin Pfizer	1 mg/ml	Koncentrat till infusionsvätska, lösning
Noradrenalin Zentiva	1 mg/ml	Koncentrat till infusionsvätska, lösning
Noradrenaline Sintetica	0,1 mg/ml	Infusionsvätska, lösning
Noradrenaline Sintetica	0,2 mg/ml	Infusionsvätska, lösning
Noradrenaline Sintetica	1 mg/ml	Koncentrat till infusionsvätska, lösning
Nordanest	40 mg/ml + 5 mikrogram/ml	Injektionsvätska, lösning
Nordanest	40 mg/ml + 10 mikrogram/ml	Injektionsvätska, lösning
Nordimet	7,5 mg	Injektionsvätska, lösning i förfylld injektionspenna
Nordimet	10 mg	Injektionsvätska, lösning i förfylld injektionspenna
Nordimet	12,5 mg	Injektionsvätska, lösning i förfylld injektionspenna
Nordimet	15 mg	Injektionsvätska, lösning i förfylld injektionspenna
Nordimet	17,5 mg	Injektionsvätska, lösning i förfylld injektionspenna
Nordimet	20 mg	Injektionsvätska, lösning i förfylld injektionspenna
Nordimet	22,5 mg	Injektionsvätska, lösning i förfylld injektionspenna
Nordimet	25 mg	Injektionsvätska, lösning i förfylld injektionspenna
Norditropin Flexpro	5 mg/1,5 ml	Injektionsvätska, lösning i förfylld injektionspenna
Norditropin Flexpro	10 mg/1,5 ml	Injektionsvätska, lösning i förfylld injektionspenna
Norditropin Flexpro	15 mg/1,5 ml	Injektionsvätska, lösning i förfylld injektionspenna
Noresmea	1 mg/0,5 mg	Filmdragerad tablett
Norflex	100 mg	Depottablett
Norgesic	35 mg/450 mg	Tablett
NorLevo	1,5 mg	Tablett
Normorix	5 mg/50 mg	Tablett
Normorix mite	2,5 mg/25 mg	Tablett
Normosang	25 mg/ml	Koncentrat till infusionsvätska, lösning
Norspan	5 mikrogram/timme	Depotplåster
Norspan	10 mikrogram/timme	Depotplåster
Norspan	15 mikrogram/timme	Depotplåster
Norspan	20 mikrogram/timme	Depotplåster
Norspan	30 mikrogram/timme	Depotplåster
Norspan	40 mikrogram/timme	Depotplåster
Norvasc	5 mg	Tablett
Norvasc	10 mg	Tablett
Norvir	100 mg	Pulver till oral suspension
Novalucol		Tuggtablett
Novastan	100 mg/ml	Koncentrat till infusionsvätska, lösning
Novavita	1 mg	Filmdragerad tablett
NovoEight	500 IE	Pulver och vätska till injektionsvätska, lösning
NovoEight	1000 IE	Pulver och vätska till injektionsvätska, lösning
NovoEight	2000 IE	Pulver och vätska till injektionsvätska, lösning
NovoEight	3000 IE	Pulver och vätska till injektionsvätska, lösning
Novofem		Filmdragerad tablett
NovoMix 30 FlexPen	100 E/ml	Injektionsvätska, suspension i förfylld injektionspenna
NovoMix 30 Penfill	100 E/ml	Injektionsvätska, suspension, cylinderampull
Novopulmon Novolizer	200 mikrogram/dos	Inhalationspulver
Novopulmon Novolizer	400 mikrogram/dos	Inhalationspulver
NovoRapid	100 E/ml	Injektionsvätska, lösning
NovoRapid FlexPen	100 E/ml	Injektionsvätska, lösning i förfylld injektionspenna
NovoRapid Penfill	100 E/ml	Injektionsvätska, lösning i cylinderampull
NovoRapid PumpCart	100 E/ml	Injektionsvätska, lösning
NovoSeven	1 mg	Pulver och vätska till injektionsvätska, lösning
NovoSeven	2 mg	Pulver och vätska till injektionsvätska, lösning
NovoSeven	5 mg	Pulver och vätska till injektionsvätska, lösning
NovoSeven	8 mg	Pulver och vätska till injektionsvätska, lösning
Noxafil	40 mg/ml	Oral suspension
Noxafil	300 mg	Koncentrat till infusionsvätska, lösning
Nplate	125 mikrogram	Pulver till injektionsvätska, lösning
Nplate	250 mikrogram	Pulver och vätska till injektionsvätska, lösning
Nplate	500 mikrogram	Pulver och vätska till injektionsvätska, lösning
NUBEQA	300 mg	Filmdragerad tablett
Nucala	40 mg	Injektionsvätska, lösning i förfylld spruta
Nucala	100 mg	Injektionsvätska, lösning i förfylld injektionspenna
Nucala	100 mg	Injektionsvätska, lösning i förfylld spruta
NULOJIX	250 mg	Pulver till koncentrat till infusionsvätska, lösning
Numeta G13E		Infusionsvätska, emulsion
Numeta G16E		Infusionsvätska, emulsion
Numeta G19E		Infusionsvätska, emulsion
Nurofen Apelsin	40 mg/ml	Oral suspension
Nurofen Jordgubb	40 mg/ml	Oral suspension
Nutriflex Lipid 32/64/40 perifer		Infusionsvätska, emulsion
Nutriflex Lipid 38/120/40		Infusionsvätska, emulsion
Nutriflex Lipid 56/144/40		Infusionsvätska, emulsion
Nutriflex Omega 32/64/40 perifer		Infusionsvätska, emulsion
Nutriflex Omega 38/120/40		Infusionsvätska, emulsion
Nutriflex Omega 56/144/40		Infusionsvätska, emulsion
Nutriflex Omega 56/144/40 elektrolytfri		Infusionsvätska, emulsion
Nutriflex peri		Infusionsvätska, lösning
Nutrineal PD4 1,1 % Aminosyror		Peritonealdialysvätska
Nutryelt		Koncentrat till infusionsvätska, lösning
NuvaRing	0,120 mg/0,015 mg per 24 timmar	Vaginalinlägg
Nuwiq	250 IE	Pulver och vätska till injektionsvätska, lösning
Nuwiq	500 IE	Pulver och vätska till injektionsvätska, lösning
Nuwiq	1000 IE	Pulver och vätska till injektionsvätska, lösning
Nuwiq	1500 IE	Pulver och vätska till injektionsvätska, lösning
Nuwiq	2000 IE	Pulver och vätska till injektionsvätska, lösning
Nuwiq	2500 IE	Pulver och vätska till injektionsvätska, lösning
Nuwiq	3000 IE	Pulver och vätska till injektionsvätska, lösning
Nuwiq	4000 IE	Pulver och vätska till injektionsvätska, lösning
Nyodex	75 mg/ml	Koncentrat till gurgelvatten
Nystafox	100000 IE/ml	Oral suspension
Nystatin Abacus Medicine	100000 IE/ml	Oral suspension
Nystatin Ebb	100000 IE/ml	Oral suspension
Nystatin Evolan	100 000 IE/ml	Oral suspension
Nystatin Orifarm	100 000 IE/ml	Oral suspension
Nystimex	100000 IE/ml	Oral suspension
Nyvigan	100 000 IE/g + 100 000 IE	Salva + vaginaltablett
Nyxoid	1,8 mg	Nässpray, lösning
Obgemsa	75 mg	Filmdragerad tablett
OBIZUR	500 E	Pulver och vätska till injektionsvätska, lösning
Obodence	60 mg	Injektionsvätska, lösning i förfylld spruta
Ocplex	500 IE	Pulver och vätska till infusionsvätska, lösning
Ocplex	1000 IE	Pulver och vätska till infusionsvätska, lösning
Ocrevus	300 mg	Koncentrat till infusionsvätska, lösning
Ocrevus	920 mg	Injektionsvätska, lösning
Octagam	100 mg/ml	Infusionsvätska, lösning
octaplasLG		Infusionsvätska, lösning
octaplasLG		Pulver och vätska till infusionsvätska, lösning
Octostim	15 mikrogram/ml	Injektionsvätska, lösning
Octreotide Abacus Medicine	10 mg	Pulver och vätska till injektionsvätska, depotsuspension
Octreotide Abacus Medicine	20 mg	Pulver och vätska till injektionsvätska, depotsuspension
Octreotide Abacus Medicine	30 mg	Pulver och vätska till injektionsvätska, depotsuspension
Octreotide Teva	10 mg	Pulver och vätska till injektionsvätska, depotsuspension
Octreotide Teva	20 mg	Pulver och vätska till injektionsvätska, depotsuspension
Octreotide Teva	30 mg	Pulver och vätska till injektionsvätska, depotsuspension
Oczyesa	20 mg	Injektionsvätska, depotlösning i förfylld injektionspenna
Odefsey	200 mg/25 mg/25 mg	Filmdragerad tablett
Odomzo	200 mg	Kapsel, hård
Oestring	7,5 mikrogram/24 timmar	Vaginalinlägg
Oestriol Aspen	1 mg	Tablett
Ofev	25 mg	Kapsel, mjuk
Ofev	100 mg	Kapsel, mjuk
Ofev	150 mg	Kapsel, mjuk
Oftagel	2,5 mg/g	Ögongel
Oftagel	2,5 mg/g	Ögongel i endosbehållare
Oftaquix	5 mg/ml	Ögondroppar, lösning
Oftaquix	5 mg/ml	Ögondroppar, lösning i endosbehållare
Ogivri	150 mg	Pulver till koncentrat till infusionsvätska, lösning
Ogivri	420 mg	Pulver till koncentrat till infusionsvätska, lösning
Ogsiveo	100 mg	Filmdragerad tablett
Ogsiveo	150 mg	Filmdragerad tablett
Ojemda	25 mg/ml	Pulver till oral suspension
Ojemda	100 mg	Filmdragerad tablett
Okedi	75 mg	Pulver och vätska till injektionsvätska, depotsuspension
Okedi	100 mg	Pulver och vätska till injektionsvätska, depotsuspension
Oktreotid Campus	50 mikrogram/ml	Injektionsvätska, lösning
Oktreotid Campus	100 mikrogram/ml	Injektionsvätska, lösning
Oktreotid Campus	200 mikrogram/ml	Injektionsvätska, lösning
Oktreotid Campus	500 mikrogram/ml	Injektionsvätska, lösning
Oktreotid SUN	50 mikrogram/ml	Injektionsvätska, lösning
Oktreotid SUN	100 mikrogram/ml	Injektionsvätska, lösning
Oktreotid SUN	200 mikrogram/ml	Injektionsvätska, lösning
Oktreotid SUN	500 mikrogram/ml	Injektionsvätska, lösning
Olanzapin 2care4	2,5 mg	Tablett
Olanzapin 2care4	15 mg	Tablett
Olanzapin Actavis	5 mg	Filmdragerad tablett
Olanzapin Actavis	7,5 mg	Filmdragerad tablett
Olanzapin Bijon	5 mg	Munsönderfallande tablett
Olanzapin Bijon	10 mg	Munsönderfallande tablett
Olanzapin Bijon	15 mg	Munsönderfallande tablett
Olanzapin Ebb	20 mg	Tablett
Olanzapin Sandoz	2,5 mg	Filmdragerad tablett
Olanzapin Sandoz	5 mg	Filmdragerad tablett
Olanzapin Sandoz	7,5 mg	Filmdragerad tablett
Olanzapin Sandoz	10 mg	Filmdragerad tablett
Olanzapin Sandoz	15 mg	Filmdragerad tablett
Olanzapin STADA	2,5 mg	Filmdragerad tablett
Olanzapin STADA	5 mg	Filmdragerad tablett
Olanzapin STADA	5 mg	Munsönderfallande tablett
Olanzapin STADA	7,5 mg	Filmdragerad tablett
Olanzapin STADA	10 mg	Filmdragerad tablett
Olanzapin STADA	10 mg	Munsönderfallande tablett
Olanzapin STADA	15 mg	Munsönderfallande tablett
Olanzapin STADA	20 mg	Munsönderfallande tablett
Olanzapin SUN	2,5 mg	Tablett
Olanzapine Accord	2,5 mg	Filmdragerad tablett
Olanzapine Accord	5 mg	Filmdragerad tablett
Olanzapine Accord	7,5 mg	Filmdragerad tablett
Olanzapine Accord	10 mg	Filmdragerad tablett
Olanzapine Accord	15 mg	Filmdragerad tablett
Olanzapine Accord	20 mg	Filmdragerad tablett
Olanzapine Glenmark	2,5 mg	Tablett
Olanzapine Glenmark	5 mg	Tablett
Olanzapine Glenmark	7,5 mg	Tablett
Olanzapine Glenmark	10 mg	Tablett
Olanzapine Glenmark	20 mg	Tablett
Olanzapine Glenmark Europe	5 mg	Munsönderfallande tablett
Olanzapine Glenmark Europe	10 mg	Munsönderfallande tablett
Olanzapine Glenmark Europe	15 mg	Munsönderfallande tablett
Olanzapine Glenmark Europe	20 mg	Munsönderfallande tablett
Olanzapine Teva	2,5 mg	Filmdragerad tablett
Olanzapine Teva	5 mg	Filmdragerad tablett
Olanzapine Teva	5 mg	Munsönderfallande tablett
Olanzapine Teva	7,5 mg	Filmdragerad tablett
Olanzapine Teva	10 mg	Filmdragerad tablett
Olanzapine Teva	10 mg	Munsönderfallande tablett
Olanzapine Teva	15 mg	Filmdragerad tablett
Olanzapine Teva	15 mg	Munsönderfallande tablett
Olanzapine Teva	20 mg	Filmdragerad tablett
Olanzapine Teva	20 mg	Munsönderfallande tablett
Olanzapine Viatris	2,5 mg	Filmdragerad tablett
Olanzapine Viatris	5 mg	Filmdragerad tablett
Olanzapine Viatris	7,5 mg	Filmdragerad tablett
Olanzapine Viatris	10 mg	Filmdragerad tablett
Olanzapine Viatris	15 mg	Filmdragerad tablett
Olanzapine Viatris	20 mg	Filmdragerad tablett
OLIMEL N5E		Infusionsvätska, emulsion
OLIMEL N7E		Infusionsvätska, emulsion
OLIMEL N9		Infusionsvätska, emulsion
OLIMEL N9E		Infusionsvätska, emulsion
Olimel N12		Infusionsvätska, emulsion
Olimel N12E		Infusionsvätska, emulsion
OLIMEL perifer N4E		Infusionsvätska, emulsion
Olopatadin Orifarm	1 mg/ml	Ögondroppar, lösning
Olumiant	2 mg	Filmdragerad tablett
Olumiant	4 mg	Filmdragerad tablett
Omegaven		Infusionsvätska, emulsion
Omeprazol ABECE	20 mg	Enterokapsel, hård
Omeprazol Actavis	20 mg	Enterokapsel, hård
Omeprazol Apofri	20 mg	Enterokapsel, hård
Omeprazol Bijon	20 mg	Enterokapsel, hård
Omeprazol Bijon	40 mg	Enterokapsel, hård
Omeprazol Bluefish	10 mg	Enterokapsel, hård
Omeprazol Bluefish	20 mg	Enterokapsel, hård
Omeprazol Bluefish	20 mg	Enterotablett
Omeprazol Ebb	20 mg	Enterokapsel, hård
Omeprazol Medical Valley	10 mg	Enterokapsel, hård
Omeprazol Medical Valley	20 mg	Enterokapsel, hård
Omeprazol Medical Valley	40 mg	Enterokapsel, hård
Omeprazol NET	10 mg	Enterokapsel, hård
Omeprazol NET	40 mg	Enterokapsel, hård
Omeprazol Punkt	20 mg	Enterokapsel, hård
Omeprazol Sandoz	20 mg	Enterokapsel, hård
Omeprazol Sandoz	40 mg	Enterokapsel, hård
Omeprazol Teva	10 mg	Enterokapsel, hård
Omeprazol Teva	20 mg	Enterokapsel, hård
Omeprazol Teva	40 mg	Enterokapsel, hård
Omestad	10 mg	Enterokapsel, hård
Omestad	20 mg	Enterokapsel, hård
Omestad	40 mg	Enterokapsel, hård
Omjjara	100 mg	Filmdragerad tablett
Omjjara	150 mg	Filmdragerad tablett
Omjjara	200 mg	Filmdragerad tablett
Omlyclo	75 mg	Injektionsvätska, lösning i förfylld injektionspenna
Omlyclo	75 mg	Injektionsvätska, lösning i förfylld spruta
Omlyclo	150 mg	Injektionsvätska, lösning i förfylld injektionspenna
Omlyclo	150 mg	Injektionsvätska, lösning i förfylld spruta
Omlyclo	300 mg	Injektionsvätska, lösning i förfylld injektionspenna
Omlyclo	300 mg	Injektionsvätska, lösning i förfylld spruta
Omnicol		Pulver till oral lösning i dospåse
Omnicol Junior		Pulver till oral lösning i dospåse
Omnilax	4 g	Pulver till oral lösning i dospåse
Omnilax	10 g	Pulver till oral lösning i dospåse
Omnipaque	140 mg I/ml	Injektionsvätska, lösning
Omnipaque	180 mg I/ml	Injektionsvätska, lösning
Omnipaque	240 mg I/ml	Injektionsvätska, lösning
Omnipaque	300 mg I/ml	Injektionsvätska, lösning
Omnipaque	350 mg I/ml	Injektionsvätska, lösning
Omnitrope (SurePal)	5 mg/1,5 ml	Injektionsvätska, lösning i cylinderampull
Omnitrope (SurePal)	10 mg/1,5 ml	Injektionsvätska, lösning i cylinderampull
Omnitrope (SurePal)	15 mg/1,5 ml	Injektionsvätska, lösning i cylinderampull
Omvoh	100 mg	Injektionsvätska, lösning i förfylld injektionspenna
Omvoh	100 mg + 200 mg	Injektionsvätska, lösning i förfylld injektionspenna
Omvoh	200 mg	Injektionsvätska, lösning i förfylld injektionspenna
Omvoh	300 mg	Koncentrat till infusionsvätska, lösning
Onbrez Breezhaler	150 mikrogram	Inhalationspulver, hård kapsel
Onbrez Breezhaler	300 mikrogram	Inhalationspulver, hård kapsel
Oncaspar	750 E/ml	Pulver till injektions-/infusionsvätska, lösning
Oncovin	1 mg/ml	Injektionsvätska, lösning
Ondansetron 2care4	4 mg	Munsönderfallande tablett
Ondansetron 2care4	8 mg	Filmdragerad tablett
Ondansetron 2care4	8 mg	Munsönderfallande tablett
Ondansetron Abacus Medicine	4 mg	Filmdragerad tablett
Ondansetron Abacus Medicine	4 mg	Munsönderfallande tablett
Ondansetron Abacus Medicine	8 mg	Filmdragerad tablett
Ondansetron Abacus Medicine	8 mg	Munsönderfallande tablett
Ondansetron Accord	2 mg/ml	Injektions-/infusionsvätska, lösning
Ondansetron Accordpharma	8 mg	Injektions- / infusionsvätska, lösning i förfylld spruta
Ondansetron Aurobindo	4 mg	Filmdragerad tablett
Ondansetron Aurobindo	8 mg	Filmdragerad tablett
Ondansetron B. Braun	2 mg/ml	Injektionsvätska, lösning
Ondansetron Bluefish	4 mg	Filmdragerad tablett
Ondansetron Bluefish	4 mg	Munsönderfallande tablett
Ondansetron Bluefish	8 mg	Filmdragerad tablett
Ondansetron Bluefish	8 mg	Munsönderfallande tablett
Ondansetron Ebb	4 mg	Munsönderfallande tablett
Ondansetron Ebb	8 mg	Filmdragerad tablett
Ondansetron Ebb	8 mg	Munsönderfallande tablett
Ondansetron EQL Pharma	4 mg	Filmdragerad tablett
Ondansetron EQL Pharma	8 mg	Filmdragerad tablett
Ondansetron Fresenius Kabi	2 mg/ml	Injektionsvätska, lösning
Ondansetron Hameln	2 mg/ml	Injektionsvätska, lösning
Ondansetron Kalceks	2 mg/ml	Injektions-/infusionsvätska, lösning
Ondansetron Orifarm	4 mg	Munsönderfallande tablett
Ondansetron Orifarm	8 mg	Munsönderfallande tablett
Ondansetron STADA	4 mg	Filmdragerad tablett
Ondansetron STADA	8 mg	Filmdragerad tablett
Ondansetron Teva	4 mg	Filmdragerad tablett
Ondansetron Teva	8 mg	Filmdragerad tablett
Ongentys	50 mg	Kapsel, hård
Onglyza	5 mg	Filmdragerad tablett
Onpattro	2 mg/ml	Koncentrat till infusionsvätska, lösning
Ontozry	25 mg + 12,5 mg	Filmdragerad tablett + tablett
Ontozry	50 mg	Filmdragerad tablett
Ontozry	100 mg	Filmdragerad tablett
Ontozry	150 mg	Filmdragerad tablett
Ontozry	200 mg	Filmdragerad tablett
Onytec	80 mg/g	Medicinskt nagellack
Oparta	100 mikrogram/6 mikrogram/dos	Inhalationsspray, lösning
Oparta	200 mikrogram/6 mikrogram/dos	Inhalationsspray, lösning
Opatanol	1 mg/ml	Ögondroppar, lösning
OPDIVO	10 mg/ml	Koncentrat till infusionsvätska, lösning
OPDIVO	600 mg	Injektionsvätska, lösning
Opdualag	240 mg/80 mg	Koncentrat till infusionsvätska, lösning
Opfolda	65 mg	Kapsel, hård
Ophtesic	20 mg/g	Ögongel i endosbehållare
Ophthajod	50 mg/ml	Ögondroppar, lösning
Opnol	1 mg/ml	Ögondroppar, lösning i endosbehållare
Oprixxa	500 mg/150 mg	Filmdragerad tablett
Oprymea	0,7 mg	Tablett
Oprymea	0,18 mg	Tablett
Oprymea	0,26 mg	Depottablett
Oprymea	0,35 mg	Tablett
Oprymea	0,52 mg	Depottablett
Oprymea	1,05 mg	Depottablett
Oprymea	2,1 mg	Depottablett
Opsumit	10 mg	Filmdragerad tablett
Optamont	1 mg/ml	Ögondroppar, lösning
Optax	1,25 mg/ml + 3 mg/ml	Ögondroppar, lösning
Optimol	5 mg/ml	Ögondroppar, lösning
Optison	0,19 mg/ml	Injektionsvätska, dispersion
Opzelura	15 mg/g	Kräm
Oracea	40 mg	Kapsel med modifierad frisättning, hård
Oralin	50 mg	Filmdragerad tablett
Oralin	100 mg	Filmdragerad tablett
Oraqix		Periodontalgel
Oremten	200 mg/245 mg	Filmdragerad tablett
ORENCIA	125 mg	Injektionsvätska, lösning i förfylld injektionspenna
ORENCIA	125 mg	Injektionsvätska, lösning i förfylld spruta
ORENCIA	250 mg	Pulver till koncentrat till infusionsvätska, lösning
Orfadin	2 mg	Kapsel, hård
Orfadin	4 mg/ml	Oral suspension
Orfadin	5 mg	Kapsel, hård
Orfadin	10 mg	Kapsel, hård
Orfadin	20 mg	Kapsel, hård
Orfiril	150 mg	Enterotablett
Orfiril	300 mg	Enterotablett
Orfiril long	150 mg	Depotkapsel, hård
Orfiril long	300 mg	Depotkapsel, hård
Orfiril long	500 mg	Depotgranulat
Orgalutran	0,25 mg/0,5 ml	Injektionsvätska, lösning
Orgaran	1250 anti-Xa E/ml	Injektionsvätska, lösning
Orgovyx	120 mg	Filmdragerad tablett
Oribamide	500 mg	Kapsel, hård
Oriduo	125 mikrogram + 50 mikrogram/sprayning	Nässpray, suspension
Orimelan	3 mg	Tablett
Orimelan	5 mg	Tablett
Orimox	50 mikrogram/dos	Nässpray, suspension
Oriptan	50 mg	Filmdragerad tablett
Orkambi	75 mg/94 mg	Granulat i dospåse
Orkambi	100 mg/125 mg	Filmdragerad tablett
Orkambi	100 mg/125 mg	Granulat i dospåse
Orkambi	150 mg/188 mg	Granulat i dospåse
Orkambi	200 mg/125 mg	Filmdragerad tablett
Orladeyo	150 mg	Kapsel, hård
Orlistat Accord	120 mg	Kapsel, hård
Orlistat STADA	120 mg	Kapsel, hård
Ornibel	0,120 mg/0,015 mg per 24 timmar	Vaginalinlägg
Orphacol	50 mg	Kapsel, hård
Orstanorm	5 mg	Tablett
Osenvelt	120 mg	Injektionsvätska, lösning
Ospolot	20 mg/ml	Oral suspension
Osvyrti	60 mg	Injektionsvätska, lösning i förfylld spruta
Otazem	250 mikrogram/ml	Örondroppar, lösning i endosbehållare
Otezla	10 mg + 20 mg + 30 mg	Filmdragerad tablett
Otezla	30 mg	Filmdragerad tablett
Otrinex	1 mg/ml	Nässpray, lösning
Otrivin	1 mg/ml	Nässpray, lösning
Otrivin Comp	0,5 mg/ml + 0,6 mg/ml	Nässpray, lösning
Otrivin Menthol (utan konserveringsmedel)	1 mg/ml	Nässpray, lösning
Otrivin utan konserveringsmedel	0,5 mg/ml	Nässpray, lösning
Otrivin utan konserveringsmedel	1 mg/ml	Nässpray, lösning
Otulfi	45 mg	Injektionsvätska, lösning
Otulfi	45 mg	Injektionsvätska, lösning i förfylld spruta
Otulfi	90 mg	Injektionsvätska, lösning i förfylld injektionspenna
Otulfi	90 mg	Injektionsvätska, lösning i förfylld spruta
Otulfi	130 mg	Koncentrat till infusionsvätska, lösning
Ovaleap	300 IE/0,5 ml	Injektionsvätska, lösning
Ovaleap	450 IE/0,75 ml	Injektionsvätska, lösning
Ovaleap	900 IE/1,5 ml	Injektionsvätska, lösning
Ovesterin	0,5 mg	Vagitorium
Ovesterin	1 mg/g	Vaginalkräm
Oviderm	250 mg/g	Kräm
Ovitrelle	250 mikrogram/0,5 ml	Injektionsvätska, lösning i förfylld injektionspenna
Ovitrelle	250 mikrogram/0,5 ml	Injektionsvätska, lösning i förfylld spruta
Ovixan	1 mg/g	Kräm
Ovixan	1 mg/g	Kutan lösning
Oxaliplatin Accord	5 mg/ml	Koncentrat till infusionsvätska, lösning
Oxaliplatin Fresenius Kabi	5 mg/ml	Koncentrat till infusionsvätska, lösning
Oxaliplatin Teva	5 mg/ml	Koncentrat till infusionsvätska, lösning
Oxascand	5 mg	Tablett
Oxascand	10 mg	Tablett
Oxascand	15 mg	Tablett
Oxascand	25 mg	Tablett
Oxibuprokain Bausch & Lomb	0,4 % (4 mg/ml)	Ögondroppar, lösning i endosbehållare
Oxikodon Actavis	5 mg	Kapsel, hård
Oxikodon Actavis	10 mg	Kapsel, hård
Oxikodon Actavis	20 mg	Kapsel, hård
Oxikodon Depot Actavis	5 mg	Depottablett
Oxikodon Depot Actavis	10 mg	Depottablett
Oxikodon Depot Actavis	20 mg	Depottablett
Oxikodon Depot Actavis	40 mg	Depottablett
Oxikodon Depot Actavis	80 mg	Depottablett
Oxiore	500 mg/ml	Oral lösning
Oxis Turbuhaler	4,5 mikrogram/dos	Inhalationspulver
Oxis Turbuhaler	9 mikrogram/dos	Inhalationspulver
Oxybutynin Accord	5 mg	Tablett
Oxybutynin Ebb	5 mg	Tablett
Oxybutynin Mylan	5 mg	Tablett
Oxybutynin Unimedic	0,5 mg/ml	Intravesikal lösning
Oxycodone Accord	5 mg	Kapsel, hård
Oxycodone Accord	10 mg	Kapsel, hård
Oxycodone Accord	20 mg	Kapsel, hård
Oxycodone Depot 1A Farma	5 mg	Depottablett
Oxycodone Depot 1A Farma	10 mg	Depottablett
Oxycodone Depot 1A Farma	20 mg	Depottablett
Oxycodone Depot 1A Farma	40 mg	Depottablett
Oxycodone Depot Lannacher	5 mg	Depottablett
Oxycodone Depot Lannacher	10 mg	Depottablett
Oxycodone Depot Lannacher	20 mg	Depottablett
Oxycodone Depot Lannacher	40 mg	Depottablett
Oxycodone Depot Lannacher	80 mg	Depottablett
Oxycodone Depot Orion	10 mg	Depottablett
Oxycodone Depot Orion	20 mg	Depottablett
Oxycodone Depot Orion	40 mg	Depottablett
Oxycodone Depot Orion	80 mg	Depottablett
Oxycodone G.L.	1 mg/ml	Oral lösning
Oxycodone G.L.	5 mg	Filmdragerad tablett
Oxycodone G.L.	10 mg	Filmdragerad tablett
Oxycodone G.L.	10 mg/ml	Injektions-/infusionsvätska, lösning
Oxycodone G.L.	10 mg/ml	Oral lösning
Oxycodone G.L.	20 mg	Filmdragerad tablett
Oxycodone Hameln	10 mg/ml	Injektions-/infusionsvätska, lösning
Oxycodone Orifarm	1 mg/ml	Oral lösning
Oxycodone Orifarm	10 mg/ml	Oral lösning
Oxycodone Teva	5 mg	Kapsel, hård
Oxycodone Teva	10 mg	Kapsel, hård
Oxycodone/Naloxone G.L.	5 mg/2,5 mg	Depottablett
Oxycodone/Naloxone G.L.	10 mg/5 mg	Depottablett
Oxycodone/Naloxone G.L.	20 mg/10 mg	Depottablett
Oxycodone/Naloxone G.L.	40 mg/20 mg	Depottablett
Oxycodone/Naloxone Krka	10 mg/5 mg	Depottablett
Oxycodone/Naloxone Krka	20 mg/10 mg	Depottablett
Oxycodone/Naloxone Nordic Drugs	5 mg/2,5 mg	Depottablett
Oxycodone/Naloxone Nordic Drugs	10 mg/5 mg	Depottablett
Oxycodone/Naloxone Nordic Drugs	20 mg/10 mg	Depottablett
Oxycodone/Naloxone Sandoz	5 mg/2,5 mg	Depottablett
Oxycodone/Naloxone Sandoz	10 mg/5 mg	Depottablett
Oxycodone/Naloxone Sandoz	20 mg/10 mg	Depottablett
Oxycodone/Naloxone Sandoz	40 mg/20 mg	Depottablett
Oxycodone/Naloxone STADA	5 mg/2,5 mg	Depottablett
Oxycodone/Naloxone STADA	10 mg/5 mg	Depottablett
Oxycodone/Naloxone STADA	20 mg/10 mg	Depottablett
Oxycodone/Naloxone STADA	40 mg/20 mg	Depottablett
Oxycodone/Naloxone Teva	5 mg/2,5 mg	Depottablett
Oxycodone/Naloxone Teva	10 mg/5 mg	Depottablett
Oxycodone/Naloxone Teva	20 mg/10 mg	Depottablett
Oxycodone/Naloxone Teva	40 mg/20 mg	Depottablett
Oxyconta Depot	40 mg	Depottablett
OxyContin	5 mg	Depottablett
OxyContin	10 mg	Depottablett
OxyContin	20 mg	Depottablett
OxyContin	40 mg	Depottablett
OxyContin	80 mg	Depottablett
OxyNorm	1 mg/ml	Oral lösning
OxyNorm	5 mg	Kapsel, hård
OxyNorm	10 mg	Kapsel, hård
OxyNorm	10 mg/ml	Injektionsvätska, lösning
OxyNorm	10 mg/ml	Oral lösning
OxyNorm	20 mg	Kapsel, hård
Oxytocin CD Pharma	6,7 mikrogram/dos	Nässpray, lösning
Oxytocin Grindeks	8,3 mikrogram/ml	Injektions-/infusionsvätska, lösning
Oxytocin Pilum	8,3 mikrogram/ml	Koncentrat till injektions-/infusionsvätska, lösning
Oyavas	25 mg/ml	Koncentrat till infusionsvätska, lösning
Ozempic	0,5 mg	Injektionsvätska, lösning i förfylld injektionspenna
Ozempic	0,5 mg (0,7 ml/dos)	Injektionsvätska, lösning i förfylld injektionspenna
Ozempic	0,25 mg	Injektionsvätska, lösning i förfylld injektionspenna
Ozempic	1 mg	Injektionsvätska, lösning i förfylld injektionspenna
Ozempic	2 mg	Injektionsvätska, lösning i förfylld injektionspenna
OZURDEX	700 mikrogram	Intravitrealt implantat i applikator
Paclitaxel Accord	6 mg/ml	Koncentrat till infusionsvätska, lösning
Paclitaxel Actavis	6 mg/ml	Koncentrat till infusionsvätska, lösning
Paclitaxel Fresenius Kabi	6 mg/ml	Koncentrat till infusionsvätska, lösning
Padcev	20 mg	Pulver till koncentrat till infusionsvätska, lösning
Padcev	30 mg	Pulver till koncentrat till infusionsvätska, lösning
Palaka	20 mg	Filmdragerad tablett
Palexia	50 mg	Filmdragerad tablett
Palexia Depot	50 mg	Depottablett
Palexia Depot	100 mg	Depottablett
Palexia Depot	150 mg	Depottablett
Palexia Depot	200 mg	Depottablett
Palexia Depot	250 mg	Depottablett
Paliperidon 2care4	3 mg	Depottablett
Paliperidon Bijon	75 mg	Injektionsvätska, depotsuspension
Paliperidon Bijon	100 mg	Injektionsvätska, depotsuspension
Paliperidon Bijon	150 mg	Injektionsvätska, depotsuspension
Paliperidon Krka	3 mg	Depottablett
Paliperidon Krka	6 mg	Depottablett
Paliperidon Krka	9 mg	Depottablett
Paliperidon Teva	75 mg	Injektionsvätska, depotsuspension
Paliperidon Teva	100 mg	Injektionsvätska, depotsuspension
Paliperidon Teva	150 mg	Injektionsvätska, depotsuspension
Paliperidon Zentiva	50 mg	Injektionsvätska, depotsuspension i förfylld spruta
Paliperidon Zentiva	75 mg	Injektionsvätska, depotsuspension i förfylld spruta
Paliperidon Zentiva	100 mg	Injektionsvätska, depotsuspension i förfylld spruta
Paliperidon Zentiva	150 mg	Injektionsvätska, depotsuspension i förfylld spruta
Paliperidone Exeltis	50 mg	Injektionsvätska, depotsuspension i förfylld spruta
Paliperidone Exeltis	75 mg	Injektionsvätska, depotsuspension i förfylld spruta
Paliperidone Exeltis	100 mg	Injektionsvätska, depotsuspension i förfylld spruta
Paliperidone Exeltis	150 mg	Injektionsvätska, depotsuspension i förfylld spruta
Paliperidone STADA	50 mg	Injektionsvätska, depotsuspension i förfylld spruta
Paliperidone STADA	75 mg	Injektionsvätska, depotsuspension i förfylld spruta
Paliperidone STADA	100 mg	Injektionsvätska, depotsuspension i förfylld spruta
Paliperidone STADA	150 mg	Injektionsvätska, depotsuspension i förfylld spruta
Paliperidone Viatris	50 mg	Injektionsvätska, depotsuspension i förfylld spruta
Paliperidone Viatris	75 mg	Injektionsvätska, depotsuspension i förfylld spruta
Paliperidone Viatris	100 mg	Injektionsvätska, depotsuspension i förfylld spruta
Paliperidone Viatris	150 mg	Injektionsvätska, depotsuspension i förfylld spruta
Palladon	2 mg/ml	Injektions-/infusionsvätska, lösning
Palladon	10 mg/ml	Injektions-/infusionsvätska, lösning
Palladon	20 mg/ml	Injektions-/infusionsvätska, lösning
Palladon	50 mg/ml	Injektions-/infusionsvätska, lösning
Palmeux	50 mg	Injektionsvätska, depotsuspension i förfylld spruta
Palmeux	75 mg	Injektionsvätska, depotsuspension i förfylld spruta
Palmeux	100 mg	Injektionsvätska, depotsuspension i förfylld spruta
Palmeux	150 mg	Injektionsvätska, depotsuspension i förfylld spruta
Palonosetron Accord	250 mikrogram	Injektionsvätska, lösning
Palonosetron Kalceks	250 mikrogram	Injektionsvätska, lösning
Palonosetron Macure	250 mikrogram	Injektionsvätska, lösning
Palonosetron Reig Jofre	250 mikrogram	Injektionsvätska, lösning
Palonosetron STADA	250 mikrogram	Injektionsvätska, lösning
Pamifos	3 mg/ml	Koncentrat till infusionsvätska, lösning
Pamol	500 mg	Filmdragerad tablett
Pamol Novum	500 mg	Filmdragerad tablett
Pamorelin	3,75 mg	Pulver och vätska till injektionsvätska, depotsuspension
Pamorelin	11,25 mg	Pulver och vätska till injektionsvätska, depotsuspension
Pamorelin	22,5 mg	Pulver och vätska till injektionsvätska, depotsuspension
Panocod	500 mg/30 mg	Brustablett
Panocod	500 mg/30 mg	Tablett
Panodil	1 g	Suppositorium
Panodil	24 mg/ml	Oral suspension
Panodil	60 mg	Suppositorium
Panodil	125 mg	Suppositorium
Panodil	250 mg	Suppositorium
Panodil	500 mg	Filmdragerad tablett
Panodil	500 mg	Pulver till oral lösning i dospåse
Panodil	500 mg	Suppositorium
Panodil Brus	500 mg	Brustablett
Panodil Forte	1 g	Filmdragerad tablett
Panodil Zapp	500 mg	Filmdragerad tablett
Pantoloc	40 mg	Pulver till injektionsvätska, lösning
Pantoprazol Abacus Medicine	40 mg	Enterotablett
Pantoprazol Actavis	20 mg	Enterotablett
Pantoprazol Actavis	40 mg	Enterotablett
Pantoprazol Ebb	20 mg	Enterotablett
Pantoprazol Ebb	40 mg	Enterotablett
Pantoprazol Ebb	40 mg	Pulver till injektionsvätska, lösning
Pantoprazol Krka	20 mg	Enterotablett
Pantoprazol Krka	40 mg	Enterotablett
Pantoprazol Orion	20 mg	Enterotablett
Pantoprazol Orion	40 mg	Enterotablett
Pantoprazol Sandoz	20 mg	Enterotablett
Pantoprazol Sandoz	40 mg	Enterotablett
Pantoprazol SUN	40 mg	Pulver till injektionsvätska, lösning
Pantoprazol Viatris	20 mg	Enterotablett
Pantoprazol Viatris	40 mg	Enterotablett
Pantoprazole Kalceks	40 mg	Pulver till injektionsvätska, lösning
Pantoprazole Teva	20 mg	Enterotablett
Pantoprazole Teva	40 mg	Enterotablett
Paracetamol ABECE	24 mg/ml	Oral lösning
Paracetamol ABECE	500 mg	Brustablett
Paracetamol ABECE	500 mg	Filmdragerad tablett
Paracetamol Accord	500 mg	Brustablett
Paracetamol Apofri	24 mg/ml	Oral lösning
Paracetamol Apofri	500 mg	Brustablett
Paracetamol Apofri	500 mg	Filmdragerad tablett
Paracetamol B. Braun	10 mg/ml	Infusionsvätska, lösning
Paracetamol Baxter	10 mg/ml	Infusionsvätska, lösning
Paracetamol EQL Pharma	1 g	Filmdragerad tablett
Paracetamol EQL Pharma	500 mg	Filmdragerad tablett
Paracetamol Evolan	1 g	Filmdragerad tablett
Paracetamol Fresenius Kabi	10 mg/ml	Infusionsvätska, lösning
Paracetamol Krka	1 g	Tablett
Paracetamol Krka	500 mg	Tablett
Paracetamol Medical Valley	1 g	Filmdragerad tablett
Paracetamol Medical Valley	500 mg	Filmdragerad tablett
Paracetamol Novum ABECE	500 mg	Filmdragerad tablett
Paracetamol Novum Apofri	500 mg	Filmdragerad tablett
Paracetamol Orifarm	500 mg	Filmdragerad tablett
Paracetamol Punkt	24 mg/ml	Oral lösning
Paracetamol Punkt	500 mg	Filmdragerad tablett
Paracetamol Zentiva	1 g	Tablett
Paracetamol Zentiva	500 mg	Tablett
Paracetamol/Kodein Evolan	500 mg/30 mg	Brustablett
Paracetamol/Kodein Evolan	500 mg/30 mg	Tablett
Paracut	250 mg	Tablett
Paracut	500 mg	Tablett
Paracut Forte	1 g	Tablett
Paraflex	250 mg	Tablett
Parecoxib Macure	40 mg	Pulver till injektionsvätska, lösning
Parecoxib Noridem	40 mg	Pulver till injektionsvätska, lösning
Paricalcitol Accord	5 mikrogram/ml	Injektionsvätska, lösning
Paricalcitol Alternova	1 mikrogram	Kapsel, mjuk
Paricalcitol Alternova	2 mikrogram	Kapsel, mjuk
Pariet	10 mg	Enterotablett
Pariet	20 mg	Enterotablett
Parikalcitol Ebb	1 mikrogram	Kapsel, mjuk
Parkadin	100 mg	Kapsel, hård
Parlodel	2,5 mg	Tablett
Paroxetin Aristo	30 mg	Filmdragerad tablett
Paroxetin Ebb	10 mg	Filmdragerad tablett
Paroxetin HEXAL	10 mg	Filmdragerad tablett
Paroxetin HEXAL	20 mg	Filmdragerad tablett
Paroxetin Orion	20 mg	Filmdragerad tablett
Paroxetin Teva	10 mg	Filmdragerad tablett
Paroxetin Teva	20 mg	Filmdragerad tablett
Paroxiflex	20 mg	Filmdragerad tablett
Parsabiv	2,5 mg	Injektionsvätska, lösning
Parsabiv	5 mg	Injektionsvätska, lösning
Parsabiv	10 mg	Injektionsvätska, lösning
Pascoflair		Dragerad tablett
PAVBLU	40 mg/ml	Injektionsvätska, lösning
Paxlovid	150 mg + 100 mg	Filmdragerad tablett
Paxneury	1 mg	Depottablett
Paxneury	2 mg	Depottablett
Paxneury	3 mg	Depottablett
Paxneury	4 mg	Depottablett
Paxneury	5 mg	Depottablett
Paxneury	6 mg	Depottablett
Paxneury	7 mg	Depottablett
Pazenir	5 mg/ml	Pulver till infusionsvätska, dispersion
Pazopanib Accord	200 mg	Filmdragerad tablett
Pazopanib Accord	400 mg	Filmdragerad tablett
Pazopanib Glenmark	200 mg	Filmdragerad tablett
Pazopanib Glenmark	400 mg	Filmdragerad tablett
Pazopanib Newbury	200 mg	Filmdragerad tablett
Pazopanib Newbury	400 mg	Filmdragerad tablett
Pazopanib STADA	200 mg	Filmdragerad tablett
Pazopanib STADA	400 mg	Filmdragerad tablett
Pazopanib Zentiva	200 mg	Filmdragerad tablett
Pazopanib Zentiva	400 mg	Filmdragerad tablett
Pedea	5 mg/ml	Injektionsvätska, lösning
Pedippi	2 mg/ml	Pulver till oral suspension
Pedismof		Infusionsvätska, emulsion
Pedismof Infant		Infusionsvätska, emulsion
Pedismof Preterm		Infusionsvätska, emulsion
Peditrace		Koncentrat till infusionsvätska, lösning
Peditrace Novum		Koncentrat till infusionsvätska, lösning
Pedmarqsi	80 mg/ml	Infusionsvätska, lösning
Pegasys	90 mikrogram	Injektionsvätska, lösning i förfylld spruta
Pegasys	135 mikrogram	Injektionsvätska, lösning i förfylld spruta
Pegasys	180 mikrogram	Injektionsvätska, lösning i förfylld spruta
Pelgraz	6 mg	Injektionsvätska, lösning i förfylld injektor
Pelgraz	6 mg	Injektionsvätska, lösning i förfylld spruta
Pemazyre	4,5 mg	Tablett
Pemazyre	9 mg	Tablett
Pemazyre	13,5 mg	Tablett
Pemetrexed Accord	25 mg/ml	Infusionsvätska, lösning
Pemetrexed EVER Pharma	25 mg/ml	Koncentrat till infusionsvätska, lösning
Pemetrexed Fresenius Kabi	25 mg/ml	Koncentrat till infusionsvätska, lösning
Pemetrexed Hexal	25 mg/ml	Koncentrat till infusionsvätska, lösning
Pemetrexed Zentiva	10 mg/ml	Infusionsvätska, lösning
Penomax	200 mg	Filmdragerad tablett
Penomax	400 mg	Filmdragerad tablett
Pentamidine Tillomed	300 mg	Pulver till injektions-/infusions-/nebulisatorvätska, lösning
Pentasa	1 g	Depottablett
Pentasa	1 g	Rektalsuspension
Pentasa	1 g	Suppositorium
Pentasa	500 mg	Depottablett
Pentasa Sachet	1 g	Depotgranulat
Pentasa Sachet	2 g	Depotgranulat
Pentasa Sachet	4 g	Depotgranulat
Penthrox	99,9%, 3 ml	Inhalationsånga, vätska
Pentocur	0,5 g	Pulver till injektionsvätska, lösning
Pentocur	1 g	Pulver till injektionsvätska, lösning
Pepaxti	20 mg	Pulver till koncentrat till infusionsvätska, lösning
Pepcid	10 mg	Filmdragerad tablett
Pergoveris	(300 IE + 150 IE)/0,48 ml	Injektionsvätska, lösning i förfylld injektionspenna
Pergoveris	(450 IE + 225 IE)/0,72 ml	Injektionsvätska, lösning i förfylld injektionspenna
Pergoveris	(900 IE + 450 IE)/1,44 ml	Injektionsvätska, lösning i förfylld injektionspenna
Perjeta	420 mg	Koncentrat till infusionsvätska, lösning
Pethidine Macure	50 mg/ml	Injektionsvätska, lösning
Petidin Viatris	50 mg/ml	Injektionsvätska, lösning
Pevaryl	1 %	Kräm
Pevaryl	1 %	Puder
Pevaryl	150 mg	Vagitorium
Pevaryl	150 mg + 1 %	Vagitorium och kräm
Pevaryl Depot	150 mg	Vagitorium
Pevaryl Depot	150 mg + 1 %	Vagitorium och kräm
Pevisone	1 mg/g + 10 mg/g	Kräm
Peyona	20 mg/ml	Infusionsvätska, lösning och oral lösning
PHEBURANE	483 mg/g	Granulat
PHELINUN	50 mg	Pulver till koncentrat och lösning till infusionsvätska, lösning
PHELINUN	200 mg	Pulver till koncentrat och lösning till infusionsvätska, lösning
Phenoxymethylpenicillin EQL	50 mg/ml	Granulat till oral lösning
Phenoxymethylpenicillin EQL	100 mg/ml	Granulat till oral suspension
Phenoxymethylpenicillin EQL	250 mg/ml	Granulat till oral lösning
Phenylephrine hydrochloride Bausch & Lomb	10 % (100 mg/ml)	Ögondroppar, lösning i endosbehållare
Phesgo	600 mg/600 mg	Injektionsvätska, lösning
Phesgo	1200 mg/600 mg	Injektionsvätska, lösning
Phosphoral	24,4 g/10,8 g	Oral lösning
Phoxilium	1,2 mmol/l fosfat	Hemodialysvätska/hemofiltrationsvätska
Physioneal 40 Glucose	13,6 mg/ml	Peritonealdialysvätska
Physioneal 40 Glucose	22,7 mg/ml	Peritonealdialysvätska
Physioneal 40 Glucose	38,6 mg/ml	Peritonealdialysvätska
Physioneal 40 Glucose Clear-Flex	13,6 mg/ml	Peritonealdialysvätska
Physioneal 40 Glucose Clear-Flex	22,7 mg/ml	Peritonealdialysvätska
Physioneal 40 Glucose Clear-Flex	38,6 mg/ml	Peritonealdialysvätska
Physiotens	0,4 mg	Filmdragerad tablett
Picoprep		Pulver till oral lösning
PIFELTRO	100 mg	Filmdragerad tablett
Pilexam	100 mg/ml	Injektionsvätska, lösning
Pilokarpin Karo Pharma	2 %	Ögondroppar, lösning i endosbehållare
Pilokarpin Karo Pharma	4 %	Ögondroppar, lösning i endosbehållare
Pimaxiro	200 mg	Filmdragerad tablett
Pinealin	0,5 mg	Tablett
Pinealin	1 mg	Tablett
Pinealin	2 mg	Tablett
Pinealin	3 mg	Tablett
Pinealin	4 mg	Tablett
Pinealin	5 mg	Tablett
Pinex Jordgubb	24 mg/ml	Oral lösning
Pioglitazone Accord	15 mg	Tablett
Pioglitazone Accord	30 mg	Tablett
Pioglitazone Accord	45 mg	Tablett
Pioglitazone Actavis	15 mg	Tablett
Pioglitazone Actavis	30 mg	Tablett
Pioglitazone Actavis	45 mg	Tablett
Piperacillin/Tazobactam Fresenius Kabi	2 g/0,25 g	Pulver till infusionsvätska, lösning
Piperacillin/Tazobactam Fresenius Kabi	4 g/0,5 g	Pulver till infusionsvätska, lösning
Piperacillin/Tazobactam Qilu	2 g/0,25 g	Pulver till infusionsvätska, lösning
Piperacillin/Tazobactam Qilu	4 g/0,5 g	Pulver till infusionsvätska, lösning
Piperacillin/Tazobactam Reig Jofre	2 g/0,25 g	Pulver till infusionsvätska, lösning
Piperacillin/Tazobactam Reig Jofre	4 g/0,5 g	Pulver till infusionsvätska, lösning
Piperacillin/Tazobactam Sandoz	2 g/0,25 g	Pulver till infusionsvätska, lösning
Piperacillin/Tazobactam Sandoz	4 g/0,5 g	Pulver till infusionsvätska, lösning
Piperacillin/Tazobactam STADA	2 g/0,25 g	Pulver till infusionsvätska, lösning
Piperacillin/Tazobactam STADA	4 g/0,5 g	Pulver till infusionsvätska, lösning
Piperacillin/Tazobactam Stragen	2 g/0,25 g	Pulver till infusionsvätska, lösning
Piperacillin/Tazobactam Stragen	4 g/0,5 g	Pulver till infusionsvätska, lösning
Piqray	50 mg + 200 mg	Filmdragerad tablett
Piqray	150 mg	Filmdragerad tablett
Piqray	200 mg	Filmdragerad tablett
Pirfenidon Medical Valley	267 mg	Filmdragerad tablett
Pirfenidon Medical Valley	801 mg	Filmdragerad tablett
Pirfenidon Teva	267 mg	Filmdragerad tablett
Pirfenidon Teva	801 mg	Filmdragerad tablett
Pirfenidon Zentiva	801 mg	Filmdragerad tablett
Pirfenidone Accord	267 mg	Filmdragerad tablett
Pirfenidone Accord	801 mg	Filmdragerad tablett
Pirfenidone axunio	267 mg	Filmdragerad tablett
Pirfenidone axunio	801 mg	Filmdragerad tablett
Pirfenidone Newbury	267 mg	Filmdragerad tablett
Pirfenidone Newbury	801 mg	Filmdragerad tablett
Pirfenidone Sandoz	267 mg	Filmdragerad tablett
Pirfenidone Sandoz	801 mg	Filmdragerad tablett
Pirfenidone STADA	267 mg	Filmdragerad tablett
Pirfenidone STADA	801 mg	Filmdragerad tablett
Pirfenidone Vivanta	267 mg	Filmdragerad tablett
Pirfenidone Vivanta	801 mg	Filmdragerad tablett
Pixxoscan	1,0 mmol/ml	Injektionsvätska, lösning
Plaquenil	200 mg	Filmdragerad tablett
Plasmalyte		Infusionsvätska, lösning
Plasmalyte Glucos		Infusionsvätska, lösning
Plavix	75 mg	Filmdragerad tablett
Plegridy	63 mikrogram och 94 mikrogram	Injektionsvätska, lösning i förfylld injektionspenna
Plegridy	125 mikrogram	Injektionsvätska, lösning i förfylld injektionspenna
Plenadren	5 mg	Tablett med modifierad frisättning
Plenadren	20 mg	Tablett med modifierad frisättning
Plendil	2,5 mg	Depottablett
Plendil	5 mg	Depottablett
Plendil	10 mg	Depottablett
Plenvu		Pulver till oral lösning
Plerixafor Accord	20 mg/ml	Injektionsvätska, lösning
Plerixafor Seacross	20 mg/ml	Injektionsvätska, lösning
Plerixafor Teva	20 mg/ml	Injektionsvätska, lösning
Plerixafor Vivanta	20 mg/ml	Injektionsvätska, lösning
Pluvicto	1 000 MBq/ml	Injektions-/infusionsvätska, lösning
Pneumovax		Injektionsvätska, lösning i förfylld spruta
Polivy	30 mg	Pulver till koncentrat till infusionsvätska, lösning
Polivy	140 mg	Pulver till koncentrat till infusionsvätska, lösning
Pomalidomid Avansor	2 mg	Kapsel, hård
Pomalidomid Avansor	3 mg	Kapsel, hård
Pomalidomid Avansor	4 mg	Kapsel, hård
Pomalidomide Accord	2 mg	Kapsel, hård
Pomalidomide Accord	3 mg	Kapsel, hård
Pomalidomide Accord	4 mg	Kapsel, hård
Pomalidomide Glenmark	2 mg	Kapsel, hård
Pomalidomide Glenmark	3 mg	Kapsel, hård
Pomalidomide Glenmark	4 mg	Kapsel, hård
Pomalidomide Grindeks	1 mg	Kapsel, hård
Pomalidomide Grindeks	2 mg	Kapsel, hård
Pomalidomide Grindeks	3 mg	Kapsel, hård
Pomalidomide Grindeks	4 mg	Kapsel, hård
Pomalidomide Krka	1 mg	Kapsel, hård
Pomalidomide Krka	2 mg	Kapsel, hård
Pomalidomide Krka	3 mg	Kapsel, hård
Pomalidomide Krka	4 mg	Kapsel, hård
Pomalidomide Newbury	1 mg	Kapsel, hård
Pomalidomide Newbury	2 mg	Kapsel, hård
Pomalidomide Newbury	3 mg	Kapsel, hård
Pomalidomide Newbury	4 mg	Kapsel, hård
Pomalidomide Sandoz	1 mg	Kapsel, hård
Pomalidomide Sandoz	2 mg	Kapsel, hård
Pomalidomide Sandoz	3 mg	Kapsel, hård
Pomalidomide Sandoz	4 mg	Kapsel, hård
Pomalidomide STADA	1 mg	Kapsel, hård
Pomalidomide STADA	2 mg	Kapsel, hård
Pomalidomide STADA	3 mg	Kapsel, hård
Pomalidomide STADA	4 mg	Kapsel, hård
Pomalidomide Teva	2 mg	Kapsel, hård
Pomalidomide Teva	3 mg	Kapsel, hård
Pomalidomide Teva	4 mg	Kapsel, hård
Pomalidomide Zentiva	1 mg	Kapsel, hård
Pomalidomide Zentiva	2 mg	Kapsel, hård
Pomalidomide Zentiva	3 mg	Kapsel, hård
Pomalidomide Zentiva	4 mg	Kapsel, hård
Pombiliti	105 mg	Pulver till koncentrat till infusionsvätska, lösning
Ponlimsi	60 mg	Injektionsvätska, lösning i förfylld spruta
Ponvory	20 mg	Filmdragerad tablett
Ponvory Styrkeserie		Filmdragerad tablett
Posaconazole Abacus Medicine	40 mg/ml	Oral suspension
Posaconazole Accord	100 mg	Enterotablett
Posaconazole AHCL	40 mg/ml	Oral suspension
Posaconazole Sandoz	100 mg	Enterotablett
Posaconazole STADA	40 mg/ml	Oral suspension
Posaconazole STADA	100 mg	Enterotablett
Posaconazole Teva	100 mg	Enterotablett
Posaconazole Viatris	100 mg	Enterotablett
Postafen	25 mg	Tablett
Postinor	1,5 mg	Tablett
POTELIGEO	4 mg/ml	Koncentrat till infusionsvätska, lösning
Pradaxa	20 mg	Dragerat granulat i dospåse
Pradaxa	30 mg	Dragerat granulat i dospåse
Pradaxa	40 mg	Dragerat granulat i dospåse
Pradaxa	50 mg	Dragerat granulat i dospåse
Pradaxa	110 mg	Dragerat granulat i dospåse
Pradaxa	110 mg	Kapsel, hård
Pradaxa	150 mg	Dragerat granulat i dospåse
Pradaxa	150 mg	Kapsel, hård
Praluent	75 mg	Injektionsvätska, lösning i förfylld injektionspenna
Praluent	150 mg	Injektionsvätska, lösning i förfylld injektionspenna
Praluent	300 mg	Injektionsvätska, lösning i förfylld injektionspenna
Pramipexol 2care4	0,18 mg	Tablett
Pramipexol Abacus Medicine	0,18 mg	Tablett
Pramipexol Abacus Medicine	0,35 mg	Tablett
Pramipexol Aurobindo	0,7 mg	Tablett
Pramipexol Aurobindo	0,18 mg	Tablett
Pramipexol Aurobindo	0,35 mg	Tablett
Pramipexol Ebb	0,7 mg	Tablett
Pramipexol Ebb	0,18 mg	Tablett
Pramipexol Ebb	0,35 mg	Tablett
Pramipexol STADA	0,7 mg	Tablett
Pramipexol STADA	0,18 mg	Tablett
Pramipexol STADA	0,26 mg	Depottablett
Pramipexol STADA	0,35 mg	Tablett
Pramipexol STADA	0,52 mg	Depottablett
Pramipexol STADA	1,05 mg	Depottablett
Pramipexol STADA	2,10 mg	Depottablett
Pramipexol Teva Pharma	0,52 mg	Depottablett
Pramipexol Teva Pharma	1,05 mg	Depottablett
Pramipexol Teva Pharma	2,1 mg	Depottablett
Pramipexol Zentiva	0,26 mg	Depottablett
Pramipexol Zentiva	0,52 mg	Depottablett
Pramipexol Zentiva	1,05 mg	Depottablett
Pramipexol Zentiva	2,1 mg	Depottablett
Pramipexole Sandoz	1,05 mg	Depottablett
Pramipexole Teva	0,18 mg	Tablett
Pramipexole Teva	0,35 mg	Tablett
Prasugrel Ebb	10 mg	Filmdragerad tablett
Prasugrel EQL Pharma	5 mg	Filmdragerad tablett
Prasugrel EQL Pharma	10 mg	Filmdragerad tablett
Prasugrel G.L. Pharma	5 mg	Filmdragerad tablett
Prasugrel G.L. Pharma	10 mg	Filmdragerad tablett
Prasugrel Krka	10 mg	Filmdragerad tablett
Prasugrel Viatris	10 mg	Filmdragerad tablett
Pravastatin Sandoz	20 mg	Tablett
Pravastatin Sandoz	40 mg	Tablett
Pravastatin Teva	20 mg	Tablett
Pravastatin Teva	40 mg	Tablett
Pravidel	2,5 mg	Tablett
Praxbind	50 mg/ml	Injektions-/infusionsvätska, lösning
Precortalon aquosum	25 mg	Pulver till injektionsvätska, lösning
Precosa	250 mg	Kapsel, hård
Prednisolon Actavis	10 mg	Tablett
Prednisolon Alternova	2,5 mg	Tablett
Prednisolon Alternova	5 mg	Tablett
Prednisolon Alternova	10 mg	Tablett
Prednisolon Ebb	25 mg	Pulver till injektionsvätska, lösning
Prednisolon EQL Pharma	5 mg	Tablett
Prednisolon Evolan	31,25 mg	Rektallösning
Prednisolon G.L. Pharma	5 mg	Tablett
Prednisolon Pfizer	2,5 mg	Tablett
Prednisolon Pfizer	5 mg	Tablett
Prednisolon Pfizer	10 mg	Tablett
Prednisolon Unimedic	31,25 mg	Rektallösning
Pregabalin 1A Farma	25 mg	Kapsel, hård
Pregabalin 1A Farma	50 mg	Kapsel, hård
Pregabalin 1A Farma	75 mg	Kapsel, hård
Pregabalin 1A Farma	100 mg	Kapsel, hård
Pregabalin 1A Farma	150 mg	Kapsel, hård
Pregabalin 1A Farma	225 mg	Kapsel, hård
Pregabalin 1A Farma	300 mg	Kapsel, hård
Pregabalin 2care4	300 mg	Kapsel, hård
Pregabalin Accord	25 mg	Kapsel, hård
Pregabalin Accord	50 mg	Kapsel, hård
Pregabalin Accord	75 mg	Kapsel, hård
Pregabalin Accord	100 mg	Kapsel, hård
Pregabalin Accord	150 mg	Kapsel, hård
Pregabalin Accord	300 mg	Kapsel, hård
Pregabalin EQL Pharma	25 mg	Kapsel, hård
Pregabalin EQL Pharma	50 mg	Kapsel, hård
Pregabalin EQL Pharma	75 mg	Kapsel, hård
Pregabalin EQL Pharma	100 mg	Kapsel, hård
Pregabalin EQL Pharma	150 mg	Kapsel, hård
Pregabalin EQL Pharma	225 mg	Kapsel, hård
Pregabalin EQL Pharma	300 mg	Kapsel, hård
Pregabalin Krka	25 mg	Kapsel, hård
Pregabalin Krka	50 mg	Kapsel, hård
Pregabalin Krka	75 mg	Kapsel, hård
Pregabalin Krka	100 mg	Kapsel, hård
Pregabalin Krka	150 mg	Kapsel, hård
Pregabalin Krka	225 mg	Kapsel, hård
Pregabalin Krka	300 mg	Kapsel, hård
Pregabalin Orion	25 mg	Kapsel, hård
Pregabalin Orion	50 mg	Kapsel, hård
Pregabalin Orion	75 mg	Kapsel, hård
Pregabalin Orion	100 mg	Kapsel, hård
Pregabalin Orion	150 mg	Kapsel, hård
Pregabalin Orion	225 mg	Kapsel, hård
Pregabalin Orion	300 mg	Kapsel, hård
Pregabalin Sandoz	25 mg	Kapsel, hård
Pregabalin Sandoz	50 mg	Kapsel, hård
Pregabalin Sandoz	75 mg	Kapsel, hård
Pregabalin Sandoz	100 mg	Kapsel, hård
Pregabalin Sandoz	150 mg	Kapsel, hård
Pregabalin Sandoz	225 mg	Kapsel, hård
Pregabalin Sandoz	300 mg	Kapsel, hård
Pregabalin Teva	25 mg	Kapsel, hård
Pregabalin Teva	50 mg	Kapsel, hård
Pregabalin Teva	75 mg	Kapsel, hård
Pregabalin Teva	100 mg	Kapsel, hård
Pregabalin Teva	150 mg	Kapsel, hård
Pregabalin Teva	225 mg	Kapsel, hård
Pregabalin Teva	300 mg	Kapsel, hård
Premalex	10 mg	Filmdragerad tablett
Premalex	20 mg	Filmdragerad tablett
Prevenar 13		Injektionsvätska, suspension, förfylld spruta
Prevenar 20		Injektionsvätska, suspension, förfylld spruta
PREVYMIS	240 mg	Filmdragerad tablett
PREVYMIS	240 mg	Koncentrat till infusionsvätska, lösning
PREVYMIS	480 mg	Filmdragerad tablett
PREZISTA	600 mg	Filmdragerad tablett
Prialt	100 mikrogram/ml	Infusionsvätska, lösning
Primolut-Nor	5 mg	Tablett
Primovist	0,25 mmol/ml	Injektionsvätska, lösning i förfylld spruta
Primve	50 mg/ml	Pulver till oral suspension
Prionelle	150 mikrogram/30 mikrogram	Dragerad tablett
Prionelle 28	150 mikrogram/30 mikrogram	Dragerad tablett
Priorix		Pulver och vätska till injektionsvätska, lösning
Prismasol	2 mmol/l kalium	Hemofiltrationsvätska/hemodialysvätska
Prismasol	4 mmol/l kalium	Hemofiltrationsvätska/hemodialysvätska
Privigen	100 mg/ml	Infusionsvätska, lösning
Pro-Epanutin	75 mg/ml (50 mgFE/ml)	Koncentrat till infusionsvätska, lösning/injektionsvätska, lösning
Probecid	500 mg	Tablett
Procoralan	5 mg	Filmdragerad tablett
Procoralan	7,5 mg	Filmdragerad tablett
Procren Depot	11,25 mg	Pulver och vätska till injektionsvätska, suspension i förfylld spruta
Procren Depot	30 mg	Pulver och vätska till injektionsvätska, suspension i förfylld spruta
Procrin Depot	30 mg	Pulver och vätska till injektionsvätska, suspension i förfylld spruta
Procysbi	25 mg	Enterokapsel, hård
Procysbi	75 mg	Enterokapsel, hård
Produodopa	240 mg/ml + 12 mg/ml	Infusionsvätska, lösning
Profast	10 mg/ml	Injektionsvätska/infusionsvätska, emulsion
Profast	20 mg/ml	Injektionsvätska/infusionsvätska, emulsion
Prograf	0,5 mg	Kapsel, hård
Prograf	1 mg	Kapsel, hård
Prograf	5 mg	Kapsel, hård
Prograf	5 mg/ml	Koncentrat till infusionsvätska, lösning
Progynon	1 mg	Dragerad tablett
Progynon	2 mg	Dragerad tablett
ProHance	279,3 mg/ml	Injektionsvätska, lösning
Prolastina	1000 mg	Pulver och vätska till infusionsvätska, lösning
Prolia	60 mg	Injektionsvätska, lösning i förfylld spruta
Prolutex	25 mg	Injektionsvätska, lösning
Prometax	4,5 mg	Kapsel, hård
Prometazin Actavis	25 mg	Filmdragerad tablett
Pronaxen	250 mg	Tablett
Pronaxen	500 mg	Tablett
Propavan	25 mg	Tablett
Propecia	1 mg	Filmdragerad tablett
Propess	10 mg	Vaginalinlägg
Propiomazin Orifarm	25 mg	Filmdragerad tablett
Propofol-Lipuro	5 mg/ml	Injektionsvätska/infusionsvätska, emulsion
Propofol-Lipuro	10 mg/ml	Injektionsvätska/infusionsvätska, emulsion
Propofol-Lipuro	20 mg/ml	Injektionsvätska/infusionsvätska, emulsion
Propolipid	10 mg/ml	Injektionsvätska/infusionsvätska, emulsion
Propolipid	20 mg/ml	Injektions-/infusionsvätska, emulsion i förfylld spruta
Propolipid	20 mg/ml	Injektionsvätska/infusionsvätska, emulsion
Propranolol Accord	10 mg	Filmdragerad tablett
Propranolol Accord	40 mg	Filmdragerad tablett
Propranolol Ebb	10 mg	Filmdragerad tablett
Propranolol Ebb	40 mg	Filmdragerad tablett
Propranolol Medical Valley	10 mg	Filmdragerad tablett
Propranolol Medical Valley	40 mg	Filmdragerad tablett
Propyderm	200 mg/g	Kräm
Propylenglykol Evolan	200 mg/g	Kutan emulsion
Propyless	200 mg/g	Kutan emulsion
Prospan		Oral lösning
Prospan		Oral lösning i endosbehållare
Prosterid	1 mg	Filmdragerad tablett
Prostinfenem	0,25 mg/ml	Injektionsvätska, lösning
Prostivas	0,5 mg/ml	Koncentrat till infusionsvätska, lösning
Protaminsulfat LEO Pharma	1400 anti-heparin IE/ml	Injektions-/infusionsvätska, lösning
Prothromplex	500 IE	Pulver och vätska till infusionsvätska, lösning
Protopic	0,1 %	Salva
Protopic	0,03 %	Salva
Provaqomyl	250 mg/100 mg	Filmdragerad tablett
Provera	5 mg	Tablett
Provera	10 mg	Tablett
Provera	100 mg	Tablett
Provera	200 mg	Tablett
Provera	250 mg	Tablett
Provocholine	100 mg	Pulver till lösning för nebulisator
Prucalopride axunio	1 mg	Filmdragerad tablett
Prucalopride axunio	2 mg	Filmdragerad tablett
Prucalopride Holsten	1 mg	Filmdragerad tablett
Prucalopride Holsten	2 mg	Filmdragerad tablett
Prucalopride Orifarm	1 mg	Filmdragerad tablett
Prucalopride Orifarm	2 mg	Filmdragerad tablett
Prucalopride STADA	1 mg	Filmdragerad tablett
Prucalopride STADA	2 mg	Filmdragerad tablett
Prukaloprid Evolan	1 mg	Filmdragerad tablett
Prukaloprid Evolan	2 mg	Filmdragerad tablett
Pulmicort	0,5 mg/ml	Suspension för nebulisator
Pulmicort	0,25 mg/ml	Suspension för nebulisator
Pulmicort	0,125 mg/ml	Suspension för nebulisator
Pulmicort Turbuhaler	100 mikrogram/dos	Inhalationspulver
Pulmicort Turbuhaler	200 mikrogram/dos	Inhalationspulver
Pulmicort Turbuhaler	400 mikrogram/dos	Inhalationspulver
Pulmozyme	1 mg/ml	Lösning för nebulisator
Puregon	900 IE/1,08 ml	Injektionsvätska, lösning i cylinderampull
Puri-nethol	50 mg	Tablett
Purimmun	50 mg	Tablett
Pursennid Ex-Lax	12 mg	Dragerad tablett
Pyridostigmin Orifarm	60 mg	Dragerad tablett
Pyrvin	100 mg	Filmdragerad tablett
Pyzchiva	45 mg	Injektionsvätska, lösning i förfylld injektionspenna
Pyzchiva	45 mg	Injektionsvätska, lösning i förfylld spruta
Pyzchiva	90 mg	Injektionsvätska, lösning i förfylld injektionspenna
Pyzchiva	90 mg	Injektionsvätska, lösning i förfylld spruta
Pyzchiva	130 mg	Koncentrat till infusionsvätska, lösning
Qalsody	100 mg	Injektionsvätska, lösning
Qarziba	4,5 mg/mL	Koncentrat till infusionsvätska, lösning
Qdenga		Pulver och vätska till injektionsvätska, lösning i förfylld spruta
Qlaira		Filmdragerad tablett
Qsiva	3,75 mg/23 mg	Kapsel med modifierad frisättning, hård
Qsiva	7,5 mg/46 mg	Kapsel med modifierad frisättning, hård
Qsiva	11,25 mg/69 mg	Kapsel med modifierad frisättning, hård
Qsiva	15 mg/92 mg	Kapsel med modifierad frisättning, hård
Questran Loc	4 g	Pulver till oral suspension, dospåse
Quetiapin Hexal	50 mg	Depottablett
Quetiapin Hexal	150 mg	Depottablett
Quetiapin Hexal	200 mg	Depottablett
Quetiapin Hexal	300 mg	Depottablett
Quetiapin Krka	25 mg	Filmdragerad tablett
Quetiapin Krka	50 mg	Depottablett
Quetiapin Krka	100 mg	Filmdragerad tablett
Quetiapin Krka	150 mg	Depottablett
Quetiapin Krka	200 mg	Depottablett
Quetiapin Krka	200 mg	Filmdragerad tablett
Quetiapin Krka	300 mg	Depottablett
Quetiapin Krka	300 mg	Filmdragerad tablett
Quetiapin Krka	400 mg	Depottablett
Quetiapin Medical Valley	50 mg	Depottablett
Quetiapin Medical Valley	150 mg	Depottablett
Quetiapin Medical Valley	200 mg	Depottablett
Quetiapin Medical Valley	300 mg	Depottablett
Quetiapin Medical Valley	400 mg	Depottablett
Quetiapin Orion	25 mg	Filmdragerad tablett
Quetiapin Orion	100 mg	Filmdragerad tablett
Quetiapin Sandoz	25 mg	Filmdragerad tablett
Quetiapin Sandoz	100 mg	Filmdragerad tablett
Quetiapin Sandoz	200 mg	Filmdragerad tablett
Quetiapin Stada	25 mg	Filmdragerad tablett
Quetiapin Stada	100 mg	Filmdragerad tablett
Quetiapin Stada	200 mg	Filmdragerad tablett
Quetiapin Stada	300 mg	Filmdragerad tablett
Quetiapine Accord	25 mg	Filmdragerad tablett
Quetiapine Accord	50 mg	Depottablett
Quetiapine Accord	100 mg	Filmdragerad tablett
Quetiapine Accord	150 mg	Depottablett
Quetiapine Accord	200 mg	Depottablett
Quetiapine Accord	200 mg	Filmdragerad tablett
Quetiapine Accord	300 mg	Depottablett
Quetiapine Accord	300 mg	Filmdragerad tablett
Quetiapine Accord	400 mg	Depottablett
Quetiapine Teva	25 mg	Filmdragerad tablett
Quetiapine Teva	50 mg	Depottablett
Quetiapine Teva	100 mg	Filmdragerad tablett
Quetiapine Teva	150 mg	Depottablett
Quetiapine Teva	200 mg	Depottablett
Quetiapine Teva	200 mg	Filmdragerad tablett
Quetiapine Teva	300 mg	Depottablett
Quetiapine Teva	300 mg	Filmdragerad tablett
Quetiapine Teva	400 mg	Depottablett
Quilla simplex		Oral lösning
Quinsair	240 mg	Lösning för nebulisator
Qutenza	179 mg	Kutant plåster
QUVIVIQ	25 mg	Filmdragerad tablett
QUVIVIQ	50 mg	Filmdragerad tablett
Rabipur	2,5 IE/ml	Pulver och vätska till injektionsvätska, lösning i förfylld spruta
Raloxifen Ebb	60 mg	Filmdragerad tablett
Raloxifen STADA	60 mg	Filmdragerad tablett
Raloxifene Teva	60 mg	Filmdragerad tablett
Raltegravir Zentiva	600 mg	Filmdragerad tablett
Ramipril Aurobindo	5 mg	Tablett
Ramipril Aurobindo	10 mg	Tablett
Ramipril Ebb	1,25 mg	Tablett
Ramipril Ebb	2,5 mg	Tablett
Ramipril HEXAL	1,25 mg	Tablett
Ramipril HEXAL	2,5 mg	Tablett
Ramipril HEXAL	5 mg	Tablett
Ramipril HEXAL	10 mg	Tablett
Ramipril Krka	1,25 mg	Tablett
Ramipril Krka	2,5 mg	Tablett
Ramipril Krka	5 mg	Tablett
Ramipril Krka	10 mg	Tablett
Ramipril STADA	2,5 mg	Tablett
Ramipril STADA	5 mg	Tablett
Ramipril STADA	10 mg	Tablett
Ramipril Teva	1,25 mg	Tablett
Ramipril Teva	2,5 mg	Tablett
Ramipril Teva	5 mg	Tablett
Ramipril Teva	10 mg	Tablett
Ramipril/Hydrochlorothiazide Krka	2,5 mg/12,5 mg	Tablett
Ramipril/Hydrochlorothiazide Krka	5 mg/25 mg	Tablett
Ramipril/Hydroklortiazid Actavis	5 mg/25 mg	Tablett
Ramipril/Hydroklortiazid Ebb	2,5 mg/12,5 mg	Tablett
Ramipril/Hydroklortiazid Ebb	5 mg/25 mg	Tablett
Ramipril/Hydroklortiazid HEXAL	5 mg/25 mg	Tablett
Ranivisio	10 mg/ml	Injektionsvätska, lösning
Rapamune	1 mg	Dragerad tablett
Rapamune	1 mg/ml	Oral lösning
Rapibloc	300 mg/50 ml	Pulver till infusionsvätska, lösning
Rapifen	0,5 mg/ml	Injektionsvätska, lösning
Rapiscan	400 mikrogram/5 ml	Injektionsvätska, lösning
Rapydan	70 mg/70 mg	Medicinskt plåster
Rasagilin Glenmark	1 mg	Tablett
Rasagilin Krka	1 mg	Tablett
Rasagilin STADA	1 mg	Tablett
Rasagiline Accord	1 mg	Tablett
Rasagiline Bluefish	1 mg	Tablett
RAVICTI	1,1 g/ml	Oral vätska
Raxone	150 mg	Filmdragerad tablett
Reagila	1,5 mg	Kapsel, hård
Reagila	3 mg	Kapsel, hård
Reagila	4,5 mg	Kapsel, hård
Reagila	6 mg	Kapsel, hård
Rebif	22 mikrogram	Injektionsvätska, lösning i förfylld injektionspenna
Rebif	22 mikrogram	Injektionsvätska, lösning i förfylld spruta
Rebif	22 mikrogram/0,5 ml	Injektionsvätska, lösning
Rebif	44 mikrogram	Injektionsvätska, lösning i förfylld injektionspenna
Rebif	44 mikrogram	Injektionsvätska, lösning i förfylld spruta
Rebif	44 mikrogram/0,5 ml	Injektionsvätska, lösning
Reblozyl	25 mg	Pulver till injektionsvätska, lösning
Reblozyl	75 mg	Pulver till injektionsvätska, lösning
Recarbrio	500 mg/500 mg/250 mg	Pulver till infusionsvätska, lösning
Recigar	1,5 mg	Filmdragerad tablett
Recikalc-D	500 mg/400 IE	Filmdragerad tablett
Recikalc-D forte	500 mg/800 IE	Filmdragerad tablett
Recikalc-D forte	500 mg/800 IE	Tuggtablett
Rectogesic	4 mg/g	Rektalsalva
Refixia	500 IE	Pulver och vätska till injektionsvätska, lösning
Refixia	1000 IE	Pulver och vätska till injektionsvätska, lösning
Refixia	2000 IE	Pulver och vätska till injektionsvätska, lösning
Refixia	3000 IE	Pulver och vätska till injektionsvätska, lösning
Refluxid	180 mg/43,7 mg	Tuggtablett
Regiocit		Hemofiltrationsvätska
REKAMBYS	900 mg	Injektionsvätska, depotsuspension
REKOVELLE	12 mikrogram/0,36 mL	Injektionsvätska, lösning i förfylld injektionspenna
REKOVELLE	36 mikrogram/1,08 mL	Injektionsvätska, lösning i förfylld injektionspenna
REKOVELLE	72 mikrogram/2,16 mL	Injektionsvätska, lösning i förfylld injektionspenna
Relenza	5 mg/dos	Inhalationspulver, avdelad dos
Relfydess	100 E/ml	Injektionsvätska, lösning
Relifex	500 mg	Filmdragerad tablett
Relistor	12 mg/0,6 ml	Injektionsvätska, lösning
Relpax	20 mg	Filmdragerad tablett
Relpax	40 mg	Filmdragerad tablett
RELVAR ELLIPTA	92 mikrogram/22 mikrogram	Inhalationspulver, avdelad dos
RELVAR ELLIPTA	184 mikrogram/22 mikrogram	Inhalationspulver, avdelad dos
Remicade	100 mg	Pulver till koncentrat till infusionsvätska, lösning
Remifemin		Tablett
Remifentanil hameln	1 mg	Pulver till koncentrat till injektions-/infusionsvätska, lösning
Remifentanil hameln	2 mg	Pulver till koncentrat till injektions-/infusionsvätska, lösning
Remifentanil hameln	5 mg	Pulver till koncentrat till injektions-/infusionsvätska, lösning
Remifentanil Reig Jofre	1 mg	Pulver till koncentrat till injektions-/infusionsvätska, lösning
Remifentanil Reig Jofre	2 mg	Pulver till koncentrat till injektions-/infusionsvätska, lösning
Remifentanil Reig Jofre	5 mg	Pulver till koncentrat till injektions-/infusionsvätska, lösning
Reminyl	4 mg/ml	Oral lösning
Reminyl	8 mg	Depotkapsel, hård
Reminyl	16 mg	Depotkapsel, hård
Reminyl	24 mg	Depotkapsel, hård
Remodulin	1 mg/ml	Infusionsvätska, lösning
Remodulin	2,5 mg/ml	Infusionsvätska, lösning
Remodulin	5 mg/ml	Infusionsvätska, lösning
Remodulin	10 mg/ml	Infusionsvätska, lösning
Remsima	40 mg/ml	Koncentrat till infusionsvätska, lösning
Remsima	100 mg	Pulver till koncentrat till infusionsvätska, lösning
Remsima	120 mg	Injektionsvätska, lösning i förfylld injektionspenna
Rennie	680 mg/80 mg	Tuggtablett
Renvela	800 mg	Filmdragerad tablett
Repaglinid Actavis	2 mg	Tablett
Repaglinid STADA	0,5 mg	Tablett
Repaglinid STADA	1 mg	Tablett
Repaglinid STADA	2 mg	Tablett
Repaglinide Krka	0,5 mg	Tablett
Repaglinide Krka	1 mg	Tablett
Repaglinide Krka	2 mg	Tablett
Repatha	140 mg	Injektionsvätska, lösning i förfylld injektionspenna
Replagal	1 mg/ml	Koncentrat till infusionsvätska, lösning
Replens		Vaginalgel
Requip	0,25 mg	Filmdragerad tablett
Requip	1 mg	Filmdragerad tablett
Requip	2 mg	Filmdragerad tablett
Requip	5 mg	Filmdragerad tablett
Requip Depot	2 mg	Depottablett
Requip Depot	4 mg	Depottablett
Requip Depot	8 mg	Depottablett
RescueFlow		Infusionsvätska, lösning
Resolor	1 mg	Filmdragerad tablett
Resolor	2 mg	Filmdragerad tablett
Resonium		Pulver till oral/rektal suspension
Respinal	1,26 mg	Nässpray, lösning i endosbehållare
Respreeza	1000 mg	Pulver och vätska till infusionsvätska, lösning
Respreeza	4000 mg	Pulver och vätska till infusionsvätska, lösning
Respreeza	5000 mg	Pulver och vätska till infusionsvätska, lösning
Resulax	8,5 g	Rektallösning
Retacrit	10 000 IE/1,0 ml	Injektionsvätska, lösning i förfylld spruta
Retacrit	20 000 IE/0,5 ml	Injektionsvätska, lösning i förfylld spruta
Retacrit	30 000 IE/0,75 ml	Injektionsvätska, lösning i förfylld spruta
Retacrit	40 000 IE/1,0 ml	Injektionsvätska, lösning i förfylld spruta
Retacrit	1000 IE/0,3 ml	Injektionsvätska, lösning i förfylld spruta
Retacrit	2000 IE/0,6 ml	Injektionsvätska, lösning i förfylld spruta
Retacrit	3000 IE/0,9 ml	Injektionsvätska, lösning i förfylld spruta
Retacrit	4000 IE/0,4 ml	Injektionsvätska, lösning i förfylld spruta
Retacrit	5000 IE/0,5 ml	Injektionsvätska, lösning i förfylld spruta
Retacrit	6000 IE/0,6 ml	Injektionsvätska, lösning i förfylld spruta
Retacrit	8000 IE/0,8 ml	Injektionsvätska, lösning i förfylld spruta
Retrovir	10 mg/ml	Koncentrat till infusionsvätska, lösning
Retrovir	10 mg/ml	Oral lösning
Retsevmo	40 mg	Filmdragerad tablett
Retsevmo	40 mg	Kapsel, hård
Retsevmo	80 mg	Filmdragerad tablett
Retsevmo	80 mg	Kapsel, hård
Revastad	20 mg	Filmdragerad tablett
Revatio	0,8 mg/ml	Injektionsvätska, lösning
Revatio	10 mg/ml	Pulver till oral suspension
Revatio	20 mg	Filmdragerad tablett
Revestive	1,25 mg	Pulver och vätska till injektionsvätska, lösning
Revestive	5 mg	Pulver och vätska till injektionsvätska, lösning
Revolade	25 mg	Filmdragerad tablett
Revolade	25 mg	Pulver till oral suspension
Revolade	50 mg	Filmdragerad tablett
Revolade	75 mg	Filmdragerad tablett
Reyataz	300 mg	Kapsel, hård
REZOLSTA	800 mg/150 mg	Filmdragerad tablett
REZZAYO	200 mg	Pulver till koncentrat till infusionsvätska, lösning
Rhinocort Aqua	64 mikrogram/dos	Nässpray, suspension
Rhokiinsa	200 mikrogram/ml	Ögondroppar, lösning
Rhophylac	1500 IE (300 mikrogram)	Injektionsvätska, lösning i förfylld spruta
Riamet	20 mg/120 mg	Tablett
Riastap	1 g	Pulver till injektions-/infusionsvätska, lösning
Rifampicin Ebb	300 mg	Kapsel, hård
Rifampicin Ebb	600 mg	Pulver och vätska till infusionsvätska, lösning
Rifampicin Orifarm	300 mg	Kapsel, hård
Rigevidoncont	150 mikrogram/30 mikrogram	Dragerad tablett
Rigmin	9,5 mg/24 timmar	Depotplåster
Riluzol Abacus Medicine	50 mg	Filmdragerad tablett
Riluzol Actavis	50 mg	Filmdragerad tablett
Riluzol PMCS	50 mg	Filmdragerad tablett
Riluzol Stada	50 mg	Filmdragerad tablett
Rimactan	150 mg	Kapsel, hård
Rimactan	300 mg	Kapsel, hård
Rimactazid	150 mg/75 mg	Filmdragerad tablett
Rimmyrah	10 mg/ml	Injektionsvätska, lösning
Rimstar	150 mg/75 mg/400 mg/275 mg	Filmdragerad tablett
Rinason	50 mikrogram/dos	Nässpray, suspension
Rinexin	50 mg	Depottablett
Ringer-Acetat Baxter Viaflo		Infusionsvätska, lösning
Ringer-acetat Fresenius Kabi		Infusionsvätska, lösning
Ringerfundin		Infusionsvätska, lösning
Rinivent	21 mikrogram/dos	Nässpray, lösning
Rinivent	42 mikrogram/dos	Nässpray, lösning
RINVOQ	15 mg	Depottablett
RINVOQ	30 mg	Depottablett
RINVOQ	45 mg	Depottablett
Risedronat Abacus Medicine	35 mg	Filmdragerad tablett
Risedronat Sandoz	35 mg	Filmdragerad tablett
Risedronate Bluefish	35 mg	Filmdragerad tablett
Risperdal	1 mg/ml	Oral lösning
Risperdal Consta	25 mg	Pulver och vätska till injektionsvätska, depotsuspension
Risperdal Consta	37,5 mg	Pulver och vätska till injektionsvätska, depotsuspension
Risperdal Consta	50 mg	Pulver och vätska till injektionsvätska, depotsuspension
Risperidon 2care4	0,5 mg	Filmdragerad tablett
Risperidon 2care4	0,25 mg	Filmdragerad tablett
Risperidon 2care4	1 mg	Filmdragerad tablett
Risperidon 2care4	2 mg	Filmdragerad tablett
Risperidon Abacus Medicine	0,5 mg	Filmdragerad tablett
Risperidon Abacus Medicine	0,25 mg	Filmdragerad tablett
Risperidon Abacus Medicine	1 mg/ml	Oral lösning
Risperidon Abacus Medicine	3 mg	Filmdragerad tablett
Risperidon Actavis	0,5 mg	Filmdragerad tablett
Risperidon Actavis	0,25 mg	Filmdragerad tablett
Risperidon Actavis	1 mg	Filmdragerad tablett
Risperidon Actavis	2 mg	Filmdragerad tablett
Risperidon Actavis	3 mg	Filmdragerad tablett
Risperidon Actavis	4 mg	Filmdragerad tablett
Risperidon Bijon	25 mg	Pulver och vätska till injektionsvätska, depotsuspension
Risperidon Bijon	37,5 mg	Pulver och vätska till injektionsvätska, depotsuspension
Risperidon Bijon	50 mg	Pulver och vätska till injektionsvätska, depotsuspension
Risperidon Ebb	0,5 mg	Filmdragerad tablett
Risperidon Ebb	0,25 mg	Filmdragerad tablett
Risperidon Ebb	1 mg/ml	Oral lösning
Risperidon Krka	0,5 mg	Filmdragerad tablett
Risperidon Krka	1 mg	Filmdragerad tablett
Risperidon Krka	1 mg	Munsönderfallande tablett
Risperidon Krka	2 mg	Filmdragerad tablett
Risperidon Krka	2 mg	Munsönderfallande tablett
Risperidon Krka	3 mg	Filmdragerad tablett
Risperidon Krka	4 mg	Filmdragerad tablett
Risperidon Orifarm	0,25 mg	Filmdragerad tablett
Risperidon Orion	1 mg	Filmdragerad tablett
Risperidon Orion	2 mg	Filmdragerad tablett
Risperidon Orion	3 mg	Filmdragerad tablett
Risperidon Orion	4 mg	Filmdragerad tablett
Risperidon Sandoz	0,5 mg	Filmdragerad tablett
Risperidon Sandoz	0,25 mg	Filmdragerad tablett
Risperidon Sandoz	1 mg	Filmdragerad tablett
Risperidon Sandoz	1 mg/ml	Oral lösning
Risperidon Sandoz	2 mg	Filmdragerad tablett
Risperidon STADA	0,5 mg	Filmdragerad tablett
Risperidon STADA	1 mg	Filmdragerad tablett
Risperidon STADA	2 mg	Filmdragerad tablett
Risperidon STADA	3 mg	Filmdragerad tablett
Risperidon STADA	4 mg	Filmdragerad tablett
Risperidon Viatris	1 mg	Filmdragerad tablett
Risperidone Grindeks	0,5 mg	Filmdragerad tablett
Risperidone Grindeks	1 mg	Filmdragerad tablett
Risperidone Grindeks	2 mg	Filmdragerad tablett
Risperidone Grindeks	3 mg	Filmdragerad tablett
Risperidone Grindeks	4 mg	Filmdragerad tablett
Risperidone Orifarm	25 mg	Pulver och vätska till injektionsvätska, depotsuspension
Risperidone Orifarm	37,5 mg	Pulver och vätska till injektionsvätska, depotsuspension
Risperidone Orifarm	50 mg	Pulver och vätska till injektionsvätska, depotsuspension
Risperidone Teva GmbH	25 mg	Pulver och vätska till injektionsvätska, depotsuspension
Risperidone Teva GmbH	37,5 mg	Pulver och vätska till injektionsvätska, depotsuspension
Risperidone Teva GmbH	50 mg	Pulver och vätska till injektionsvätska, depotsuspension
Ritalin	10 mg	Kapsel med modifierad frisättning, hård
Ritalin	10 mg	Tablett
Ritalin	20 mg	Kapsel med modifierad frisättning, hård
Ritalin	30 mg	Kapsel med modifierad frisättning, hård
Ritalin	40 mg	Kapsel med modifierad frisättning, hård
Ritalin	60 mg	Kapsel med modifierad frisättning, hård
Ritonavir Accord	100 mg	Filmdragerad tablett
Ritonavir Viatris	100 mg	Filmdragerad tablett
Rivaroxaban Accord	2,5 mg	Filmdragerad tablett
Rivaroxaban Accord	10 mg	Filmdragerad tablett
Rivaroxaban Accord	15 mg	Filmdragerad tablett
Rivaroxaban Accord	20 mg	Filmdragerad tablett
Rivaroxaban Avansor	2,5 mg	Filmdragerad tablett
Rivaroxaban Avansor	10 mg	Filmdragerad tablett
Rivaroxaban Avansor	15 mg	Filmdragerad tablett
Rivaroxaban Avansor	20 mg	Filmdragerad tablett
Rivaroxaban Bijon	2,5 mg	Filmdragerad tablett
Rivaroxaban Bijon	10 mg	Filmdragerad tablett
Rivaroxaban Bijon	15 mg	Filmdragerad tablett
Rivaroxaban Bijon	20 mg	Filmdragerad tablett
Rivaroxaban Ebb	15 mg	Filmdragerad tablett
Rivaroxaban Ebb	20 mg	Filmdragerad tablett
Rivaroxaban Krka	2,5 mg	Filmdragerad tablett
Rivaroxaban Krka	10 mg	Filmdragerad tablett
Rivaroxaban Krka	15 mg	Filmdragerad tablett
Rivaroxaban Krka	20 mg	Filmdragerad tablett
Rivaroxaban Medical Valley	2,5 mg	Filmdragerad tablett
Rivaroxaban Medical Valley	10 mg	Filmdragerad tablett
Rivaroxaban Medical Valley	15 mg	Filmdragerad tablett
Rivaroxaban Medical Valley	20 mg	Filmdragerad tablett
Rivaroxaban Orion	2,5 mg	Filmdragerad tablett
Rivaroxaban Orion	10 mg	Filmdragerad tablett
Rivaroxaban Orion	15 mg	Filmdragerad tablett
Rivaroxaban Orion	20 mg	Filmdragerad tablett
Rivaroxaban Sandoz	2,5 mg	Filmdragerad tablett
Rivaroxaban Sandoz	10 mg	Filmdragerad tablett
Rivaroxaban Sandoz	15 mg	Filmdragerad tablett
Rivaroxaban Sandoz	20 mg	Filmdragerad tablett
Rivaroxaban STADA	2,5 mg	Filmdragerad tablett
Rivaroxaban STADA	10 mg	Filmdragerad tablett
Rivaroxaban STADA	15 mg	Filmdragerad tablett
Rivaroxaban STADA	15 mg	Kapsel, hård
Rivaroxaban STADA	20 mg	Filmdragerad tablett
Rivaroxaban STADA	20 mg	Kapsel, hård
Rivaroxaban Teva	2,5 mg	Filmdragerad tablett
Rivaroxaban Teva	10 mg	Filmdragerad tablett
Rivaroxaban Teva	15 mg	Filmdragerad tablett
Rivaroxaban Teva	20 mg	Filmdragerad tablett
Rivaroxaban Viatris	10 mg	Filmdragerad tablett
Rivaroxaban Viatris	15 mg	Filmdragerad tablett
Rivaroxaban Viatris	20 mg	Filmdragerad tablett
Rivaroxaban Zentiva	2,5 mg	Filmdragerad tablett
Rivaroxaban Zentiva	10 mg	Filmdragerad tablett
Rivaroxaban Zentiva	15 mg	Filmdragerad tablett
Rivaroxaban Zentiva	20 mg	Filmdragerad tablett
Rivastigmin Abacus Medicine	3 mg	Kapsel, hård
Rivastigmin Abacus Medicine	4,6 mg/24 timmar	Depotplåster
Rivastigmin Abacus Medicine	9,5 mg/24 timmar	Depotplåster
Rivastigmin Orion	1,5 mg	Kapsel, hård
Rivastigmin Orion	3 mg	Kapsel, hård
Rivastigmin Orion	4,5 mg	Kapsel, hård
Rivastigmin Orion	6 mg	Kapsel, hård
Rivastigmin STADA	4,6 mg/24 timmar	Depotplåster
Rivastigmin STADA	9,5 mg/24 timmar	Depotplåster
Rivastigmin STADA Arzneimittel	4,6 mg/24 timmar	Depotplåster
Rivastigmin STADA Arzneimittel	9,5 mg/24 timmar	Depotplåster
Rivastigmine Actavis	1,5 mg	Kapsel, hård
Rivastigmine Actavis	3 mg	Kapsel, hård
Rivastigmine Actavis	4,5 mg	Kapsel, hård
Rivastigmine Sandoz	1,5 mg	Kapsel, hård
Rivastigmine Sandoz	2 mg/ml	Oral lösning
Rivastigmine Sandoz	3 mg	Kapsel, hård
Rivastigmine Teva	4,6 mg/24 timmar	Depotplåster
Rivastigmine Teva	9,5 mg/24 timmar	Depotplåster
Rivastor	4,6 mg/24 timmar	Depotplåster
Rivastor	9,5 mg/24 timmar	Depotplåster
Rivastor	13,3 mg/24 timmar	Depotplåster
Rivaxa	2,5 mg	Filmdragerad tablett
Rivaxa	10 mg	Filmdragerad tablett
Rivaxa	15 mg	Filmdragerad tablett
Rivaxa	20 mg	Filmdragerad tablett
Rivomoxi	400 mg	Filmdragerad tablett
Rixathon	100 mg	Koncentrat till infusionsvätska, lösning
Rixathon	500 mg	Koncentrat till infusionsvätska, lösning
Rizasmelt	5 mg	Munsönderfallande tablett
Rizasmelt	10 mg	Munsönderfallande tablett
Rizatriptan 2care4	5 mg	Munsönderfallande tablett
Rizatriptan 2care4	5 mg	Tablett
Rizatriptan Abacus Medicine	10 mg	Tablett
Rizatriptan Ebb	5 mg	Tablett
Rizatriptan Ebb	10 mg	Tablett
Rizatriptan Glenmark	5 mg	Munsönderfallande tablett
Rizatriptan Glenmark	5 mg	Tablett
Rizatriptan Glenmark	10 mg	Munsönderfallande tablett
Rizatriptan Glenmark	10 mg	Tablett
Rizatriptan Sandoz	10 mg	Munsönderfallande tablett
Rizatriptan STADA	5 mg	Tablett
Rizatriptan STADA	10 mg	Tablett
Rizatriptan Viatris	10 mg	Munsönderfallande tablett
Rizmoic	200 mikrogram	Filmdragerad tablett
RoActemra	20 mg/ml	Koncentrat till infusionsvätska, lösning
RoActemra	162 mg	Injektionsvätska, lösning i förfylld injektionspenna
RoActemra	162 mg	Injektionsvätska, lösning i förfylld spruta
Robinul	0,2 mg/ml	Injektionsvätska, lösning
Robinul-Neostigmin	0,5 mg/ml+2,5 mg/ml	Injektionsvätska, lösning
Rocaltrol	0,25 mikrogram	Kapsel, mjuk
Rocaval	320 mg/12,5 mg	Filmdragerad tablett
Rocephalin med lidokain	1 g	Pulver och vätska till injektionsvätska, lösning
Roclanda	50 mikrogram/ml + 200 mikrogram/ml	Ögondroppar, lösning
Rocuronium B. Braun	10 mg/ml	Injektions-/infusionsvätska, lösning
Rocuronium bromide Aguettant	10 mg/ml	Injektionsvätska, lösning i förfylld spruta
Rocuronium Fresenius Kabi	10 mg/ml	Injektions-/infusionsvätska, lösning
Rocuronium hameln	10 mg/ml	Injektions-/infusionsvätska, lösning
Roflumilast Accord	500 mikrogram	Filmdragerad tablett
Roflumilast Medartuum	500 mikrogram	Filmdragerad tablett
Roflumilast Orifarm	500 mikrogram	Filmdragerad tablett
Rogaine	50 mg/g	Kutant skum
Rogaine forte	50 mg/ml	Kutan lösning
Ropinirol 2care4	2 mg	Depottablett
Ropinirol 2care4	4 mg	Depottablett
Ropinirol 2care4	8 mg	Depottablett
Ropinirol Abacus Medicine	2 mg	Depottablett
Ropinirol Abacus Medicine	4 mg	Depottablett
Ropinirol Abacus Medicine	8 mg	Depottablett
Ropinirol Bijon	2 mg	Depottablett
Ropinirol Bijon	4 mg	Depottablett
Ropinirol Bijon	8 mg	Depottablett
Ropinirol Ebb	2 mg	Depottablett
Ropinirol Ebb	4 mg	Depottablett
Ropinirol Ebb	8 mg	Depottablett
Ropinirol Krka	2 mg	Depottablett
Ropinirol Krka	4 mg	Depottablett
Ropinirol Krka	8 mg	Depottablett
Ropivacain Fresenius Kabi	2 mg/ml	Infusionsvätska, lösning
Ropivacain Fresenius Kabi	2 mg/ml	Injektionsvätska, lösning
Ropivacain Fresenius Kabi	5 mg/ml	Injektionsvätska, lösning
Ropivacain Fresenius Kabi	7,5 mg/ml	Injektionsvätska, lösning
Ropivacain Fresenius Kabi	10 mg/ml	Injektionsvätska, lösning
Ropivacaine B. Braun	2 mg/ml	Injektions-/infusionsvätska, lösning
Ropivakain Sintetica	2 mg/ml	Injektionsvätska, lösning
Ropivakain Sintetica	5 mg/ml	Injektionsvätska, lösning
Ropivakain Sintetica	7,5 mg/ml	Injektionsvätska, lösning
Ropivakain Sintetica	10 mg/ml	Injektionsvätska, lösning
Rosal 28	0,03 mg/3 mg	Filmdragerad tablett
Rosazol	1 %	Kräm
Rosuvastatin Glenmark	5 mg	Filmdragerad tablett
Rosuvastatin Glenmark	10 mg	Filmdragerad tablett
Rosuvastatin Glenmark	20 mg	Filmdragerad tablett
Rosuvastatin Glenmark	40 mg	Filmdragerad tablett
Rosuvastatin Krka d.d.	5 mg	Filmdragerad tablett
Rosuvastatin Krka d.d.	10 mg	Filmdragerad tablett
Rosuvastatin Krka d.d.	20 mg	Filmdragerad tablett
Rosuvastatin Krka d.d.	40 mg	Filmdragerad tablett
Rosuvastatin Medical Valley	5 mg	Filmdragerad tablett
Rosuvastatin Medical Valley	10 mg	Filmdragerad tablett
Rosuvastatin Medical Valley	20 mg	Filmdragerad tablett
Rosuvastatin Medical Valley	40 mg	Filmdragerad tablett
Rosuvastatin Sandoz	10 mg	Filmdragerad tablett
Rosuvastatin Sandoz	20 mg	Filmdragerad tablett
Rosuvastatin Sandoz	40 mg	Filmdragerad tablett
Rosuvastatin STADA	5 mg	Filmdragerad tablett
Rosuvastatin STADA	10 mg	Filmdragerad tablett
Rosuvastatin STADA	20 mg	Filmdragerad tablett
Rosuvastatin STADA	40 mg	Filmdragerad tablett
Rosuvastatin SUN	5 mg	Filmdragerad tablett
Rosuvastatin SUN	10 mg	Filmdragerad tablett
Rosuvastatin SUN	20 mg	Filmdragerad tablett
Rosuvastatin SUN	40 mg	Filmdragerad tablett
Rosuvastatin Teva	5 mg	Filmdragerad tablett
Rosuvastatin Teva	10 mg	Filmdragerad tablett
Rosuvastatin Teva	20 mg	Filmdragerad tablett
Rosuvastatin Teva	40 mg	Filmdragerad tablett
Rosuvastatin Viatris	5 mg	Filmdragerad tablett
Rosuvastatin Viatris	10 mg	Filmdragerad tablett
Rosuvastatin Viatris	20 mg	Filmdragerad tablett
Rosuvastatin Zentiva	5 mg	Filmdragerad tablett
Rosuvastatin Zentiva	10 mg	Filmdragerad tablett
Rosuvastatin Zentiva	20 mg	Filmdragerad tablett
Rosuvastatin Zentiva	40 mg	Filmdragerad tablett
Rotarix		Oral suspension
RotaTeq		Oral lösning
Rotigotine Medical Valley	2 mg/24 timmar	Depotplåster
Rotigotine Medical Valley	4 mg/24 timmar	Depotplåster
Rotigotine Medical Valley	6 mg/24 timmar	Depotplåster
Rotigotine Medical Valley	8 mg/24 timmar	Depotplåster
Roximstad	150 mg	Filmdragerad tablett
Rozex	0,75 %	Kräm
Rozlytrek	50 mg	Filmdragerat granulat i dospåse
Rozlytrek	100 mg	Kapsel, hård
Rozlytrek	200 mg	Kapsel, hård
Rubraca	200 mg	Filmdragerad tablett
Rubraca	250 mg	Filmdragerad tablett
Rubraca	300 mg	Filmdragerad tablett
Rukobia	600 mg	Depottablett
Ruxience	100 mg	Koncentrat till infusionsvätska, lösning
Ruxience	500 mg	Koncentrat till infusionsvätska, lösning
Ryaltris	25 mikrogram/dos + 600 mikrogram/dos	Nässpray, suspension
Rybelsus	1,5 mg	Tablett
Rybelsus	3 mg	Tablett
Rybelsus	4 mg	Tablett
Rybelsus	7 mg	Tablett
Rybelsus	9 mg	Tablett
Rybelsus	14 mg	Tablett
Rybrevant	350 mg	Koncentrat till infusionsvätska, lösning
Rybrevant	1600 mg	Injektionsvätska, lösning
Rybrevant	2240 mg	Injektionsvätska, lösning
Rybrevant	2400 mg	Injektionsvätska, lösning
Rybrevant	3520 mg	Injektionsvätska, lösning
Rydapt	25 mg	Kapsel, mjuk
Ryeqo	40 mg/1 mg/0,5 mg	Filmdragerad tablett
Ryjunea	0,1 mg/ml	Ögondroppar, lösning
Rytmonorm	150 mg	Filmdragerad tablett
Sabamin		Kapsel, mjuk
Sabrilex	500 mg	Filmdragerad tablett
Sabrilex	500 mg	Granulat till oral lösning
Safinamide Vivanta	50 mg	Filmdragerad tablett
Safinamide Vivanta	100 mg	Filmdragerad tablett
Saizen	5,83 mg/ml	Injektionsvätska, lösning
Saizen	8 mg/ml	Injektionsvätska, lösning
Salagen	5 mg	Filmdragerad tablett
Salazopyrin	500 mg	Tablett
Salazopyrin EN	500 mg	Enterotablett
Salazopyrina	500 mg	Tablett
Salflumix Easyhaler	50 mikrogram/250 mikrogram/dos	Inhalationspulver
Salflumix Easyhaler	50 mikrogram/500 mikrogram/dos	Inhalationspulver
Salipra	0,5 mg/2,5 mg	Lösning för nebulisator
Salmeterol Orifarm	50 mikrogram/dos	Inhalationspulver, avdelad dos
Salmeterol/Fluticasone Cipla	25 mikrogram/125 mikrogram/dos	Inhalationsspray, suspension
Salmeterol/Fluticasone Cipla	25 mikrogram/250 mikrogram/dos	Inhalationsspray, suspension
Salmeterol/Fluticasone Neutec	50 mikrogram/250 mikrogram/dos	Inhalationspulver, avdelad dos
Salmeterol/Fluticasone Neutec	50 mikrogram/500 mikrogram/dos	Inhalationspulver, avdelad dos
Salmex	50 mikrogram/100 mikrogram/dos	Inhalationspulver, avdelad dos
Salmex	50 mikrogram/250 mikrogram/dos	Inhalationspulver, avdelad dos
Salmex	50 mikrogram/500 mikrogram/dos	Inhalationspulver, avdelad dos
Salofalk	1 g	Suppositorium
Salofalk	1 g/puff	Rektalskum
Salofalk	1000 mg	Depotgranulat
Salofalk	1500 mg	Depotgranulat
Salofalk	3000 mg	Depotgranulat
Salures	2,5 mg	Tablett
Salures	5 mg	Tablett
Samarin		Pulver till oral lösning i dospåse
Samarin Persika Citron		Pulver till oral lösning i dospåse
Samsca	7,5 mg	Tablett
Samsca	15 mg	Tablett
Samsca	30 mg	Tablett
SANCUSO	3,1 mg/24 timmar	Depotplåster
Sandimmun	50 mg/ml	Koncentrat till infusionsvätska, lösning
Sandimmun Neoral	10 mg	Kapsel, mjuk
Sandimmun Neoral	25 mg	Kapsel, mjuk
Sandimmun Neoral	50 mg	Kapsel, mjuk
Sandimmun Neoral	100 mg	Kapsel, mjuk
Sandimmun Neoral	100 mg/ml	Oral lösning
Sandostatin	50 mikrogram/ml	Injektions-/infusionsvätska, lösning
Sandostatin	100 mikrogram/ml	Injektions-/infusionsvätska, lösning
Sandostatin	500 mikrogram/ml	Injektions-/infusionsvätska, lösning
Sandostatin LAR	10 mg	Pulver och vätska till injektionsvätska, suspension
Sandostatin LAR	20 mg	Pulver och vätska till injektionsvätska, suspension
Sandostatin LAR	30 mg	Pulver och vätska till injektionsvätska, suspension
Saphnelo	120 mg	Injektionsvätska, lösning i förfylld injektionspenna
SAPHNELO	300 mg	Koncentrat till infusionsvätska, lösning
Sapropterin Dipharma	100 mg	Löslig tablett
Sapropterin Dipharma	100 mg	Pulver till oral lösning
Sapropterin Dipharma	500 mg	Pulver till oral lösning
Sapropterin STADA	100 mg	Löslig tablett
Sapropterin Teva	100 mg	Löslig tablett
SARCLISA	20 mg/ml	Koncentrat till infusionsvätska, lösning
Sarclisa	1400 mg	Injektionsvätska, lösning
Saroten	10 mg	Filmdragerad tablett
Saroten	25 mg	Filmdragerad tablett
Sastravi	50 mg/12,5 mg/200 mg	Filmdragerad tablett
Sastravi	75 mg/18,75 mg/200 mg	Filmdragerad tablett
Sastravi	100 mg/25 mg/200 mg	Filmdragerad tablett
Sastravi	125 mg/31,25 mg/200 mg	Filmdragerad tablett
Sastravi	150 mg/37,5 mg/200 mg	Filmdragerad tablett
Sastravi	200 mg/50 mg/200 mg	Filmdragerad tablett
Sativex		Munhålespray
Savene	20 mg/ml	Pulver till koncentrat och vätska till infusionsvätska, lösning
Saxenda	6 mg/ml	Injektionsvätska, lösning i förfylld injektionspenna
Scandonest	30 mg/ml	Injektionsvätska, lösning
Scatol	3 mg	Tablett
Scemblix	20 mg	Filmdragerad tablett
Scemblix	40 mg	Filmdragerad tablett
SCENESSE	16 mg	Implantat
Scheriproct	0,19 %/0,5 %	Rektalsalva
Scheriproct	1,3 mg/1 mg	Suppositorium
Scopoderm	1 mg/72 timmar	Depotplåster
Sedaconda	100% V/V	Inhalationsånga, vätska
Sedix		Dragerad tablett
Sedix forte		Filmdragerad tablett
Seebri Breezhaler	44 mikrogram	Inhalationspulver, hård kapsel
Sefitude		Dragerad tablett
Sehcat	370 kBq	Kapsel, hård
Selesyn	50 mikrogram/ml	Injektionsvätska, lösning
Selexid	200 mg	Filmdragerad tablett
Selexid	400 mg	Filmdragerad tablett
Selincro	18 mg	Filmdragerad tablett
Seloken	1 mg/ml	Injektionsvätska, lösning
Seloken	50 mg	Tablett
SelokenZOC	25 mg	Depottablett
SelokenZOC	50 mg	Depottablett
SelokenZOC	100 mg	Depottablett
SelokenZOC	200 mg	Depottablett
Semglee	100 IE/ml	Injektionsvätska, lösning i förfylld injektionspenna
Sendolor	20 mg/ml	Injektionsvätska, lösning
Sendoxan	50 mg	Dragerad tablett
Sendoxan	200 mg	Pulver till injektions-/infusionsvätska, lösning
Sendoxan	500 mg	Pulver till injektions-/infusionsvätska, lösning
Sendoxan	1000 mg	Pulver till injektions-/infusionsvätska, lösning
Sensaval	25 mg	Filmdragerad tablett
Septocaine	40 mg/ml + 5 mikrogram/ml	Injektionsvätska, lösning
Septocaine forte	40 mg/ml + 10 mikrogram/ml	Injektionsvätska, lösning
Sequidot		Depotplåster
Serdolect	4 mg	Filmdragerad tablett
Serdolect	12 mg	Filmdragerad tablett
Seretide Evohaler mite	25 mikrogram/50 mikrogram/dos	Inhalationsspray, suspension
Serevent Diskus	50 mikrogram/dos	Inhalationspulver, avdelad dos
Serevent Evohaler	25 mikrogram/dos	Inhalationsspray, suspension
Seroquel Depot	50 mg	Depottablett
Seroquel Depot	150 mg	Depottablett
Seroquel Depot	200 mg	Depottablett
Seroquel Depot	300 mg	Depottablett
Seroquel Depot	400 mg	Depottablett
Seroxat	20 mg	Filmdragerad tablett
Sertralin Amarox	25 mg	Filmdragerad tablett
Sertralin Amarox	50 mg	Filmdragerad tablett
Sertralin Amarox	100 mg	Filmdragerad tablett
Sertralin Bluefish	50 mg	Filmdragerad tablett
Sertralin Bluefish	100 mg	Filmdragerad tablett
Sertralin Ebb	100 mg	Filmdragerad tablett
Sertralin Hexal	50 mg	Filmdragerad tablett
Sertralin Hexal	100 mg	Filmdragerad tablett
Sertralin Krka	50 mg	Filmdragerad tablett
Sertralin Krka	100 mg	Filmdragerad tablett
Sertralin Teva	50 mg	Filmdragerad tablett
Sertralin Teva	100 mg	Filmdragerad tablett
Sertralin Viatris	100 mg	Filmdragerad tablett
Sertralin Zentiva	25 mg	Filmdragerad tablett
Sertralin Zentiva	50 mg	Filmdragerad tablett
Sertralin Zentiva	100 mg	Filmdragerad tablett
Sertraline Accord	50 mg	Filmdragerad tablett
Sertraline Accord	100 mg	Filmdragerad tablett
Sertraline Orifarm	25 mg	Filmdragerad tablett
Sertraline SUN	50 mg	Filmdragerad tablett
Sertraline SUN	100 mg	Filmdragerad tablett
Sertrone	25 mg	Filmdragerad tablett
Sevelamer Ebb	2,4 g	Pulver till oral suspension
Sevelamer Sandoz	2,4 g	Pulver till oral suspension
Sevelamer Sandoz	800 mg	Filmdragerad tablett
Sevelamer Teva	800 mg	Filmdragerad tablett
Sevelamer Viatris	800 mg	Filmdragerad tablett
Sevofluran Baxter	100 %	Inhalationsånga, vätska
Sevorane		Inhalationsånga, vätska
Shaktatin	50 mg/ml	Oral lösning
Shingrix		Pulver och suspension till injektionsvätska, suspension
Sialanar	320 mikrogram/ml	Oral lösning
Sibnayal	8 mEq	Depotgranulat i dospåse
Sibnayal	24 mEq	Depotgranulat i dospåse
Siduro	2,5 %	Gel
Sifrol	0,18 mg	Tablett
SIFROL	0,26 mg	Depottablett
Sifrol	0,35 mg	Tablett
SIFROL	0,52 mg	Depottablett
SIFROL	1,05 mg	Depottablett
Signifor	0,6 mg	Injektionsvätska, lösning
Signifor	0,9 mg	Injektionsvätska, lösning
Signifor	20 mg	Pulver och vätska till injektionsvätska, suspension
Signifor	40 mg	Pulver och vätska till injektionsvätska, suspension
Signifor	60 mg	Pulver och vätska till injektionsvätska, suspension
Siklos	100 mg	Filmdragerad tablett
Siklos	1000 mg	Filmdragerad tablett
Sildenafil 1A Farma	25 mg	Tablett
Sildenafil 1A Farma	50 mg	Tablett
Sildenafil 1A Farma	100 mg	Tablett
Sildenafil Accord	25 mg	Filmdragerad tablett
Sildenafil Accord	50 mg	Filmdragerad tablett
Sildenafil Accord	100 mg	Filmdragerad tablett
Sildenafil Actavis	25 mg	Filmdragerad tablett
Sildenafil Actavis	50 mg	Filmdragerad tablett
Sildenafil Actavis	100 mg	Filmdragerad tablett
Sildenafil Medical Valley	20 mg	Filmdragerad tablett
Sildenafil Orion	25 mg	Filmdragerad tablett
Sildenafil Orion	50 mg	Filmdragerad tablett
Sildenafil Orion	100 mg	Filmdragerad tablett
Sildenafil STADA	25 mg	Filmdragerad tablett
Sildenafil STADA	50 mg	Filmdragerad tablett
Sildenafil STADA	100 mg	Filmdragerad tablett
Sildenafil Teva Pharma	20 mg	Filmdragerad tablett
Silon		Salva
SIMBRINZA	10 mg/ml + 2 mg/ml	Ögondroppar, suspension
Simdax	2,5 mg/ml	Koncentrat till infusionsvätska, lösning
Simponi	45 mg/0,45 ml	Injektionsvätska, lösning i förfylld injektionspenna
Simponi	50 mg	Injektionsvätska, lösning i förfylld injektionspenna
Simponi	50 mg	Injektionsvätska, lösning i förfylld spruta
Simponi	100 mg	Injektionsvätska, lösning i förfylld injektionspenna
Simulect	20 mg	Pulver och vätska till injektions-/infusionsvätska, lösning
Simulect	20 mg	Pulver till injektions-/infusionsvätska, lösning
Simvastatin Bluefish	10 mg	Filmdragerad tablett
Simvastatin Bluefish	20 mg	Filmdragerad tablett
Simvastatin Bluefish	40 mg	Filmdragerad tablett
Simvastatin Bluefish	80 mg	Filmdragerad tablett
Simvastatin Brown	10 mg	Filmdragerad tablett
Simvastatin Brown	20 mg	Filmdragerad tablett
Simvastatin Brown	40 mg	Filmdragerad tablett
Simvastatin Brown	80 mg	Filmdragerad tablett
Simvastatin Ebb	20 mg	Filmdragerad tablett
Simvastatin Ebb	40 mg	Filmdragerad tablett
Simvastatin Krka	10 mg	Filmdragerad tablett
Simvastatin Krka	20 mg	Filmdragerad tablett
Simvastatin Krka	40 mg	Filmdragerad tablett
Simvastatin Orion	80 mg	Filmdragerad tablett
Simvastatin Sandoz	10 mg	Filmdragerad tablett
Simvastatin Sandoz	20 mg	Filmdragerad tablett
Simvastatin Sandoz	40 mg	Filmdragerad tablett
Simvastatin STADA	10 mg	Filmdragerad tablett
Simvastatin STADA	20 mg	Filmdragerad tablett
Simvastatin STADA	40 mg	Filmdragerad tablett
Simvastatin SUN	20 mg	Filmdragerad tablett
Simvastatin SUN	40 mg	Filmdragerad tablett
Simvastatin Teva	10 mg	Filmdragerad tablett
Simvastatin Teva	20 mg	Filmdragerad tablett
Simvastatin Teva	40 mg	Filmdragerad tablett
Simvastatin Teva	80 mg	Filmdragerad tablett
Sinalfa	2 mg	Tablett
Sinalfa	5 mg	Tablett
Sinalfa	10 mg	Tablett
Sinemet	12,5 mg/50 mg	Tablett
Sinemet	25 mg/100 mg	Tablett
Singulair	4 mg	Granulat
Singulair	4 mg	Tuggtablett
Singulair	5 mg	Tuggtablett
Singulair	10 mg	Filmdragerad tablett
Sinupret forte		Dragerad tablett
Sinuxol		Dragerad tablett
SIRTURO	100 mg	Tablett
Sitagliptin Accord	25 mg	Filmdragerad tablett
Sitagliptin Accord	50 mg	Filmdragerad tablett
Sitagliptin Accord	100 mg	Filmdragerad tablett
Sitagliptin Glenmark	25 mg	Filmdragerad tablett
Sitagliptin Glenmark	50 mg	Filmdragerad tablett
Sitagliptin Glenmark	100 mg	Filmdragerad tablett
Sitagliptin Grindeks	25 mg	Filmdragerad tablett
Sitagliptin Grindeks	50 mg	Filmdragerad tablett
Sitagliptin Grindeks	100 mg	Filmdragerad tablett
Sitagliptin Krka	25 mg	Filmdragerad tablett
Sitagliptin Krka	50 mg	Filmdragerad tablett
Sitagliptin Krka	100 mg	Filmdragerad tablett
Sitagliptin Medical Valley	25 mg	Filmdragerad tablett
Sitagliptin Medical Valley	50 mg	Filmdragerad tablett
Sitagliptin Medical Valley	100 mg	Filmdragerad tablett
Sitagliptin Sandoz	25 mg	Filmdragerad tablett
Sitagliptin Sandoz	50 mg	Filmdragerad tablett
Sitagliptin Sandoz	100 mg	Filmdragerad tablett
Sitagliptin STADA	25 mg	Filmdragerad tablett
Sitagliptin STADA	50 mg	Filmdragerad tablett
Sitagliptin STADA	100 mg	Filmdragerad tablett
Sitagliptin Teva	25 mg	Filmdragerad tablett
Sitagliptin Teva	50 mg	Filmdragerad tablett
Sitagliptin Teva	100 mg	Filmdragerad tablett
Sitagliptin Viatris	25 mg	Filmdragerad tablett
Sitagliptin Viatris	50 mg	Filmdragerad tablett
Sitagliptin Viatris	100 mg	Filmdragerad tablett
Sitagliptin Viatris Pharma	25 mg	Filmdragerad tablett
Sitagliptin Viatris Pharma	50 mg	Filmdragerad tablett
Sitagliptin Viatris Pharma	100 mg	Filmdragerad tablett
Sitagliptin Zentiva k.s.	25 mg	Filmdragerad tablett
Sitagliptin Zentiva k.s.	50 mg	Filmdragerad tablett
Sitagliptin Zentiva k.s.	100 mg	Filmdragerad tablett
Sitagliptin/Metformin Glenmark	50 mg/850 mg	Filmdragerad tablett
Sitagliptin/Metformin Glenmark	50 mg/1000 mg	Filmdragerad tablett
Sitagliptin/Metformin Grindeks	50 mg/850 mg	Filmdragerad tablett
Sitagliptin/Metformin Grindeks	50 mg/1000 mg	Filmdragerad tablett
Sitagliptin/Metformin Krka	50 mg/850 mg	Filmdragerad tablett
Sitagliptin/Metformin Krka	50 mg/1000 mg	Filmdragerad tablett
Sitagliptin/Metformin Medical Valley	50 mg/850 mg	Filmdragerad tablett
Sitagliptin/Metformin Medical Valley	50 mg/1000 mg	Filmdragerad tablett
Sitagliptin/Metformin Sandoz	50 mg/850 mg	Filmdragerad tablett
Sitagliptin/Metformin Sandoz	50 mg/1000 mg	Filmdragerad tablett
Sitagliptin/Metformin STADA	50 mg/850 mg	Filmdragerad tablett
Sitagliptin/Metformin STADA	50 mg/1000 mg	Filmdragerad tablett
Sitagliptin/Metformin Viatris	50 mg/1000 mg	Filmdragerad tablett
Sitagliptin/Metformin Zentiva k.s.	50 mg/850 mg	Filmdragerad tablett
Sitagliptin/Metformin Zentiva k.s.	50 mg/1000 mg	Filmdragerad tablett
Skilarence	120 mg	Enterotablett
Skinoren	20 %	Kräm
Skyrizi	55 mg	Injektionsvätska, lösning i förfylld spruta
Skyrizi	150 mg	Injektionsvätska, lösning i förfylld injektionspenna
Skyrizi	150 mg	Injektionsvätska, lösning i förfylld spruta
Skyrizi	180 mg	Injektionsvätska, lösning i cylinderampull
Skyrizi	360 mg	Injektionsvätska, lösning i cylinderampull
Skyrizi	600 mg	Koncentrat till infusionsvätska, lösning
Slinda	4 mg	Filmdragerad tablett
SmofKabiven		Infusionsvätska, emulsion
SmofKabiven Elektrolytfri		Infusionsvätska, emulsion
SmofKabiven extra Nitrogen		Infusionsvätska, emulsion
SmofKabiven extra Nitrogen Electrolyte free		Infusionsvätska, emulsion
SmofKabiven Perifer		Infusionsvätska, emulsion
SMOFlipid	200 mg/ml	Infusionsvätska, emulsion
Softacort	3,35 mg/ml	Ögondroppar, lösning i endosbehållare
Solaraze	3 %	Gel
Solifenacin Accord	5 mg	Filmdragerad tablett
Solifenacin Accord	10 mg	Filmdragerad tablett
Solifenacin Glenmark	5 mg	Filmdragerad tablett
Solifenacin Glenmark	10 mg	Filmdragerad tablett
Solifenacin Krka	5 mg	Filmdragerad tablett
Solifenacin Krka	10 mg	Filmdragerad tablett
Solifenacin Medical Valley	5 mg	Filmdragerad tablett
Solifenacin Medical Valley	10 mg	Filmdragerad tablett
Solifenacin Sandoz	5 mg	Filmdragerad tablett
Solifenacin Sandoz	10 mg	Filmdragerad tablett
Solifenacin STADA	5 mg	Filmdragerad tablett
Solifenacin STADA	10 mg	Filmdragerad tablett
Soliris	10 mg/ml	Koncentrat till infusionsvätska, lösning
Solu-Cortef	100 mg	Pulver och vätska till injektionsvätska, lösning
Solu-Medrol	1 g	Pulver och vätska till injektionsvätska, lösning
Solu-Medrol	40 mg	Pulver och vätska till injektionsvätska, lösning
Solu-Medrol	125 mg	Pulver och vätska till injektionsvätska, lösning
Solu-Medrol	500 mg	Pulver och vätska till injektionsvätska, lösning
Soluprick Negativ Kontroll		Lösning för pricktest
Soluprick Positiv Kontroll	10 mg/ml	Lösning för pricktest
Soluprick SQ Bigift	100 mikrogram/ml	Lösning för pricktest
Soluprick SQ Bigift	Styrkeserie	Lösning för pricktest
Soluprick SQ Björk	10 HEP	Lösning för pricktest
Soluprick SQ Dermatophagoides Farinae	10 HEP	Lösning för pricktest
Soluprick SQ Dermatophagoides Pteronyssinus	10 HEP	Lösning för pricktest
Soluprick SQ Getinggift	100 mikrogram/ml	Lösning för pricktest
Soluprick SQ Getinggift	Styrkeserie	Lösning för pricktest
Soluprick SQ Gråbo	10 HEP	Lösning för pricktest
Soluprick SQ Hundhår	10 HEP	Lösning för pricktest
Soluprick SQ Katthår	10 HEP	Lösning för pricktest
Soluprick SQ Timotej	10 HEP	Lösning för pricktest
Soluvit		Pulver till infusionsvätska, lösning
Solvenix		Depotkapsel, hård
Solvezink	45 mg Zn 2+	Brustablett
SomaKit TOC	40 mikrogram	Beredningssats för radioaktivt läkemedel
Somatulina Autogel	60 mg	Injektionsvätska, lösning i förfylld spruta
Somatulina Autogel	90 mg	Injektionsvätska, lösning i förfylld spruta
Somatulina Autogel	120 mg	Injektionsvätska, lösning i förfylld spruta
Somatuline Autogel	60 mg	Injektionsvätska, lösning i förfylld spruta
Somatuline Autogel	90 mg	Injektionsvätska, lösning i förfylld spruta
Somatuline Autogel	120 mg	Injektionsvätska, lösning i förfylld spruta
SOMAVERT	10 mg	Pulver och vätska till injektionsvätska, lösning
SOMAVERT	15 mg	Pulver och vätska till injektionsvätska, lösning
SOMAVERT	20 mg	Pulver och vätska till injektionsvätska, lösning
SOMAVERT	25 mg	Pulver och vätska till injektionsvätska, lösning
SOMAVERT	30 mg	Pulver och vätska till injektionsvätska, lösning
Sondelbay	20 mikrogram/80 mikroliter	Injektionsvätska, lösning i förfylld injektionspenna
SonoVue	8 mikrol/ml	Pulver och vätska till injektionsvätska, dispersion
Soolantra	10 mg/g	Kräm
Sorafenib Accord	200 mg	Filmdragerad tablett
Sorafenib Bluefish	200 mg	Filmdragerad tablett
Sorafenib Sandoz	200 mg	Filmdragerad tablett
Sorafenib STADA	200 mg	Filmdragerad tablett
Sorafenib Teva	200 mg	Filmdragerad tablett
Sorafenib Viatris	200 mg	Filmdragerad tablett
Sotacor	80 mg	Tablett
Sotalol Viatris	40 mg	Tablett
Sotalol Viatris	80 mg	Tablett
SOTYKTU	6 mg	Filmdragerad tablett
Spektramox	50 mg/ml + 13 mg/ml	Pulver till oral suspension
Spektramox	80 mg/ml + 12 mg/ml	Pulver till oral suspension
Spevigo	450 mg	Koncentrat till infusionsvätska, lösning
Spexotras	0,05 mg/ml	Pulver till oral lösning
Spinraza	12 mg	Injektionsvätska, lösning
Spinraza	28 mg	Injektionsvätska, lösning
Spinraza	50 mg	Injektionsvätska, lösning
Spiolto Respimat	2,5 mikrogram/2,5 mikrogram per puff	Inhalationsvätska, lösning
Spiriva	18 mikrogram	Inhalationspulver, hård kapsel
Spiriva Respimat	2,5 mikrogram per puff	Inhalationsvätska, lösning
Spironolactone Accord	25 mg	Filmdragerad tablett
Spironolactone Accord	50 mg	Filmdragerad tablett
Spironolactone Accord	100 mg	Filmdragerad tablett
Spironolactone Orion	25 mg	Tablett
Spironolactone Orion	50 mg	Tablett
Spironolactone Orion	100 mg	Tablett
Spironolakton Orifarm	25 mg	Tablett
Spironolakton Orifarm	50 mg	Tablett
Spironolakton Orifarm	100 mg	Tablett
Spironolakton Pfizer	25 mg	Tablett
Spironolakton Pfizer	50 mg	Tablett
Sporanox	100 mg	Kapsel, hård
Spravato	28 mg	Nässpray, lösning
Sprycel	70 mg	Filmdragerad tablett
Sprycel	100 mg	Filmdragerad tablett
Stalevo	50 mg/12,5 mg/200 mg	Filmdragerad tablett
Stalevo	75 mg/18,75 mg/ 200 mg	Filmdragerad tablett
Stalevo	100 mg/25 mg/200 mg	Filmdragerad tablett
Stalevo	125 mg/31,25 mg/ 200 mg	Filmdragerad tablett
Stalevo	150 mg/37,5 mg/200 mg	Filmdragerad tablett
Stalevo	175 mg/43,75 mg/200 mg	Filmdragerad tablett
Stalevo	200 mg/50 mg/200 mg	Filmdragerad tablett
Stamaril		Pulver och vätska till injektionsvätska, suspension
Statraxen	100 mg/ml	Injektions-/infusionsvätska, lösning
STAYVEER	62,5 mg	Filmdragerad tablett
STAYVEER	125 mg	Filmdragerad tablett
Stefaminelle	0,02 mg/3 mg	Filmdragerad tablett
STELARA	45 mg	Injektionsvätska, lösning
STELARA	45 mg	Injektionsvätska, lösning i förfylld spruta
STELARA	90 mg	Injektionsvätska, lösning i förfylld injektionspenna
STELARA	90 mg	Injektionsvätska, lösning i förfylld spruta
STELARA	130 mg	Koncentrat till infusionsvätska, lösning
STEQEYMA	45 mg	Injektionsvätska, lösning i förfylld injektionspenna
STEQEYMA	45 mg	Injektionsvätska, lösning i förfylld spruta
STEQEYMA	90 mg	Injektionsvätska, lösning i förfylld injektionspenna
STEQEYMA	90 mg	Injektionsvätska, lösning i förfylld spruta
STEQEYMA	130 mg	Koncentrat till infusionsvätska, lösning
Sterile Water Fresenius Kabi		Spädningsvätska för parenteral användning
Sterilt vatten Baxter Viaflo		Spädningsvätska för parenteral användning
Sterilt vatten Braun		Spädningsvätska för parenteral användning
Stesolid	2 mg	Tablett
Stesolid	5 mg	Rektallösning
Stesolid	5 mg	Tablett
Stesolid	10 mg	Rektallösning
Stesolid	10 mg	Tablett
Stilnoct	10 mg	Filmdragerad tablett
Stivarga	40 mg	Filmdragerad tablett
Stoboclo	60 mg	Injektionsvätska, lösning i förfylld spruta
Strefen	8,75 mg	Sugtablett
Strefen Apelsin	8,75 mg	Sugtablett
Strefen Honung & Citron	16,2 mg/ml	Munhålespray, lösning
Strefen Honung & Eukalyptus	8,75 mg	Sugtablett
Strensiq	40 mg/ml	Injektionsvätska, lösning
Strensiq	100 mg/ml	Injektionsvätska, lösning
Strepsils Apelsin		Sugtablett
Strepsils Citron		Sugtablett
Strepsils Honung & Citron		Sugtablett
Strepsils Ingefära		Sugtablett
Strepsils Jordgubb		Sugtablett
Strepsils Mint		Sugtablett
Stribild	150 mg/150 mg/200 mg/245 mg	Filmdragerad tablett
Striroxin	25 mikrogram	Tablett
Striroxin	50 mikrogram	Tablett
Striroxin	75 mikrogram	Tablett
Striroxin	100 mikrogram	Tablett
Striroxin	125 mikrogram	Tablett
Striroxin	150 mikrogram	Tablett
Striroxin	175 mikrogram	Tablett
Striroxin	200 mikrogram	Tablett
Submena	100 mikrogram	Resoriblett, sublingual
Submena	200 mikrogram	Resoriblett, sublingual
Submena	300 mikrogram	Resoriblett, sublingual
Submena	400 mikrogram	Resoriblett, sublingual
Submena	600 mikrogram	Resoriblett, sublingual
Submena	800 mikrogram	Resoriblett, sublingual
Suboxone	2 mg/0,5 mg	Resoriblett, sublingual
Suboxone	8 mg/2 mg	Resoriblett, sublingual
Suboxone	16 mg/4 mg	Resoriblett, sublingual
Sufenta	5 mikrogram/ml	Injektionsvätska, lösning
Sufenta	50 mikrogram/ml	Injektionsvätska, lösning
Sufentanil hameln	5 mikrogram/ml	Injektions-/infusionsvätska, lösning
Sufentanil hameln	50 mikrogram/ml	Injektions-/infusionsvätska, lösning
Sugammadex Baxter	100 mg/ml	Injektionsvätska, lösning
Sugammadex Glenmark	100 mg/ml	Injektionsvätska, lösning
Sugammadex Mylan	100 mg/ml	Injektionsvätska, lösning
Sugammadex Qilu	100 mg/ml	Injektionsvätska, lösning
Sugammadex Reddy	100 mg/ml	Injektionsvätska, lösning
Sugammadex Zentiva	100 mg/ml	Injektionsvätska, lösning
Sulfasalazin medac	500 mg	Enterotablett
Suliqua	100 enheter/ml+33 mikrogram/ml	Injektionsvätska, lösning i förfylld injektionspenna
Sumatriptan 2care4	12 mg/ml	Injektionsvätska, lösning
Sumatriptan ABECE	50 mg	Filmdragerad tablett
Sumatriptan Accord	50 mg	Filmdragerad tablett
Sumatriptan Accord	100 mg	Filmdragerad tablett
Sumatriptan Advanz Pharma	12 mg/ml	Injektionsvätska, lösning i förfylld injektionspenna
Sumatriptan Apofri	50 mg	Filmdragerad tablett
Sumatriptan Bluefish	50 mg	Tablett
Sumatriptan Bluefish	100 mg	Tablett
Sumatriptan Punkt	50 mg	Filmdragerad tablett
Sumatriptan SUN	6 mg/ml	Injektionsvätska, lösning i förfylld injektionspenna
Sumatriptan SUN	12 mg/ml	Injektionsvätska, lösning
Sumatriptan Teva	50 mg	Filmdragerad tablett
Sumatriptan Teva	100 mg	Filmdragerad tablett
Sumatriptan Viatris	50 mg	Filmdragerad tablett
Sumatriptan Viatris	100 mg	Filmdragerad tablett
Sunitinib Accord	12,5 mg	Kapsel, hård
Sunitinib Accord	25 mg	Kapsel, hård
Sunitinib Accord	50 mg	Kapsel, hård
Sunitinib Avansor	12,5 mg	Kapsel, hård
Sunitinib Avansor	25 mg	Kapsel, hård
Sunitinib Bluefish	12,5 mg	Kapsel, hård
Sunitinib Bluefish	25 mg	Kapsel, hård
Sunitinib Bluefish	50 mg	Kapsel, hård
Sunitinib Glenmark	12,5 mg	Kapsel, hård
Sunitinib Glenmark	25 mg	Kapsel, hård
Sunitinib Glenmark	50 mg	Kapsel, hård
Sunitinib Sandoz	12,5 mg	Kapsel, hård
Sunitinib Sandoz	25 mg	Kapsel, hård
Sunitinib Sandoz	50 mg	Kapsel, hård
Sunitinib STADA	12,5 mg	Kapsel, hård
Sunitinib STADA	25 mg	Kapsel, hård
Sunitinib STADA	50 mg	Kapsel, hård
Sunitinib Teva	12,5 mg	Kapsel, hård
Sunlenca	300 mg	Filmdragerad tablett
Sunlenca	464 mg	Injektionsvätska, lösning
Sunosi	75 mg	Filmdragerad tablett
Sunosi	150 mg	Filmdragerad tablett
Suprane	100 %	Inhalationsånga, vätska
Suprecur	0,15 mg/dos	Nässpray, lösning
Suprefact	1 mg/ml	Injektionsvätska, lösning
Suprefact Depot	9,45 mg	Implantat
Suscard	2,5 mg	Buckaltablett
Suscard	5 mg	Buckaltablett
SUTENT	50 mg	Kapsel, hård
Suxamethonium Aguettant	10 mg/ml	Injektionsvätska, lösning i förfylld spruta
Suxinutin	50 mg/ml	Oral lösning
SYLVANT	100 mg	Pulver till koncentrat till infusionsvätska, lösning
Symbicort	160 mikrogram/4,5 mikrogram/puff	Inhalationsspray, suspension
Symbicort forte Turbuhaler	320 mikrogram/9 mikrogram/inhalation	Inhalationspulver
Symbicort mite Turbuhaler	80 mikrogram/4,5 mikrogram/inhalation	Inhalationspulver
Symbicort Turbuhaler	160 mikrogram/4,5 mikrogram/inhalation	Inhalationspulver
Symkevi	50 mg/75 mg	Filmdragerad tablett
Symkevi	100 mg/150 mg	Filmdragerad tablett
Symtuza	800 mg/150 mg/200 mg/10 mg	Filmdragerad tablett
Synacthen	0,25 mg/ml	Injektions-/infusionsvätska, lösning
Synagis	100 mg/1 ml	Injektionsvätska, lösning
Synarela	200 mikrogram/dos	Nässpray, lösning
Synjardy	5 mg/850 mg	Filmdragerad tablett
Synjardy	5 mg/1000 mg	Filmdragerad tablett
Synjardy	12,5 mg/850 mg	Filmdragerad tablett
Synjardy	12,5 mg/1000 mg	Filmdragerad tablett
Syntocinon	8,3 mikrogram/ml	Koncentrat till injektions-/infusionsvätska, lösning
Tabrecta	150 mg	Filmdragerad tablett
Tabrecta	200 mg	Filmdragerad tablett
Tacforius	0,5 mg	Depotkapsel, hård
Tacforius	1 mg	Depotkapsel, hård
Tacforius	3 mg	Depotkapsel, hård
Tacforius	5 mg	Depotkapsel, hård
Tachosil		Matrix till vävnadslim
Tacni	0,5 mg	Kapsel, hård
Tacni	1 mg	Kapsel, hård
Tacni	5 mg	Kapsel, hård
Tacrolimus 2care4	1 mg	Kapsel, hård
Tadalafil 1A Farma	5 mg	Filmdragerad tablett
Tadalafil 1A Farma	10 mg	Filmdragerad tablett
Tadalafil 1A Farma	20 mg	Filmdragerad tablett
Tadalafil Accord	5 mg	Filmdragerad tablett
Tadalafil Accord	10 mg	Filmdragerad tablett
Tadalafil Accord	20 mg	Filmdragerad tablett
Tadalafil AOP	20 mg	Filmdragerad tablett
Tadalafil Bluefish	20 mg	Filmdragerad tablett
Tadalafil Krka	5 mg	Filmdragerad tablett
Tadalafil Krka	10 mg	Filmdragerad tablett
Tadalafil Krka	20 mg	Filmdragerad tablett
Tadalafil Mylan	5 mg	Filmdragerad tablett
Tadalafil Mylan	10 mg	Filmdragerad tablett
Tadalafil Mylan	20 mg	Filmdragerad tablett
Tadalafil Orion	5 mg	Filmdragerad tablett
Tadalafil Orion	10 mg	Filmdragerad tablett
Tadalafil Orion	20 mg	Filmdragerad tablett
Tadalafil Sandoz	5 mg	Filmdragerad tablett
Tadalafil Sandoz	10 mg	Filmdragerad tablett
Tadalafil Sandoz	20 mg	Filmdragerad tablett
Tadalafil STADA Nordic	5 mg	Filmdragerad tablett
Tadalafil STADA Nordic	10 mg	Filmdragerad tablett
Tadalafil STADA Nordic	20 mg	Filmdragerad tablett
Tadalafil Teva	5 mg	Filmdragerad tablett
Tadalafil Teva	10 mg	Filmdragerad tablett
Tadalafil Teva	20 mg	Filmdragerad tablett
Tadalafil Zentiva	5 mg	Filmdragerad tablett
Tadalafil Zentiva	10 mg	Filmdragerad tablett
Tadalafil Zentiva	20 mg	Filmdragerad tablett
Tadim	1 miljon IE	Pulver till infusionsvätska, lösning
TAFINLAR	50 mg	Kapsel, hård
TAFINLAR	75 mg	Kapsel, hård
Taflotan	15 mikrogram/ml	Ögondroppar, lösning i endosbehållare
Taflotan sine	15 mikrogram /ml	Ögondroppar, lösning
TAGRISSO	40 mg	Filmdragerad tablett
TAGRISSO	80 mg	Filmdragerad tablett
TAKHZYRO	150 mg	Injektionsvätska, lösning i förfylld spruta
TAKHZYRO	300 mg	Injektionsvätska, lösning i förfylld injektionspenna
TAKHZYRO	300 mg	Injektionsvätska, lösning i förfylld spruta
Takipril	20 mg/ml	Injektionsvätska, lösning
Takrolimus 2care4	0,1%	Salva
Takrolimus Abacus Medicine	1 mg/g	Salva
Takrolimus Accord	0,1%	Salva
Takrolimus Accord	0,03%	Salva
Talmanco	20 mg	Filmdragerad tablett
Taloxa	120 mg/ml	Oral suspension
Taloxa	600 mg	Tablett
Taltz	80 mg	Injektionsvätska, lösning i förfylld injektionspenna
Taltz	80 mg	Injektionsvätska, lösning i förfylld spruta
TALVEY	2 mg/ml	Injektionsvätska, lösning
TALVEY	40 mg/ml	Injektionsvätska, lösning
Talzenna	0,1 mg	Kapsel, hård
Talzenna	0,25 mg	Kapsel, hård
Talzenna	1 mg	Kapsel, hård
Tambocor	100 mg	Tablett
Tambocor Retard	100 mg	Depotkapsel, hård
Tambocor Retard	200 mg	Depotkapsel, hård
Tamicten	0,4 mg	Kapsel med modifierad frisättning, hård
Tamiflu	6 mg/ml	Pulver till oral suspension
Tamiflu	30 mg	Kapsel, hård
Tamiflu	45 mg	Kapsel, hård
Tamiflu	75 mg	Kapsel, hård
Tamoxifen Ebb	20 mg	Filmdragerad tablett
Tamoxifen Ebb	20 mg	Tablett
Tamoxifen Orifarm	20 mg	Tablett
Tamoxifen Sandoz	20 mg	Filmdragerad tablett
Tamoxifen Viatris	20 mg	Tablett
Tamsulosin Medartuum	0,4 mg	Kapsel med modifierad frisättning, hård
Tapentadol Consilient Health	50 mg	Filmdragerad tablett
Tapentadol Depot Krka	50 mg	Depottablett
Tapentadol Depot Krka	100 mg	Depottablett
Tapentadol Depot Krka	150 mg	Depottablett
Tapentadol Depot Krka	200 mg	Depottablett
Tapentadol Depot Krka	250 mg	Depottablett
Tapentadol Depot Medical Valley	50 mg	Depottablett
Tapentadol Depot Medical Valley	100 mg	Depottablett
Tapentadol Depot Medical Valley	150 mg	Depottablett
Tapentadol Depot Medical Valley	200 mg	Depottablett
Tapentadol Depot STADA	50 mg	Depottablett
Tapentadol Depot STADA	100 mg	Depottablett
Tapentadol Depot STADA	150 mg	Depottablett
Tapentadol Depot STADA	200 mg	Depottablett
Tapentadol Depot STADA	250 mg	Depottablett
Tapentadol G.L. Pharma	50 mg	Filmdragerad tablett
Tapimio Depot	50 mg	Depottablett
Tapin	25 mg/25 mg	Medicinskt plåster
Tapin	25 mg/g + 25 mg/g	Kräm
Taptiqom	15 mikrogram/ml+5 mg/ml	Ögondroppar, lösning i endosbehållare
Taptiqom sine	15 mikrogram/ml + 5 mg/ml	Ögondroppar, lösning
Targiniq	5 mg/2,5 mg	Depottablett
Targiniq	10 mg/5 mg	Depottablett
Targiniq	20 mg/10 mg	Depottablett
Targiniq	40 mg/20 mg	Depottablett
Targocid	400 mg	Pulver till injektions-/infusionsvätska, lösning
Targretin	75 mg	Kapsel, mjuk
Tasigna	50 mg	Kapsel, hård
Tasigna	150 mg	Kapsel, hård
Tasigna	200 mg	Kapsel, hård
Tasmar	100 mg	Filmdragerad tablett
Tavanic	5 mg/ml	Infusionsvätska, lösning
Tavegyl	1 mg	Tablett
TAVLESSE	100 mg	Filmdragerad tablett
TAVLESSE	150 mg	Filmdragerad tablett
Tears Naturale	3 mg/ml + 1 mg/ml	Ögondroppar, lösning
Tears Naturale	3 mg/ml + 1 mg/ml	Ögondroppar, lösning i endosbehållare
Tecartus	40 - 200 miljoner celler	Infusionsvätska, dispersion
Tecentriq	840 mg	Koncentrat till infusionsvätska, lösning
Tecentriq	1200 mg	Koncentrat till infusionsvätska, lösning
Tecentriq	1875 mg	Injektionsvätska, lösning
Tecfidera	120 mg	Enterokapsel, hård
Tecfidera	240 mg	Enterokapsel, hård
Tecvayli	10 mg/ml	Injektionsvätska, lösning
Tecvayli	90 mg/ml	Injektionsvätska, lösning
Teduglutide Viatris	5 mg	Pulver och vätska till injektionsvätska, lösning
Teglutik	5 mg/ml	Oral suspension
Tegretol	20 mg/ml	Oral suspension
Tegretol	100 mg	Tablett
Tegretol	200 mg	Tablett
Tegretol	400 mg	Tablett
Tegretol Retard	200 mg	Depottablett
Tegretol Retard	400 mg	Depottablett
Tegsedi	284 mg	Injektionsvätska, lösning i förfylld spruta
Teicoplanin Bradex	200 mg	Pulver och vätska till injektions-/infusionsvätska, lösning
Teicoplanin Bradex	400 mg	Pulver och vätska till injektions-/infusionsvätska, lösning
Teicoplanin Sandoz	400 mg	Pulver och vätska till injektions-/infusionsvätska, lösning
Telfast	180 mg	Filmdragerad tablett
Telmark	20 mg	Filmdragerad tablett
Telmark	40 mg	Filmdragerad tablett
Telmark	80 mg	Filmdragerad tablett
Telmisartan Ebb	80 mg	Filmdragerad tablett
Telmisartan STADA	20 mg	Filmdragerad tablett
Telmisartan STADA	40 mg	Filmdragerad tablett
Telmisartan STADA	80 mg	Filmdragerad tablett
Telmisartan/Hydroklortiazid Medical Valley	80 mg/12,5 mg	Tablett
Temgesic	0,2 mg	Resoriblett, sublingual
Temgesic	0,4 mg	Resoriblett, sublingual
Temodal	2,5 mg/ml	Pulver till infusionsvätska, lösning
Temodal	100 mg	Kapsel, hård
Temodal	140 mg	Kapsel, hård
Temomedac	140 mg	Kapsel, hård
Temozolomid STADA	20 mg	Kapsel, hård
Temozolomid STADA	100 mg	Kapsel, hård
Temozolomid STADA	140 mg	Kapsel, hård
Temozolomid STADA	180 mg	Kapsel, hård
Temozolomid STADA	250 mg	Kapsel, hård
Temozolomide Accord	20 mg	Kapsel, hård
Temozolomide Accord	100 mg	Kapsel, hård
Temozolomide Accord	140 mg	Kapsel, hård
Temozolomide Accord	180 mg	Kapsel, hård
Temozolomide Accord	250 mg	Kapsel, hård
Temozolomide SUN	20 mg	Kapsel, hård
Temozolomide SUN	100 mg	Kapsel, hård
Temozolomide SUN	140 mg	Kapsel, hård
Temozolomide SUN	180 mg	Kapsel, hård
Temozolomide SUN	250 mg	Kapsel, hård
Tendiore	245 mg	Filmdragerad tablett
Tenofovir disoproxil Accordpharma	245 mg	Filmdragerad tablett
Tenofovir disoproxil Glenmark	245 mg	Filmdragerad tablett
Tenofovir disoproxil Sandoz	245 mg	Filmdragerad tablett
Tenofovir disoproxil STADA	245 mg	Filmdragerad tablett
Tenofovir disoproxil Teva	245 mg	Filmdragerad tablett
Tenofovir Disoproxil Viatris	245 mg	Filmdragerad tablett
Tenofovir disoproxil Zentiva	245 mg	Filmdragerad tablett
Tenutex	20 mg/g + 225 mg/g	Kutan emulsion
Teofyllamin Viatris	23 mg/ml	Injektionsvätska, lösning
TEPADINA	15 mg	Pulver till koncentrat till infusionsvätska, lösning
TEPADINA	100 mg	Pulver till koncentrat till infusionsvätska, lösning
TEPADINA	400 mg	Pulver och vätska till infusionsvätska, lösning
TEPEZZA	500 mg	Pulver till koncentrat till infusionsvätska, lösning
Tepkinly	4 mg/0,8 ml	Injektionsvätska, lösning
Tepkinly	48 mg	Injektionsvätska, lösning
TEPMETKO	225 mg	Filmdragerad tablett
Teppix	0,5 mg/ml	Nässpray, lösning
Teppix	1 mg/ml	Nässpray, lösning
Teppzin	1 mg/ml	Nässpray, lösning
Terbinafin 2care4	250 mg	Tablett
Terbinafin Abacus Medicine	250 mg	Tablett
Terbinafin ABECE	10 mg/g	Kräm
Terbinafin Apofri	10 mg/g	Kräm
Terbinafin Ebb	250 mg	Tablett
Terbinafin Hexal	250 mg	Tablett
Terbinafin Medical Valley	250 mg	Tablett
Terbinafin Teva	10 mg/g	Kräm
Terbinafine Bijon	250 mg	Tablett
Terbisil	10 mg/g	Kräm
Terclara	98 mg/ml	Kutan lösning
Teriflunomid Zentiva	14 mg	Filmdragerad tablett
Teriflunomide Accord	14 mg	Filmdragerad tablett
Teriflunomide Krka	14 mg	Filmdragerad tablett
Teriflunomide Newbury	14 mg	Filmdragerad tablett
Teriflunomide Sandoz	14 mg	Filmdragerad tablett
Teriflunomide STADA	14 mg	Filmdragerad tablett
Teriflunomide Viatris	14 mg	Filmdragerad tablett
Teriflunomide Vivanta	14 mg	Filmdragerad tablett
Teriparatide Teva	20 mikrogram/80 mikroliter	Injektionsvätska, lösning i förfylld injektionspenna
Terlipressin SUN	1 mg	Injektionsvätska, lösning
Terracortril	30 mg/g+10 mg/g	Salva
Terracortril med Polymyxin B		Ögon-/örondroppar, suspension
Terracortril med Polymyxin B		Ögon-/öronsalva
Terrosa	20 mikrogram/80 mikroliter	Injektionsvätska, lösning
Terrosa	20 mikrogram/80 mikroliter	Injektionsvätska, lösning i förfylld injektionspenna
Testavan	20 mg/g	Transdermal gel
Testogel	16,2 mg/g	Transdermal gel
Testogel	50 mg	Transdermal gel
Testonur	1000 mg/4 ml	Injektionsvätska, lösning
Testosteron Medical Valley	1000 mg/4 ml	Injektionsvätska, lösning
Testosterone Orifarm	1000 mg/4 ml	Injektionsvätska, lösning
Testosterone SUN	1000 mg/4 ml	Injektionsvätska, lösning
Testosterone Teva	1000 mg/4 ml	Injektionsvätska, lösning
Tetmodis	25 mg	Tablett
Tetrakain Bausch & Lomb	1 % (10 mg/ml)	Ögondroppar, lösning i endosbehållare
Tetralysal	300 mg	Kapsel, hård
Tetravac		Injektionsvätska, suspension, förfylld spruta
Tevimbra	100 mg	Koncentrat till infusionsvätska, lösning
Teysuno	15 mg/4,35 mg/11,8 mg	Kapsel, hård
Teysuno	20 mg/5,8 mg/15,8 mg	Kapsel, hård
Tezspire	210 mg	Injektionsvätska, lösning i förfylld injektionspenna
Tezspire	210 mg	Injektionsvätska, lösning i förfylld spruta
Thacapzol	5 mg	Tablett
Thalidomide BMS	50 mg	Kapsel, hård
Theracough	20 mg/ml	Oral lösning
Thiamazole Uni-Pharma	5 mg	Tablett
Thiamine Ebb	50 mg/ml	Injektionsvätska, lösning
Thiamine Ebb	125 mg/ml	Injektionsvätska, lösning
Thiamine Sterop	50 mg/ml	Injektionsvätska, lösning
Thiamine Sterop	125 mg/ml	Injektionsvätska, lösning
Thiatum	50 mg/ml	Injektionsvätska, lösning
Thiotepa Abcur	15 mg	Pulver till koncentrat till infusionsvätska, lösning
Thiotepa Abcur	100 mg	Pulver till koncentrat till infusionsvätska, lösning
Thiotepa Fresenius Kabi	15 mg	Pulver till koncentrat till infusionsvätska, lösning
Thiotepa Fresenius Kabi	100 mg	Pulver till koncentrat till infusionsvätska, lösning
Thiotepa Riemser	15 mg	Pulver till koncentrat till infusionsvätska, lösning
Thiotepa Riemser	100 mg	Pulver till koncentrat till infusionsvätska, lösning
Thylip	200 mg	Kapsel, hård
Thymoglobuline	5 mg/ml	Pulver till infusionsvätska, lösning
Thyrogen	0,9 mg	Pulver till injektionsvätska, lösning
Tiamazol 2care4	5 mg	Tablett
Tiamazol Abacus Medicine	5 mg	Tablett
Tiamazol Ebb	5 mg	Tablett
Tibinide	300 mg	Tablett
Tibocina	2,5 mg	Tablett
Tibolon Oresund Pharma	2,5 mg	Tablett
Tibsovo	250 mg	Filmdragerad tablett
Ticagrelor Accord	60 mg	Filmdragerad tablett
Ticagrelor Accord	90 mg	Filmdragerad tablett
Ticagrelor Avansor	90 mg	Filmdragerad tablett
Ticagrelor Holsten	60 mg	Filmdragerad tablett
Ticagrelor Holsten	90 mg	Filmdragerad tablett
Ticagrelor Krka	60 mg	Filmdragerad tablett
Ticagrelor Krka	90 mg	Filmdragerad tablett
Ticagrelor Medical Valley	60 mg	Filmdragerad tablett
Ticagrelor Medical Valley	90 mg	Filmdragerad tablett
Ticagrelor Newbury	60 mg	Filmdragerad tablett
Ticagrelor Newbury	90 mg	Filmdragerad tablett
Ticagrelor Sandoz	60 mg	Filmdragerad tablett
Ticagrelor Sandoz	90 mg	Filmdragerad tablett
Ticagrelor STADA	60 mg	Filmdragerad tablett
Ticagrelor STADA	90 mg	Filmdragerad tablett
Ticagrelor SUN	60 mg	Filmdragerad tablett
Ticagrelor SUN	90 mg	Filmdragerad tablett
Ticagrelor Teva	60 mg	Filmdragerad tablett
Ticagrelor Teva	90 mg	Filmdragerad tablett
Ticagrelor Vivanta	60 mg	Filmdragerad tablett
Ticagrelor Vivanta	90 mg	Filmdragerad tablett
Ticagrelor Zentiva	60 mg	Filmdragerad tablett
Ticagrelor Zentiva	90 mg	Filmdragerad tablett
Tigecycline Accord	50 mg	Pulver till infusionsvätska, lösning
Tigecycline EQL Pharma	50 mg	Pulver till infusionsvätska, lösning
Tigecycline Viatris	50 mg	Pulver till infusionsvätska, lösning
Tiger Balsam Röd		Salva
Tiger Balsam Soft		Salva
Tiger Balsam Vit		Salva
Tikacillin	1 g	Filmdragerad tablett
Tikacillin	800 mg	Filmdragerad tablett
Timosan	1 mg/ml	Depotögondroppar
Timosan	1 mg/ml	Depotögondroppar, lösning i endosbehållare
Tiogiva	18 mikrogram	Inhalationspulver, hård kapsel
Tiopental Ebb	0,5 g	Pulver till injektionsvätska, lösning
Tiopental Ebb	1 g	Pulver till injektionsvätska, lösning
Tiotropium STADA	18 mikrogram	Inhalationspulver, hård kapsel
Tisseel		Lösningar till vävnadslim
Tivicay	5 mg	Dispergerbar tablett
Tivicay	50 mg	Filmdragerad tablett
Tobi	300 mg/5 ml	Lösning för nebulisator
TOBI Podhaler	28 mg	Inhalationspulver, hård kapsel
Tobramycin EQL Pharma	40 mg/ml	Injektionsvätska, lösning
Tobramycin EQL Pharma	80 mg/ml	Injektionsvätska, lösning
Tobrasone	3 mg/ml / 1 mg/ml	Ögondroppar, suspension
Toflacort	3 mg/ml + 1 mg/ml	Ögondroppar, suspension
Toilax	5 mg	Enterotablett
Toilax	5 mg + 10 mg/5 ml	Enterotablett + rektalsuspension
Toilax	10 mg/5 ml	Rektalsuspension
Tolak	40 mg/g	Kräm
Tolterodin Abacus Medicine	2 mg	Depotkapsel, hård
Tolterodin Abacus Medicine	4 mg	Depotkapsel, hård
Tolterodin Bijon	2 mg	Depotkapsel, hård
Tolterodin Bijon	4 mg	Depotkapsel, hård
Tolterodin Ebb	4 mg	Depotkapsel, hård
Tolterodin Rivopharm	2 mg	Depotkapsel, hård
Tolterodin Rivopharm	4 mg	Depotkapsel, hård
Tolterodin STADA	2 mg	Depotkapsel, hård
Tolterodin STADA	4 mg	Depotkapsel, hård
Tolterodine Accord	1 mg	Filmdragerad tablett
Tolterodine Accord	2 mg	Filmdragerad tablett
Tolterodine Sandoz	2 mg	Depotkapsel, hård
Tolterodine Sandoz	4 mg	Depotkapsel, hård
Tolterodine Teva	2 mg	Depotkapsel, hård
Tolterodine Teva	4 mg	Depotkapsel, hård
Tolucombi	80 mg/12,5 mg	Tablett
Tolucombi	80 mg/25 mg	Tablett
Tolura	40 mg	Tablett
Tolura	80 mg	Tablett
Tolvaptan Accord	7,5 mg	Tablett
Tolvaptan Accord	15 mg	Tablett
Tolvaptan Accord	30 mg	Tablett
Tolvaptan Teva	15 mg	Tablett
Tolvaptan Teva	30 mg	Tablett
Tolvaptan Teva B.V.	15 mg + 45 mg	Tablett
Tolvaptan Teva B.V.	30 mg + 60 mg	Tablett
Tolvaptan Teva B.V.	30 mg + 90 mg	Tablett
Tomonil	1,5 mg	Tablett
Top Dent fluor	0,42 % F	Dentalgel
Topamac	200 mg	Filmdragerad tablett
Topimax	15 mg	Kapsel, hård
Topimax	25 mg	Filmdragerad tablett
Topimax	25 mg	Kapsel, hård
Topimax	50 mg	Filmdragerad tablett
Topimax	100 mg	Filmdragerad tablett
Topiramat 1A Farma	25 mg	Filmdragerad tablett
Topiramat 1A Farma	50 mg	Filmdragerad tablett
Topiramat 1A Farma	100 mg	Filmdragerad tablett
Topiramat 1A Farma	200 mg	Filmdragerad tablett
Topiramat Actavis	50 mg	Filmdragerad tablett
Topiramat Actavis	100 mg	Filmdragerad tablett
Topiramat Actavis	200 mg	Filmdragerad tablett
Topiramat Orion	25 mg	Filmdragerad tablett
Topiramat Orion	50 mg	Filmdragerad tablett
Topiramat Orion	100 mg	Filmdragerad tablett
Topiramat Orion	200 mg	Filmdragerad tablett
Topiramat ratiopharm	25 mg	Filmdragerad tablett
Topiramat ratiopharm	50 mg	Filmdragerad tablett
Topiramat ratiopharm	100 mg	Filmdragerad tablett
Topogyne	400 mikrogram	Tablett
Topotecan Ebewe	1 mg/ml	Koncentrat till infusionsvätska, lösning
Toradol	30 mg/ml	Injektionsvätska, lösning
Torasemid 2care4	5 mg	Tablett
Torasemid 2care4	10 mg	Tablett
Torasemid Ebb	5 mg	Tablett
Torasemid Ebb	10 mg	Tablett
Torasemid Orifarm	10 mg	Tablett
Toredin	1 mg/ml	Ögondroppar, lösning
Torem	5 mg	Tablett
Torem	10 mg	Tablett
Torzkom	20 mg/ml + 5 mg/ml	Ögondroppar, lösning i endosbehållare
Tostrex	20 mg/g	Transdermal gel
Toujeo DoubleStar	300 enheter/ml	Injektionsvätska, lösning i förfylld injektionspenna
Toujeo SoloStar	300 enheter/ml	Injektionsvätska, lösning i förfylld injektionspenna
TOVIAZ	4 mg	Depottablett
Trabectedin Accord	0,25 mg	Pulver till koncentrat till infusionsvätska, lösning
Trabectedin Accord	1 mg	Pulver till koncentrat till infusionsvätska, lösning
Trabectedin EVER Pharma	0,25 mg	Pulver till koncentrat till infusionsvätska, lösning
Trabectedin EVER Pharma	1 mg	Pulver till koncentrat till infusionsvätska, lösning
Trabectedin Teva	0,25 mg	Pulver till koncentrat till infusionsvätska, lösning
Trabectedin Teva	1 mg	Pulver till koncentrat till infusionsvätska, lösning
Trabektedin SUN	0,25 mg	Pulver till koncentrat till infusionsvätska, lösning
Trabektedin SUN	1 mg	Pulver till koncentrat till infusionsvätska, lösning
Tracleer	62,5 mg	Filmdragerad tablett
Tracleer	125 mg	Filmdragerad tablett
TRACTOCILE	6,75 mg/0,9 ml	Injektionsvätska, lösning
TRACTOCILE	37,5 mg/5 ml	Koncentrat till infusionsvätska, lösning
Tradil	300 mg	Filmdragerad tablett
Tradil	400 mg	Filmdragerad tablett
Tradolan	50 mg	Filmdragerad tablett
Tradolan	50 mg/ml	Injektionsvätska, lösning
Tradolan Retard	100 mg	Depottablett
Tradolan Retard	150 mg	Depottablett
Tradolan Retard	200 mg	Depottablett
Trajenta	5 mg	Filmdragerad tablett
Tramadol 2care4	100 mg	Kapsel, hård
Tramadol Actavis	50 mg	Kapsel, hård
Tramadol HEXAL	50 mg	Kapsel, hård
Tramadol HEXAL	100 mg	Kapsel, hård
Tramadol Krka	50 mg	Kapsel, hård
Tramadol Retard Actavis	100 mg	Depottablett
Tramadol Retard Actavis	150 mg	Depottablett
Tramadol Retard Actavis	200 mg	Depottablett
Tramadol Retard Hexal	100 mg	Depottablett
Tramadol Retard Hexal	150 mg	Depottablett
Tramadol Retard Krka	100 mg	Depottablett
Tramadol Retard Krka	150 mg	Depottablett
Tramadol Retard Krka	200 mg	Depottablett
Tramadol STADA	50 mg	Kapsel, hård
Trandate	5 mg/ml	Injektionsvätska, lösning
Trandate	100 mg	Filmdragerad tablett
Trandate	200 mg	Filmdragerad tablett
Tranexa	500 mg	Filmdragerad tablett
Tranexamsyra Ebb	500 mg	Filmdragerad tablett
Tranexamsyra Orifarm	500 mg	Filmdragerad tablett
Tranexkabi	10 mg/ml	Infusionsvätska, lösning
Trans-Ver-Sal 6 mm	15 %	Medicinskt plåster
Trans-Ver-Sal 12 mm	15 %	Medicinskt plåster
Tranylcypromine Glenmark	10 mg	Filmdragerad tablett
Tranylcypromine Glenmark	20 mg	Filmdragerad tablett
Trasylol	10000 KIE/ml	Injektions-/infusionsvätska, lösning
Travabloc	40 mikrogram/ml + 5 mg/ml	Ögondroppar, lösning
Travatan	40 mikrogram/ml	Ögondroppar, lösning
Travoprost Medical Valley	40 mikrogram/ml	Ögondroppar, lösning
Travoprost Sandoz	40 mikrogram/ml	Ögondroppar, lösning
Travoprost STADA	40 mikrogram/ml	Ögondroppar, lösning
Travoprost/Timolol Medical Valley	40 mikrogram/ml + 5 mg/ml	Ögondroppar, lösning
Travoprost/Timolol STADA	40 mikrogram/ml + 5 mg/ml	Ögondroppar, lösning
Travoprost/Timolol Zentiva	40 mikrogram/ml + 5 mg/ml	Ögondroppar, lösning
Trazimera	150 mg	Pulver till koncentrat till infusionsvätska, lösning
Trazimera	420 mg	Pulver till koncentrat till infusionsvätska, lösning
Trecondi	1 g	Pulver till infusionsvätska, lösning
Trecondi	5 g	Pulver till infusionsvätska, lösning
Trelegy Ellipta	92 mikrogram/55 mikrogram/22 mikrogram	Inhalationspulver, avdelad dos
Tremfya	45 mg/0,45 ml	Injektionsvätska, lösning i förfylld injektionspenna
Tremfya	100 mg	Injektionsvätska, lösning i förfylld spruta
Tremfya	200 mg	Injektionsvätska, lösning i förfylld injektionspenna
Tremfya	200 mg	Koncentrat till infusionsvätska, lösning
Tremfya (OnePress)	100 mg	Injektionsvätska, lösning i förfylld injektionspenna
Tremfya (PushPen)	100 mg	Injektionsvätska, lösning i förfylld injektionspenna
Treo	500 mg/50 mg	Brustablett
Treo	500 mg/50 mg	Tablett
Treo citrus	500 mg/50 mg	Brustablett
Treo comp		Brustablett
Treo Hallon	500 mg/50 mg	Brustablett
Tresiba FlexTouch	100 enheter/ml	Injektionsvätska, lösning i förfylld injektionspenna
Tresiba FlexTouch	200 enheter/ml	Injektionsvätska, lösning i förfylld injektionspenna
Tresiba Penfill	100 enheter/ml	Injektionsvätska, lösning i cylinderampull
Tresuvi	1 mg/ml	Infusionsvätska, lösning
Tresuvi	2,5 mg/ml	Infusionsvätska, lösning
Tresuvi	5 mg/ml	Infusionsvätska, lösning
Tresuvi	10 mg/ml	Infusionsvätska, lösning
TREVICTA	175 mg	Injektionsvätska, depotsuspension
TREVICTA	263 mg	Injektionsvätska, depotsuspension
TREVICTA	350 mg	Injektionsvätska, depotsuspension
TREVICTA	525 mg	Injektionsvätska, depotsuspension
Triaxis		Injektionsvätska, suspension, förfylld spruta
Tribonat		Infusionsvätska, lösning
Trientine Tillomed	167 mg	Kapsel, hård
Trientine Waymade	200 mg	Kapsel, hård
Trilafon dekanoat	108 mg/ml	Injektionsvätska, lösning
Trileptal	60 mg/ml	Oral suspension
Trileptal	150 mg	Filmdragerad tablett
Trileptal	300 mg	Filmdragerad tablett
Trileptal	600 mg	Filmdragerad tablett
Trimbow	87 mikrogram/5 mikrogram/9 mikrogram	Inhalationsspray, lösning
Trimbow	88 mikrogram/5 mikrogram/9 mikrogram	Inhalationspulver
Trimbow	172 mikrogram/5 mikrogram/9 mikrogram	Inhalationsspray, lösning
Trimetoprim Viatris	10 mg/ml	Oral suspension
Trimonil retard	150 mg	Depottablett
Trimonil retard	200 mg	Depottablett
Trimonil retard	400 mg	Depottablett
TrioBe		Tablett
TRISENOX	2 mg/ml	Koncentrat till infusionsvätska, lösning
Triumeq	5 mg/60 mg/30 mg	Dispergerbar tablett
Triumeq	50 mg/600 mg/300 mg	Filmdragerad tablett
Trixeo Aerosphere	5 mikrogram/7,2 mikrogram/160 mikrogram	Inhalationsspray, suspension
Trodelvy	200 mg	Pulver till koncentrat till infusionsvätska, lösning
Trombyl	75 mg	Tablett
Trombyl	160 mg	Tablett
Tropikamid Bausch & Lomb	0,5 % (5 mg/ml)	Ögondroppar, lösning i endosbehållare
Trulicity	0,75 mg	Injektionsvätska, lösning i förfylld injektionspenna
Trulicity	1,5 mg	Injektionsvätska, lösning i förfylld injektionspenna
Trulicity	3 mg	Injektionsvätska, lösning i förfylld injektionspenna
Trulicity	4,5 mg	Injektionsvätska, lösning i förfylld injektionspenna
TRUQAP	160 mg	Filmdragerad tablett
TRUQAP	200 mg	Filmdragerad tablett
Trusopt	20 mg/ml	Ögondroppar, lösning
Trusopt	20 mg/ml	Ögondroppar, lösning i endosbehållare
Truvada	200 mg/245 mg	Filmdragerad tablett
Truxal	25 mg	Filmdragerad tablett
Truxal	50 mg	Filmdragerad tablett
Tuberculin PPD RT 23 AJVaccines	2 T.U./0,1 ml	Injektionsvätska, lösning
TUKYSA	50 mg	Filmdragerad tablett
TUKYSA	150 mg	Filmdragerad tablett
Tuzulby	20 mg	Depottuggtablett
Tuzulby	30 mg	Depottuggtablett
Tuzulby	40 mg	Depottuggtablett
Twinrix Paediatric		Injektionsvätska, suspension
Twinrix Vuxen		Injektionsvätska, suspension
Tybost	150 mg	Filmdragerad tablett
Tyenne	20 mg/ml	Koncentrat till infusionsvätska, lösning
Tyenne	162 mg	Injektionsvätska, lösning i förfylld injektionspenna
Tyenne	162 mg	Injektionsvätska, lösning i förfylld spruta
Tygacil	50 mg	Pulver till infusionsvätska, lösning
Typhim Vi	25 mikrogram/0,5 ml	Injektionsvätska, lösning i förfylld spruta
Tyruko	300 mg	Koncentrat till infusionsvätska, lösning
Tysabri	150 mg	Injektionsvätska, lösning i förfylld spruta
Tysabri	300 mg	Koncentrat till infusionsvätska, lösning
Tyverb	250 mg	Filmdragerad tablett
Ucedane	200 mg	Dispergerbar tablett
Ulcerex	20 mg	Enterokapsel, hård
Ulcerex	40 mg	Enterokapsel, hård
Ultibro Breezhaler	85 mikrogram/43 mikrogram	Inhalationspulver, hård kapsel
Ultiva	1 mg	Pulver till koncentrat till injektions-/infusionsvätska, lösning
Ultiva	2 mg	Pulver till koncentrat till injektions-/infusionsvätska, lösning
Ultiva	5 mg	Pulver till koncentrat till injektions-/infusionsvätska, lösning
Ultomiris	300 mg/3 ml	Koncentrat till infusionsvätska, lösning
Ultomiris	1100 mg/11 ml	Koncentrat till infusionsvätska, lösning
Ultracortenol	5 mg/g	Ögonsalva
Umanbig	180 IE/ml	Injektionsvätska, lösning
Upstaza	280 miljarder vektorgenom/0,5 ml	Infusionsvätska, lösning
Uptravi	200 mikrogram	Filmdragerad tablett
Uptravi	400 mikrogram	Filmdragerad tablett
Uptravi	600 mikrogram	Filmdragerad tablett
Uptravi	800 mikrogram	Filmdragerad tablett
Uptravi	1000 mikrogram	Filmdragerad tablett
Uptravi	1200 mikrogram	Filmdragerad tablett
Uptravi	1400 mikrogram	Filmdragerad tablett
Uptravi	1600 mikrogram	Filmdragerad tablett
Urodynon		Dragerad tablett
Uromitexan	100 mg/ml	Injektionsvätska, lösning
Uromitexan	400 mg	Filmdragerad tablett
Uromitexan	600 mg	Filmdragerad tablett
Uromitexan (med konserveringsmedel)	100 mg/ml	Injektionsvätska, lösning
Ursofalk	50 mg/ml	Oral suspension
Ursofalk	250 mg	Kapsel, hård
Ursofalk	500 mg	Filmdragerad tablett
Ursogrix	250 mg	Kapsel, hård
Ursosan	500 mg	Filmdragerad tablett
Usymro	45 mg	Injektionsvätska, lösning i förfylld spruta
Usymro	90 mg	Injektionsvätska, lösning i förfylld spruta
Usymro	130 mg	Koncentrat till infusionsvätska, lösning
Utrogestan	100 mg	Kapsel, mjuk
Utrogestan	200 mg	Kapsel, mjuk
Utrogestan	200 mg	Vaginalkapsel, mjuk
Utrogestan	300 mg	Vaginalkapsel, mjuk
Utrogestan	400 mg	Vaginalkapsel, mjuk
Uvadex	20 mikrogram/ml	Lösning för modifiering av blodfraktion
UZPRUVO	45 mg	Injektionsvätska, lösning i förfylld spruta
UZPRUVO	90 mg	Injektionsvätska, lösning i förfylld spruta
VABYSMO	120 mg/ml	Injektionsvätska, lösning
VABYSMO	120 mg/ml	Injektionsvätska, lösning i förfylld spruta
Vagidonna	10 mikrogram	Vaginaltablett
Vagifem	10 mikrogram	Vaginaltablett
Vaginelle	0,5 mg/g	Vaginalkräm
Vagirux	10 mikrogram	Vaginaltablett
Valaciclovir Abacus Medicine	250 mg	Filmdragerad tablett
Valaciclovir Abacus Medicine	500 mg	Filmdragerad tablett
Valaciclovir Actavis	500 mg	Filmdragerad tablett
Valaciclovir Bluefish	500 mg	Filmdragerad tablett
Valaciclovir Orion	500 mg	Filmdragerad tablett
Valaciclovir Sandoz	250 mg	Filmdragerad tablett
Valaciclovir Sandoz	500 mg	Filmdragerad tablett
Valaciclovir Viatris	500 mg	Filmdragerad tablett
Valaciklovir Ebb	500 mg	Filmdragerad tablett
Valcyte	50 mg/ml	Pulver till oral lösning
Valdoxan	25 mg	Filmdragerad tablett
Valerina Forte		Filmdragerad tablett
Valganciclovir Abacus Medicine	450 mg	Filmdragerad tablett
Valganciclovir Accord	450 mg	Filmdragerad tablett
Valganciclovir Bluefish	450 mg	Filmdragerad tablett
Valganciclovir Medical Valley	450 mg	Filmdragerad tablett
Valganciclovir Orion	450 mg	Filmdragerad tablett
Valganciclovir Sandoz	450 mg	Filmdragerad tablett
Valganciclovir Teva	450 mg	Filmdragerad tablett
Valsartan Actavis	80 mg	Filmdragerad tablett
Valsartan Actavis	160 mg	Filmdragerad tablett
Valsartan Ebb	320 mg	Filmdragerad tablett
Valsartan Jubilant	80 mg	Filmdragerad tablett
Valsartan Jubilant	160 mg	Filmdragerad tablett
Valsartan Krka	40 mg	Filmdragerad tablett
Valsartan Krka	80 mg	Filmdragerad tablett
Valsartan Krka	160 mg	Filmdragerad tablett
Valsartan Krka	320 mg	Filmdragerad tablett
Valsartan Sandoz	40 mg	Filmdragerad tablett
Valsartan Sandoz	80 mg	Filmdragerad tablett
Valsartan Sandoz	160 mg	Filmdragerad tablett
Valsartan Sandoz	320 mg	Filmdragerad tablett
Valsartan/Hydrochlorothiazide 2care4	160 mg/25 mg	Filmdragerad tablett
Valsartan/Hydrochlorothiazide Krka	80 mg/12,5 mg	Filmdragerad tablett
Valsartan/Hydrochlorothiazide Krka	160 mg/12,5 mg	Filmdragerad tablett
Valsartan/Hydrochlorothiazide Krka	160 mg/25 mg	Filmdragerad tablett
Valsartan/Hydrochlorothiazide Krka	320 mg/12,5 mg	Filmdragerad tablett
Valsartan/Hydrochlorothiazide Krka	320 mg/25 mg	Filmdragerad tablett
Valsartan/Hydrochlorothiazide Sandoz	160 mg/12,5 mg	Filmdragerad tablett
Valsartan/Hydrochlorothiazide Sandoz	320 mg/25 mg	Filmdragerad tablett
Valsartan/Hydroklortiazid Abacus Medicine	160 mg/25 mg	Filmdragerad tablett
Valsartan/Hydroklortiazid Abacus Medicine	320 mg/12,5 mg	Filmdragerad tablett
Valsartan/Hydroklortiazid Abacus Medicine	320 mg/25 mg	Filmdragerad tablett
Valsartan/Hydroklortiazid Ebb	320 mg/12,5 mg	Filmdragerad tablett
Valsartan/Hydroklortiazid Jubilant	160 mg/12,5 mg	Filmdragerad tablett
Valsartan/Hydroklortiazid Jubilant	320 mg/25 mg	Filmdragerad tablett
Valsartore	40 mg	Filmdragerad tablett
Valsartore	80 mg	Filmdragerad tablett
Valsartore	160 mg	Filmdragerad tablett
Valsartore	320 mg	Filmdragerad tablett
Valsartore Comp	80 mg/12,5 mg	Filmdragerad tablett
Valsartore Comp	160 mg/12,5 mg	Filmdragerad tablett
Valsartore Comp	160 mg/25 mg	Filmdragerad tablett
Valtrex	250 mg	Filmdragerad tablett
Valtrex	500 mg	Filmdragerad tablett
Vamin 14 g N/l elektrolytfri		Infusionsvätska, lösning
Vamin 18 g N/l elektrolytfri		Infusionsvätska, lösning
Vaminolac		Infusionsvätska, lösning
Vancocin	125 mg	Kapsel, hård
Vancomycin hameln	500 mg	Pulver till koncentrat till infusionsvätska, lösning
Vancomycin hameln	1000 mg	Pulver till koncentrat till infusionsvätska, lösning
Vancomycin MIP	500 mg	Pulver till infusionsvätska, lösning
Vancomycin MIP	1000 mg	Pulver till infusionsvätska, lösning
Vancomycin Strides	125 mg	Kapsel, hård
Vancomycin Strides	250 mg	Kapsel, hård
Vancomycin Viatris	500 mg	Pulver till infusionsvätska, lösning
Vancomycin Viatris	1000 mg	Pulver till infusionsvätska, lösning
VANFLYTA	17,7 mg	Filmdragerad tablett
VANFLYTA	26,5 mg	Filmdragerad tablett
Vaniqa	11,5 %	Kräm
Vaqta	25 E	Injektionsvätska, suspension, förfylld spruta
Vaqta	50 E	Injektionsvätska, suspension, förfylld spruta
Vardenafil Krka	10 mg	Filmdragerad tablett
Vardenafil Krka	20 mg	Filmdragerad tablett
Vardenafil STADA	10 mg	Filmdragerad tablett
Vardenafil STADA	20 mg	Filmdragerad tablett
Varenicline Bluefish	0,5 mg	Filmdragerad tablett
Varenicline Bluefish	0,5 mg + 1 mg	Filmdragerad tablett
Varenicline Bluefish	1 mg	Filmdragerad tablett
Varenicline Glenmark	0,5 mg	Filmdragerad tablett
Varenicline Glenmark	1 mg	Filmdragerad tablett
Varenicline Orion	0,5 mg	Filmdragerad tablett
Varenicline Orion	0,5 mg + 1 mg	Filmdragerad tablett
Varenicline Orion	1 mg	Filmdragerad tablett
Varenicline Teva	0,5 mg	Filmdragerad tablett
Varenicline Teva	0,5 mg + 1 mg	Filmdragerad tablett
Varenicline Teva	1 mg	Filmdragerad tablett
Varenicline Zentiva	0,5 mg + 1 mg	Filmdragerad tablett
Varenicline Zentiva	1 mg	Filmdragerad tablett
Vargatef	100 mg	Kapsel, mjuk
Vargatef	150 mg	Kapsel, mjuk
Varilrix		Pulver och vätska till injektionsvätska, lösning
Varivax		Pulver och vätska till injektionsvätska, suspension
Vasokinox	800 ppm mol/mol	Medicinsk gas, komprimerad
Vatten för injektionsvätskor Noridem		Spädningsvätska för parenteral användning
Vaxchora		Pulver och bruspulver till oral suspension
Vaxigrip		Injektionsvätska, suspension, förfylld spruta
Vaxneuvance		Injektionsvätska, suspension, förfylld spruta
Vazkepa	998 mg	Kapsel, mjuk
Vectavir	1 %	Kräm
Vectibix	20 mg/ml	Koncentrat till infusionsvätska, lösning
Vedrop	50 mg/ml	Oral lösning
VEGZELMA	25 mg/ml	Koncentrat till infusionsvätska, lösning
Veklury	100 mg	Pulver till koncentrat till infusionsvätska, lösning
Velavel	75 mikrogram	Filmdragerad tablett
Velbe	10 mg	Pulver till injektionsvätska, lösning
VELCADE	3,5 mg	Pulver till injektionsvätska, lösning
Velphoro	500 mg	Tuggtablett
Velsipity	2 mg	Filmdragerad tablett
Veltassa	1,0 g	Pulver till oral suspension
Veltassa	8,4 g	Pulver till oral suspension
Veltassa	16,8 g	Pulver till oral suspension
Vemlidy	25 mg	Filmdragerad tablett
Venbig	50 IE/ml	Pulver och vätska till infusionsvätska, lösning
Venclyxto	10 mg	Filmdragerad tablett
Venclyxto	50 mg	Filmdragerad tablett
Venclyxto	100 mg	Filmdragerad tablett
Venlafaxin 1A Farma	37,5 mg	Depottablett
Venlafaxin 1A Farma	75 mg	Depottablett
Venlafaxin 1A Farma	150 mg	Depottablett
Venlafaxin 2care4	150 mg	Depotkapsel, hård
Venlafaxin Abacus Medicine	37,5 mg	Depotkapsel, hård
Venlafaxin Abacus Medicine	150 mg	Depotkapsel, hård
Venlafaxin Actavis	75 mg	Depotkapsel, hård
Venlafaxin Ebb	37,5 mg	Depotkapsel, hård
Venlafaxin Ebb	75 mg	Depotkapsel, hård
Venlafaxin Ebb	75 mg	Tablett
Venlafaxin Ebb	150 mg	Depotkapsel, hård
Venlafaxin Krka	37,5 mg	Depotkapsel, hård
Venlafaxin Krka	75 mg	Depotkapsel, hård
Venlafaxin Krka	150 mg	Depotkapsel, hård
Venlafaxin Medical Valley	37,5 mg	Depottablett
Venlafaxin Medical Valley	75 mg	Depottablett
Venlafaxin Medical Valley	150 mg	Depottablett
Venlafaxin Medical Valley	225 mg	Depottablett
Venlafaxin Medical Valley	300 mg	Depottablett
Venlafaxin Orion	37,5 mg	Depotkapsel, hård
Venlafaxin Orion	75 mg	Depotkapsel, hård
Venlafaxin Sandoz	37,5 mg	Depotkapsel, hård
Venlafaxin Sandoz	75 mg	Depotkapsel, hård
Venlafaxin Sandoz	75 mg	Tablett
Venlafaxin Sandoz	150 mg	Depotkapsel, hård
Venlafaxine Bluefish	37,5 mg	Depotkapsel, hård
Venlafaxine Bluefish	75 mg	Depotkapsel, hård
Venlafaxine Bluefish	150 mg	Depotkapsel, hård
Venlatab	75 mg	Tablett
Venofer	20 mg/ml	Injektionsvätska/koncentrat till infusionsvätska, lösning
Ventavis	10 mikrogram/ml	Lösning för nebulisator
Ventavis	20 mikrogram/ml	Lösning för nebulisator
Ventilastin Novolizer	100 mikrogram/dos	Inhalationspulver
Ventoline	0,4 mg/ml	Oral lösning
Ventoline	2 mg/ml	Lösning för nebulisator
Ventoline	5 mg/ml	Lösning för nebulisator
Ventoline Diskus	0,2 mg/dos	Inhalationspulver, avdelad dos
Ventoline Evohaler	0,1 mg/dos	Inhalationsspray, suspension
Veoza	45 mg	Filmdragerad tablett
Vepesid	50 mg	Kapsel, mjuk
Veramacor	2,5 mg/ml	Injektions-/infusionsvätska, lösning
Verdye	5 mg/ml	Pulver till injektionsvätska, lösning
Verkazia	1 mg/ml	Ögondroppar, emulsion i endosbehållare
Vermox	20 mg/ml	Oral suspension
Vermox	100 mg	Tablett
Verorab		Pulver och vätska till injektionsvätska, suspension
Verquvo	2,5 mg	Filmdragerad tablett
Verquvo	5 mg	Filmdragerad tablett
Verquvo	10 mg	Filmdragerad tablett
Verruxin	200 mg/200 mg	Kutan lösning
Versatis	700 mg	Medicinskt plåster
Verzenios	50 mg	Filmdragerad tablett
Verzenios	100 mg	Filmdragerad tablett
Verzenios	150 mg	Filmdragerad tablett
Vesicare	1 mg/ml	Oral suspension
Vesicare	5 mg	Filmdragerad tablett
Vesicare	10 mg	Filmdragerad tablett
Vesiculture	30 mg	Pulver till intravesikal suspension
Vevizye	1 mg/ml	Ögondroppar, lösning
VEYVONDI	650 IE	Pulver och vätska till injektionsvätska, lösning
VEYVONDI	1300 IE	Pulver och vätska till injektionsvätska, lösning
Vfend	40 mg/ml	Pulver till oral suspension
Vfend	200 mg	Pulver till infusionsvätska, lösning
Vi-Siblin	610 mg/g	Granulat i dospåse
Vi-Siblin S	880 mg/g	Granulat
Vi-Siblin S	880 mg/g	Granulat i dospåse
Viagra	25 mg	Filmdragerad tablett
Viagra	50 mg	Filmdragerad tablett
VIAGRA	50 mg	Munsönderfallande film
Viagra	100 mg	Filmdragerad tablett
Vialerg	10 mg	Filmdragerad tablett
Viant		Pulver till infusionsvätska, lösning
Victoza	6 mg/ml	Injektionsvätska, lösning i förfylld injektionspenna
Vidaza	25 mg/ml	Pulver till injektionsvätska, suspension
Vigamox	5 mg/ml	Ögondroppar, lösning
Vildagliptin Accord	50 mg	Tablett
Vildagliptin Krka	50 mg	Tablett
Vildagliptin STADA	50 mg	Tablett
Vildagliptin/Metformin hydrochloride Accord	50 mg/1000 mg	Filmdragerad tablett
Vildagliptin/Metformin Krka	50 mg/850 mg	Filmdragerad tablett
Vildagliptin/Metformin Krka	50 mg/1000 mg	Filmdragerad tablett
Vildagliptin/Metformin STADA	50 mg/850 mg	Filmdragerad tablett
Vildagliptin/Metformin STADA	50 mg/1000 mg	Filmdragerad tablett
VIMKUNYA	40 mikrogram/dos	Injektionsvätska, suspension, förfylld spruta
Vimovo	500 mg/20 mg	Tablett med modifierad frisättning
Vimpat	10 mg/ml	Infusionsvätska, lösning
Vimpat	10 mg/ml	Sirap
Vimpat	50 mg	Filmdragerad tablett
Vimpat	100 mg	Filmdragerad tablett
Vimpat	150 mg	Filmdragerad tablett
Vimpat	200 mg	Filmdragerad tablett
Vincristine Pfizer	1 mg/ml	Injektionsvätska, lösning
Vinelle	75 mikrogram	Tablett
Vinorelbine Accord	10 mg/ml	Koncentrat till infusionsvätska, lösning
Vinorelbine Accord	20 mg	Kapsel, mjuk
Vinorelbine Accord	30 mg	Kapsel, mjuk
Vinorelbine Accord	80 mg	Kapsel, mjuk
Vinorelbine medac	20 mg	Kapsel, mjuk
Vinorelbine medac	30 mg	Kapsel, mjuk
Vinorelbine medac	80 mg	Kapsel, mjuk
Vinorelbine Orifarm	20 mg	Kapsel, mjuk
Vinorelbine Orifarm	30 mg	Kapsel, mjuk
Vinorelbine Orifarm	80 mg	Kapsel, mjuk
Virafosc	24 mg/ml	Infusionsvätska, lösning
Viramune	50 mg/5 ml	Oral suspension
Viramune	400 mg	Depottablett
Viread	33 mg/g	Granulat
Viread	123 mg	Filmdragerad tablett
Viread	163 mg	Filmdragerad tablett
Viread	204 mg	Filmdragerad tablett
Viread	245 mg	Filmdragerad tablett
Virono	50 mg	Buckaltablett, häftande
Visanne	2 mg	Tablett
Viscotears	2 mg/g	Ögongel
Viscotears	2 mg/g	Ögongel i endosbehållare
Visipaque	270 mg I/ml	Injektionsvätska, lösning
Visipaque	320 mg I/ml	Injektionsvätska, lösning
VISTABEL	4 Allerganenheter/0,1 ml	Pulver till injektionsvätska, lösning
Vistaprep		Pulver till oral lösning
Visudyne	15 mg	Pulver till infusionsvätska, lösning
Vitalipid Adult		Koncentrat till infusionsvätska, emulsion
Vitalipid Infant		Koncentrat till infusionsvätska, emulsion
Vitaros	3 mg/g	Kräm
VITRAKVI	20 mg/ml (1000 mg/50 ml)	Oral lösning
VITRAKVI	25 mg	Kapsel, hård
VITRAKVI	100 mg	Kapsel, hård
Vivotif		Enterokapsel, hård
Vizarsin	100 mg	Filmdragerad tablett
Vizimpro	15 mg	Filmdragerad tablett
Vizimpro	30 mg	Filmdragerad tablett
Vizimpro	45 mg	Filmdragerad tablett
Vocabria	30 mg	Filmdragerad tablett
Vocabria	600 mg	Injektionsvätska, depotsuspension
Volibris	5 mg	Filmdragerad tablett
Volibris	10 mg	Filmdragerad tablett
Voltaren	11,6 mg/g	Gel
Voltaren	23,2 mg/g	Gel
Voltaren	25 mg	Suppositorium
Voltaren	25 mg/ml	Injektionsvätska, lösning
Voltaren	50 mg	Suppositorium
Voranigo	10 mg	Filmdragerad tablett
Voranigo	40 mg	Filmdragerad tablett
Voraxaze	1000 E	Pulver till injektionsvätska, lösning
Voriconazole Accord	50 mg	Filmdragerad tablett
Voriconazole Accord	200 mg	Filmdragerad tablett
Voriconazole Fresenius Kabi	200 mg	Pulver till infusionsvätska, lösning
Voriconazole hameln	200 mg	Pulver till infusionsvätska, lösning
Voriconazole Sandoz	200 mg	Filmdragerad tablett
Voriconazole Teva	50 mg	Filmdragerad tablett
Voriconazole Teva	200 mg	Filmdragerad tablett
Vorikonazol Ebb	200 mg	Filmdragerad tablett
Vosevi	400 mg/100 mg/100 mg	Filmdragerad tablett
Votrient	200 mg	Filmdragerad tablett
Votrient	400 mg	Filmdragerad tablett
Votubia	2 mg	Dispergerbar tablett
Votubia	2,5 mg	Tablett
Votubia	3 mg	Dispergerbar tablett
Votubia	5 mg	Dispergerbar tablett
Votubia	5 mg	Tablett
Votubia	10 mg	Tablett
Voxra	150 mg	Tablett med modifierad frisättning
Voxra	300 mg	Tablett med modifierad frisättning
Voxzogo	0,4 mg	Pulver och vätska till injektionsvätska, lösning
Voxzogo	0,56 mg	Pulver och vätska till injektionsvätska, lösning
Voxzogo	1,2 mg	Pulver och vätska till injektionsvätska, lösning
Voydeya	50 mg + 100 mg	Filmdragerad tablett
Voydeya	100 mg	Filmdragerad tablett
VPRIV	400 E	Pulver till infusionsvätska, lösning
Vueway	0,5 mmol/ml	Injektionsvätska, lösning
Vumerity	231 mg	Enterokapsel, hård
Vydura	75 mg	Frystorkad tablett
Vyepti	100 mg	Koncentrat till infusionsvätska, lösning
Vyloy	100 mg	Pulver till koncentrat till infusionsvätska, lösning
Vyloy	300 mg	Pulver till koncentrat till infusionsvätska, lösning
Vyndaqel	61 mg	Kapsel, mjuk
Vyxeos liposomal	44 mg/100 mg	Pulver till koncentrat till infusionsvätska, lösning
Wainzua	45 mg	Injektionsvätska, lösning i förfylld injektionspenna
Wakix	4,5 mg	Filmdragerad tablett
Wakix	18 mg	Filmdragerad tablett
Waran	2,5 mg	Tablett
Warfarin Orion	2,5 mg	Tablett
Wartec	0,15 %	Kräm
Wartec	5 mg/ml	Kutan lösning
Wegovy	1,5 mg	Tablett
Wegovy	4 mg	Tablett
Wegovy	7,2 mg	Injektionsvätska, lösning i förfylld injektionspenna
Wegovy	9 mg	Tablett
Wegovy Flex Touch	0,5 mg	Injektionsvätska, lösning i förfylld injektionspenna
Wegovy Flex Touch	0,5 mg (0,7 ml/dos)	Injektionsvätska, lösning i förfylld injektionspenna
Wegovy Flex Touch	0,25 mg	Injektionsvätska, lösning i förfylld injektionspenna
Wegovy Flex Touch	1 mg	Injektionsvätska, lösning i förfylld injektionspenna
Wegovy Flex Touch	1,7 mg	Injektionsvätska, lösning i förfylld injektionspenna
Wegovy Flex Touch	2,4 mg	Injektionsvätska, lösning i förfylld injektionspenna
Wellvone	150 mg/ml	Oral suspension
WEZENLA	45 mg	Injektionsvätska, lösning
WEZENLA	45 mg	Injektionsvätska, lösning i förfylld injektionspenna
WEZENLA	45 mg	Injektionsvätska, lösning i förfylld spruta
WEZENLA	90 mg	Injektionsvätska, lösning i förfylld injektionspenna
WEZENLA	90 mg	Injektionsvätska, lösning i förfylld spruta
WEZENLA	130 mg	Koncentrat till infusionsvätska, lösning
Wilate	500 IE VWF/500 IE FVIII	Pulver och vätska till injektionsvätska, lösning
Wilate	1000 IE VWF/1000 IE FVIII	Pulver och vätska till injektionsvätska, lösning
Wilzin	25 mg	Kapsel, hård
Wilzin	50 mg	Kapsel, hård
Winlevi	10 mg/g	Kräm
Winrevair	45 mg	Pulver och vätska till injektionsvätska, lösning
Winrevair	60 mg	Pulver och vätska till injektionsvätska, lösning
Wyost	120 mg	Injektionsvätska, lösning
Xabogard	50 mg Fe/ml	Injektions-/infusionsvätska, dispersion
Xadago	50 mg	Filmdragerad tablett
Xadago	100 mg	Filmdragerad tablett
Xalatan	50 mikrogram/ml	Ögondroppar, lösning
Xalcom	50 mikrogram/ml + 5 mg/ml	Ögondroppar, lösning
XALKORI	20 mg	Granulat i kapsel avsedd att öppnas
XALKORI	50 mg	Granulat i kapsel avsedd att öppnas
XALKORI	150 mg	Granulat i kapsel avsedd att öppnas
XALKORI	200 mg	Kapsel, hård
XALKORI	250 mg	Kapsel, hård
Xaluprine	20 mg/ml	Oral suspension
Xanor	0,5 mg	Tablett
Xanor	0,25 mg	Tablett
Xanor	1 mg	Tablett
Xanor	2 mg	Tablett
Xanor Depot	0,5 mg	Depottablett
Xanor Depot	1 mg	Depottablett
Xanor Depot	2 mg	Depottablett
Xarelto	1 mg/ml	Granulat till oral suspension
Xarelto	2,5 mg	Filmdragerad tablett
Xarelto	10 mg	Filmdragerad tablett
Xarelto	15 mg	Filmdragerad tablett
Xarelto	15 mg + 20 mg	Filmdragerad tablett
Xarelto	20 mg	Filmdragerad tablett
Xatabloc	50 mikrogram/ml + 5 mg/ml	Ögondroppar, lösning
Xbryk	120 mg	Injektionsvätska, lösning
XELJANZ	1 mg/ml	Oral lösning
XELJANZ	5 mg	Filmdragerad tablett
XELJANZ	10 mg	Filmdragerad tablett
XELJANZ	11 mg	Depottablett
Xeloda	500 mg	Filmdragerad tablett
Xembify	200 mg/ml	Injektionsvätska, lösning
Xenazine	25 mg	Tablett
Xenical	120 mg	Kapsel, hård
Xeomin	50 enheter	Pulver till injektionsvätska, lösning
Xeomin	100 enheter	Pulver till injektionsvätska, lösning
Xeomin	200 enheter	Pulver till injektionsvätska, lösning
Xeplion	50 mg	Injektionsvätska, depotsuspension
Xeplion	75 mg	Injektionsvätska, depotsuspension
Xeplion	100 mg	Injektionsvätska, depotsuspension
Xeplion	150 mg	Injektionsvätska, depotsuspension
Xerava	100 mg	Pulver till koncentrat till infusionsvätska, lösning
Xermelo	250 mg	Filmdragerad tablett
Xerodent	28,6 mg/0,25 mg	Sugtablett
XGEVA	120 mg	Injektionsvätska, lösning
XGEVA	120 mg	Injektionsvätska, lösning i förfylld spruta
Xifaxan	550 mg	Filmdragerad tablett
Xigduo	5 mg/850 mg	Filmdragerad tablett
Xigduo	5 mg/1000 mg	Filmdragerad tablett
Ximluci	10 mg/ml	Injektionsvätska, lösning
Xofigo	1100 kBq/ml	Injektionsvätska, lösning
Xofluza	40 mg	Filmdragerad tablett
Xofluza	80 mg	Filmdragerad tablett
Xolair	75 mg	Injektionsvätska, lösning i förfylld spruta
Xolair	150 mg	Injektionsvätska, lösning i förfylld spruta
Xolair	300 mg	Injektionsvätska, lösning i förfylld injektionspenna
Xonvea	10 mg/10 mg	Enterotablett
Xorox	30 mg/g	Ögonsalva
Xospata	40 mg	Filmdragerad tablett
Xtandi	40 mg	Filmdragerad tablett
Xultophy	100 E/ml + 3,6 mg/ml	Injektionsvätska, lösning
Xyd	40 mg/g	Kutan spray, gel
Xydalba	500 mg	Pulver till koncentrat till infusionsvätska, lösning
Xylocain	5 %	Salva
Xylocain	10 mg/ml	Injektionsvätska, lösning
Xylocain	20 mg/g	Gel
Xylocain	20 mg/ml	Injektionsvätska, lösning
Xylocain	100 mg/ml	Kutan spray, lösning
Xylocain adrenalin	10 mg/ml + 5 mikrogram/ml	Injektionsvätska, lösning
Xylocain Dental Adrenalin	20 mg/ml + 12,5 mikrogram/ml	Injektionsvätska, lösning
Xylocain utan konserveringsmedel	10 mg/ml	Injektionsvätska, lösning
Xylocain utan konserveringsmedel	20 mg/g	Gel
Xylocard	20 mg/ml	Injektionsvätska, lösning
Xylometazolin ABECE utan konserveringsmedel	0,5 mg/ml	Nässpray, lösning
Xylometazolin ABECE utan konserveringsmedel	1 mg/ml	Nässpray, lösning
Xylometazolin Punkt utan konserveringsmedel	0,5 mg/ml	Nässpray, lösning
Xylometazolin Punkt utan konserveringsmedel	1 mg/ml	Nässpray, lösning
Xyloproct		Rektalsalva
Xyloproct		Suppositorium
Xyrem	500 mg/ml	Oral lösning
Xytrina	0,2 mg/ml	Koncentrat till infusionsvätska, lösning
Yanatawa	20 mg	Filmdragerad tablett
Yargesa	100 mg	Kapsel, hård
Yasmin	0,03 mg/3 mg	Filmdragerad tablett
Yasmin 28	0,03 mg/3 mg	Filmdragerad tablett
Yasminelle	0,02 mg/3 mg	Filmdragerad tablett
Yaz	0,02 mg/3 mg	Filmdragerad tablett
Yellox	0,9 mg/ml	Ögondroppar, lösning
YERVOY	5 mg/ml	Koncentrat till infusionsvätska, lösning
YESCARTA		Infusionsvätska, dispersion
Yesintek	45 mg	Injektionsvätska, lösning i förfylld spruta
Yesintek	90 mg	Injektionsvätska, lösning i förfylld injektionspenna
Yesintek	90 mg	Injektionsvätska, lösning i förfylld spruta
Yomesan	500 mg	Tuggtablett
Yondelis	0,25 mg	Pulver till koncentrat till infusionsvätska, lösning
Yondelis	1 mg	Pulver till koncentrat till infusionsvätska, lösning
Yuflyma	40 mg	Injektionsvätska, lösning i förfylld injektionspenna
Yuflyma	80 mg	Injektionsvätska, lösning i förfylld injektionspenna
Yuvanci	10 mg/40 mg	Filmdragerad tablett
ZADENVI	60 mg	Injektionsvätska, lösning i förfylld spruta
Zaditen	0,25 mg/ml	Ögondroppar, lösning
Zaditen	0,25 mg/ml	Ögondroppar, lösning i endosbehållare
Zalasta	2,5 mg	Tablett
Zalasta	5 mg	Munsönderfallande tablett
Zalasta	5 mg	Tablett
Zalasta	7,5 mg	Tablett
Zalasta	10 mg	Munsönderfallande tablett
Zalasta	10 mg	Tablett
Zalasta	15 mg	Munsönderfallande tablett
Zalasta	15 mg	Tablett
Zalasta	20 mg	Munsönderfallande tablett
Zalasta	20 mg	Tablett
Zanidip	10 mg	Filmdragerad tablett
Zanidip	20 mg	Filmdragerad tablett
Zanosar	1 g	Pulver till koncentrat till infusionsvätska, lösning
Zarzio	30 ME/0,5 ml	Injektionsvätska, lösning i förfylld spruta
Zarzio	48 ME/0,5 ml	Injektionsvätska, lösning i förfylld spruta
Zavedos		Pulver till injektionsvätska, lösning
Zavesca	100 mg	Kapsel, hård
Zavicefta	2 g/0,5 g	Pulver till koncentrat till infusionsvätska, lösning
Zebinix	200 mg	Tablett
Zebinix	800 mg	Tablett
Zeffix	100 mg	Filmdragerad tablett
Zejula	100 mg	Filmdragerad tablett
Zejula	100 mg	Kapsel, hård
Zelboraf	240 mg	Filmdragerad tablett
Zeltacin	100 mg/ml	Injektions-/infusionsvätska, lösning
ZEPATIER	50 mg/100 mg	Filmdragerad tablett
Zeposia	0,23 mg + 0,46 mg	Kapsel, hård
Zeposia	0,92 mg	Kapsel, hård
Zeqmelit	4 mg	Munsönderfallande film
Zeqmelit	6 mg	Munsönderfallande film
Zeqmelit	8 mg	Munsönderfallande film
Zerbaxa	1 g/0,5 g	Pulver till koncentrat till infusionsvätska, lösning
Zercepac	60 mg	Pulver till koncentrat till infusionsvätska, lösning
Zercepac	150 mg	Pulver till koncentrat till infusionsvätska, lösning
Zercepac	420 mg	Pulver till koncentrat till infusionsvätska, lösning
Zerlinda	4 mg/100 ml	Infusionsvätska, lösning
ZESSLY	100 mg	Pulver till koncentrat till infusionsvätska, lösning
Zestril	20 mg	Tablett
Zevtera	500 mg	Pulver till koncentrat till infusionsvätska, lösning
Ziagen	20 mg/ml	Oral lösning
Ziagen	300 mg	Filmdragerad tablett
Zidoval	7,5 mg/g	Vaginalgel
Ziextenzo	6 mg	Injektionsvätska, lösning i förfylld spruta
Ziihera	300 mg	Pulver till koncentrat till infusionsvätska, lösning
Zinacef	1,5 g	Pulver till injektions-/infusionsvätska, lösning
Zinacef	750 mg	Pulver till injektions-/infusionsvätska, lösning
Zinforo	600 mg	Pulver till koncentrat till infusionsvätska, lösning
Ziprasidon 2care4	20 mg	Kapsel, hård
Ziprasidon Abacus Medicine	40 mg	Kapsel, hård
Ziprasidon Actavis	40 mg	Kapsel, hård
Ziprasidon Ebb	20 mg	Kapsel, hård
Ziprasidon Ebb	40 mg	Kapsel, hård
Ziprasidon Krka	20 mg	Kapsel, hård
Ziprasidon Krka	40 mg	Kapsel, hård
Ziprasidon Krka	60 mg	Kapsel, hård
Ziprasidon Krka	80 mg	Kapsel, hård
Ziprasidon STADA	20 mg	Kapsel, hård
Ziprasidon STADA	40 mg	Kapsel, hård
Ziprasidon STADA	60 mg	Kapsel, hård
Ziprasidon STADA	80 mg	Kapsel, hård
Ziprasidone Sandoz	20 mg	Kapsel, hård
Ziprasidone Sandoz	40 mg	Kapsel, hård
Zipzoc Salvstrumpa		Salvstrumpa
Zirabev	25 mg/ml	Koncentrat till infusionsvätska, lösning
Zocord	20 mg	Filmdragerad tablett
Zoely	2,5 mg/1,5 mg	Filmdragerad tablett
Zofran	4 mg	Filmdragerad tablett
Zofran	8 mg	Filmdragerad tablett
Zofran munlöslig	4 mg	Frystorkad tablett
Zofran munlöslig	8 mg	Frystorkad tablett
Zoladex	3,6 mg	Implantat i förfylld spruta
Zoladex	10,8 mg	Implantat i förfylld spruta
Zolbrym	10 mg/ml + 2 mg/ml	Ögondroppar, suspension
Zoledronic Acid Accord	4 mg/5 ml	Koncentrat till infusionsvätska, lösning
Zoledronic Acid Fresenius Kabi	4 mg/5 ml	Koncentrat till infusionsvätska, lösning
Zoledronic acid Mylan	4 mg/5 ml	Koncentrat till infusionsvätska, lösning
Zoledronic acid Oresund Pharma	4 mg/100 ml	Infusionsvätska, lösning
Zoledronic acid Oresund Pharma	5 mg/100 ml	Infusionsvätska, lösning
Zoledronic acid SUN Pharma	5 mg/100 ml	Infusionsvätska, lösning
Zoledronic Acid Teva	4 mg/5 ml	Koncentrat till infusionsvätska, lösning
Zoledronsyra Abacus Medicine	4 mg/5 ml	Koncentrat till infusionsvätska, lösning
Zoledronsyra STADA	4 mg/5 ml	Koncentrat till infusionsvätska, lösning
Zoledronsyra STADA	4 mg/100 ml	Infusionsvätska, lösning
Zolestad	5 mg/100 ml	Infusionsvätska, lösning
Zolgensma	2 x 10E13 vektorgenom/ml	Infusionsvätska, lösning
Zolmitriptan Abacus Medicine	5 mg	Munsönderfallande tablett
Zolmitriptan Abacus Medicine	5 mg	Tablett
Zolmitriptan Ebb	5 mg	Munsönderfallande tablett
Zolmitriptan Jubilant	2,5 mg	Filmdragerad tablett
Zolmitriptan Jubilant	5 mg	Filmdragerad tablett
Zolmitriptan STADA	2,5 mg	Munsönderfallande tablett
Zolmitriptan STADA	2,5 mg	Tablett
Zolmitriptan STADA	5 mg	Munsönderfallande tablett
Zolmitriptan STADA	5 mg	Tablett
Zoloft	20 mg/ml	Koncentrat till oral lösning
Zoloft	25 mg	Filmdragerad tablett
Zoloft	50 mg	Filmdragerad tablett
Zoloft	100 mg	Filmdragerad tablett
Zolpidem HEXAL	10 mg	Filmdragerad tablett
Zolpidem Orifarm	5 mg	Filmdragerad tablett
Zolpidem Orifarm	10 mg	Filmdragerad tablett
Zolpidem ratiopharm	5 mg	Filmdragerad tablett
Zolpidem ratiopharm	10 mg	Filmdragerad tablett
Zolpidem Sandoz	5 mg	Filmdragerad tablett
Zolpidem Sandoz	10 mg	Filmdragerad tablett
Zolpidem STADA	5 mg	Filmdragerad tablett
Zolpidem STADA	10 mg	Filmdragerad tablett
Zolsketil pegylated liposomal	2 mg/ml	Koncentrat till infusionsvätska, dispersion
Zometa	4 mg/5 ml	Koncentrat till infusionsvätska, lösning
Zomig	2,5 mg	Filmdragerad tablett
Zomig	5 mg	Filmdragerad tablett
Zomig Nasal	2,5 mg/dos	Nässpray, lösning
Zomig Nasal	5 mg/dos	Nässpray, lösning
Zomig Rapimelt	5 mg	Munsönderfallande tablett
Zomylac	80 mg/ml + 16 mg/ml	Koncentrat till infusionsvätska, lösning
Zonegran	25 mg	Kapsel, hård
Zonegran	50 mg	Kapsel, hård
Zonegran	100 mg	Kapsel, hård
Zonisamide 1A Farma	100 mg	Kapsel, hård
Zonnic Mint	2 mg	Munhålepåse
Zonnic Mint	4 mg	Munhålepåse
Zonnic Pepparmint	1 mg/spray	Munhålespray
Zopiclon Stada	7,5 mg	Filmdragerad tablett
Zopiclone Grindeks	5 mg	Filmdragerad tablett
Zopiclone Grindeks	7,5 mg	Filmdragerad tablett
Zopiclone Jubilant	7,5 mg	Filmdragerad tablett
Zopiclone Orion	7,5 mg	Filmdragerad tablett
Zopiklon Evolan	5 mg	Filmdragerad tablett
Zopiklon Evolan	7,5 mg	Filmdragerad tablett
Zopiklon Pilum	5 mg	Filmdragerad tablett
Zopiklon Pilum	7,5 mg	Filmdragerad tablett
Zoviduo	50 mg/g + 10 mg/g	Kräm
Zovirax	5 %	Kräm
Zovirax	40 mg/ml	Oral suspension
Zovirax	80 mg/ml	Oral suspension
Zoxilid	600 mg	Filmdragerad tablett
Zubsolv	1,4 mg/0,36 mg	Resoriblett, sublingual
Zubsolv	2,9 mg/0,71 mg	Resoriblett, sublingual
Zubsolv	5,7 mg/1,4 mg	Resoriblett, sublingual
Zubsolv	8,6 mg/2,1 mg	Resoriblett, sublingual
Zubsolv	11,4 mg/2,9 mg	Resoriblett, sublingual
Zutectra	500 IE	Injektionsvätska, lösning i förfylld spruta
Zyban	150 mg	Depottablett
Zyclara	3,75 %	Kräm
Zydelig	100 mg	Filmdragerad tablett
Zydelig	150 mg	Filmdragerad tablett
Zykadia	150 mg	Filmdragerad tablett
Zykadia	150 mg	Kapsel, hård
ZYNYZ	500 mg	Koncentrat till infusionsvätska, lösning
ZYPADHERA	210 mg	Pulver och vätska till injektionsvätska, depotsuspension
ZYPADHERA	300 mg	Pulver och vätska till injektionsvätska, depotsuspension
ZYPADHERA	405 mg	Pulver och vätska till injektionsvätska, depotsuspension
Zyprexa	2,5 mg	Dragerad tablett
Zyprexa	5 mg	Dragerad tablett
Zyprexa	7,5 mg	Dragerad tablett
Zyprexa	10 mg	Dragerad tablett
Zyprexa	10 mg	Pulver till injektionsvätska, lösning
Zyprexa Velotab	5 mg	Frystorkad tablett
Zyprexa Velotab	10 mg	Frystorkad tablett
Zyprexa Velotab	15 mg	Frystorkad tablett
Zyprexa Velotab	20 mg	Frystorkad tablett
Zyrlex	10 mg	Filmdragerad tablett
Zyrona	2 mg/35 mikrogram	Dragerad tablett
ZYTIGA	500 mg	Filmdragerad tablett
Zyvoxid	2 mg/ml	Infusionsvätska, lösning
Zyvoxid	20 mg/ml	Granulat till oral suspension
Zyvoxid	600 mg	Filmdragerad tablett
Zyx apelsin & honung	3 mg	Sugtablett
Zyx citron	3 mg	Sugtablett
Zyx eukalyptus	3 mg	Sugtablett
Zyx mint	3 mg	Sugtablett
